user_id,password,role,display_name,email,phone,notes_or_context
admin,admin123,admin,System Administrator,admin@univ.edu,+91 9800000001,Admin Account — Chief IT & Campus Systems Officer
dean_academics,Dean@2026,admin,Dr. M. Srinivasa Murthy,dean.academics@univ.edu,+91 9800000002,Admin Account — Dean of Academic Affairs
coe_admin,ExamAdmin@2026,admin,Dr. T. Hemalatha,coe@univ.edu,+91 9800000003,Admin Account — Controller of Examinations
FAC101,Sharma@2026,faculty,Dr. Rajeshwar Sharma,r.sharma@univ.edu,+91 9848011221,"Faculty (Prof & Head, CSE) — Subjects: CS201, CS202"
FAC102,Ananya@2026,faculty,Dr. Ananya Mukhopadhyay,a.mukherjee@univ.edu,+91 9848011222,"Faculty (Associate Prof, CSE) — Subjects: CS201, CS203"
FAC103,Venkat@2026,faculty,Prof. K. Venkatesh Rao,k.venkatesh@univ.edu,+91 9848011223,"Faculty (Assistant Prof, CSE) — Subjects: CS202, CS204"
FAC104,Preethi@2026,faculty,Dr. Preethi Sundaram,p.sundaram@univ.edu,+91 9848011224,"Faculty (Associate Prof, Math) — Subjects: MA201"
FAC105,Ranga@2026,faculty,Prof. S. Ranganathan,s.rangan@univ.edu,+91 9848011225,"Faculty (Assistant Prof, CSE) — Subjects: CS203, CS204"
FAC106,Kavita@2026,faculty,Dr. Kavita Joshi,k.joshi@univ.edu,+91 9848011226,"Faculty (Assistant Prof, AI&DS) — Subjects: AI201, CS201"
FAC107,Verma@2026,faculty,Prof. Amit Verma,a.verma@univ.edu,+91 9848011227,"Faculty (Assistant Prof, IT) — Subjects: CS202, CS203"
FAC108,Sunita@2026,faculty,Dr. Sunita Deshmukh,s.deshmukh@univ.edu,+91 9848011228,"Faculty (Professor, ECE) — Subjects: EC201, EC202"
FAC109,Nagesh@2026,faculty,Prof. G. Nageshwar Rao,g.nageshwar@univ.edu,+91 9848011229,"Faculty (Assistant Prof, CSE) — Subjects: CS201, CS204"
FAC110,Radhika@2026,faculty,Dr. B. Radhika Reddy,b.radhika@univ.edu,+91 9848011230,"Faculty (Associate Prof, CSE) — Subjects: CS202, MA201"
MEN201,Mentor@2026,mentor,Dr. Snehalatha Devi,s.devi.counselor@univ.edu,+91 9700011101,"Mentor (Lead Academic Counselor) — Focus: CS201, CS202, MA201"
MEN202,Vikram@2026,mentor,Prof. Vikramaditya Sen,v.sen.mentor@univ.edu,+91 9700011102,"Mentor (Faculty Mentor & Advisor) — Focus: CS201, CS203"
MEN203,Gayatri@2026,mentor,Dr. M. Gayatri Rao,m.gayatri@univ.edu,+91 9700011103,"Mentor (Retention & Remedial Mentor) — Focus: MA201, CS204"
MEN204,Sandeep@2026,mentor,Prof. Sandeep Kulkarni,s.kulkarni@univ.edu,+91 9700011104,"Mentor (Student Career Mentor) — Focus: CS202, CS204"
MEN205,Shobha@2026,mentor,Dr. P. Shobha Rani,p.shobha@univ.edu,+91 9700011105,"Mentor (First-Generation Scholar Mentor) — Focus: CS201, MA201"
24IT0001,Sneha@0001,student,Sneha Das,sneha.das.24it0001@univ.edu,+91 9249817734,B.Tech IT 2nd Year | Risk: 54% | Attd: 55%
23IT0002,Arjun@0002,student,Arjun Yadav,arjun.yadav.23it0002@univ.edu,+91 9453778756,B.Tech IT 3rd Year | Risk: 31% | Attd: 69%
24EC0003,Varun@0003,student,Varun Menon,varun.menon.24ec0003@univ.edu,+91 9493303705,B.Tech ECE 2nd Year | Risk: 30% | Attd: 74%
23EE0004,Akash@0004,student,Akash Gupta,akash.gupta.23ee0004@univ.edu,+91 9830075810,B.Tech EEE 3rd Year | Risk: 19% | Attd: 81%
23CS0005,Rohan@0005,student,Rohan Deshmukh,rohan.deshmukh.23cs0005@univ.edu,+91 9733953718,B.Tech CSE 3rd Year | Risk: 30% | Attd: 74%
24EE0006,Soundarya@0006,student,Soundarya Chowdary,soundarya.chowdary.24ee0006@univ.edu,+91 9245938494,B.Tech EEE 2nd Year | Risk: 29% | Attd: 77%
24EC0007,Lavanya@0007,student,Lavanya Agarwal,lavanya.agarwal.24ec0007@univ.edu,+91 9284412919,B.Tech ECE 2nd Year | Risk: 27% | Attd: 76%
23EC0008,Tanmay@0008,student,Tanmay Dubey,tanmay.dubey.23ec0008@univ.edu,+91 9924602213,B.Tech ECE 3rd Year | Risk: 32% | Attd: 71%
24EE0009,Gautam@0009,student,Gautam Jain,gautam.jain.24ee0009@univ.edu,+91 9924255163,B.Tech EEE 2nd Year | Risk: 9% | Attd: 95%
23EC0010,Shreya@0010,student,Shreya Dubey,shreya.dubey.23ec0010@univ.edu,+91 9818150683,B.Tech ECE 3rd Year | Risk: 29% | Attd: 69%
24EE0011,Vikram@0011,student,Vikram Banerjee,vikram.banerjee.24ee0011@univ.edu,+91 9348059918,B.Tech EEE 2nd Year | Risk: 4% | Attd: 95%
24EC0012,Hemanth@0012,student,Hemanth Pillai,hemanth.pillai.24ec0012@univ.edu,+91 9816690353,B.Tech ECE 2nd Year | Risk: 15% | Attd: 81%
24AI0013,Karthik@0013,student,Karthik Kumar,karthik.kumar.24ai0013@univ.edu,+91 9765523129,B.Tech AI&DS 2nd Year | Risk: 11% | Attd: 85%
23EE0014,Vishal@0014,student,Vishal Shah,vishal.shah.23ee0014@univ.edu,+91 9236456621,B.Tech EEE 3rd Year | Risk: 54% | Attd: 42%
24CS0015,Sai@0015,student,Sai Deshmukh,sai.deshmukh.24cs0015@univ.edu,+91 9947451608,B.Tech CSE 2nd Year | Risk: 30% | Attd: 76%
23AI0016,Megha@0016,student,Megha Kulkarni,megha.kulkarni.23ai0016@univ.edu,+91 9927537643,B.Tech AI&DS 3rd Year | Risk: 11% | Attd: 90%
23AI0017,Deepika@0017,student,Deepika Verma,deepika.verma.23ai0017@univ.edu,+91 9496743109,B.Tech AI&DS 3rd Year | Risk: 31% | Attd: 76%
24EE0018,Rahul@0018,student,Rahul Shah,rahul.shah.24ee0018@univ.edu,+91 9516854671,B.Tech EEE 2nd Year | Risk: 14% | Attd: 86%
23IT0019,Suraj@0019,student,Suraj Verma,suraj.verma.23it0019@univ.edu,+91 9710678904,B.Tech IT 3rd Year | Risk: 10% | Attd: 93%
24EC0020,Ishita@0020,student,Ishita Joshi,ishita.joshi.24ec0020@univ.edu,+91 9539931481,B.Tech ECE 2nd Year | Risk: 51% | Attd: 52%
22CS0021,Ankita@0021,student,Ankita Chowdary,ankita.chowdary.22cs0021@univ.edu,+91 9264371717,B.Tech CSE 4th Year | Risk: 11% | Attd: 86%
23CS0022,Pooja@0022,student,Pooja Roy,pooja.roy.23cs0022@univ.edu,+91 9256287095,B.Tech CSE 3rd Year | Risk: 14% | Attd: 87%
23AI0023,Karthik@0023,student,Karthik Banerjee,karthik.banerjee.23ai0023@univ.edu,+91 9577280546,B.Tech AI&DS 3rd Year | Risk: 7% | Attd: 97%
24EC0024,Gopi@0024,student,Gopi Kumar,gopi.kumar.24ec0024@univ.edu,+91 9717112652,B.Tech ECE 2nd Year | Risk: 25% | Attd: 77%
23IT0025,Harini@0025,student,Harini Nair,harini.nair.23it0025@univ.edu,+91 9738194420,B.Tech IT 3rd Year | Risk: 28% | Attd: 73%
23AI0026,Anushka@0026,student,Anushka Pandey,anushka.pandey.23ai0026@univ.edu,+91 9684095277,B.Tech AI&DS 3rd Year | Risk: 20% | Attd: 80%
23EE0027,Tanvi@0027,student,Tanvi Shah,tanvi.shah.23ee0027@univ.edu,+91 9896139578,B.Tech EEE 3rd Year | Risk: 41% | Attd: 64%
24AI0028,Tanmay@0028,student,Tanmay Singh,tanmay.singh.24ai0028@univ.edu,+91 9732363533,B.Tech AI&DS 2nd Year | Risk: 13% | Attd: 80%
23EE0029,Vikram@0029,student,Vikram Shetty,vikram.shetty.23ee0029@univ.edu,+91 9192587044,B.Tech EEE 3rd Year | Risk: 13% | Attd: 84%
23IT0030,Bhavana@0030,student,Bhavana Mehta,bhavana.mehta.23it0030@univ.edu,+91 9375442872,B.Tech IT 3rd Year | Risk: 11% | Attd: 94%
22CS0031,Siddharth@0031,student,Siddharth Deshmukh,siddharth.deshmukh.22cs0031@univ.edu,+91 9688785773,B.Tech CSE 4th Year | Risk: 29% | Attd: 70%
24CS0032,Shreyas@0032,student,Shreyas Hegde,shreyas.hegde.24cs0032@univ.edu,+91 9466609283,B.Tech CSE 2nd Year | Risk: 13% | Attd: 87%
24EE0033,Sanjay@0033,student,Sanjay Jain,sanjay.jain.24ee0033@univ.edu,+91 9772482077,B.Tech EEE 2nd Year | Risk: 28% | Attd: 75%
24AI0034,Swati@0034,student,Swati Pillai,swati.pillai.24ai0034@univ.edu,+91 9332091877,B.Tech AI&DS 2nd Year | Risk: 29% | Attd: 70%
24EC0035,Lavanya@0035,student,Lavanya Agarwal,lavanya.agarwal.24ec0035@univ.edu,+91 9436019893,B.Tech ECE 2nd Year | Risk: 13% | Attd: 84%
24EC0036,Aarav@0036,student,Aarav Banerjee,aarav.banerjee.24ec0036@univ.edu,+91 9548868899,B.Tech ECE 2nd Year | Risk: 11% | Attd: 93%
23EC0037,Gautam@0037,student,Gautam Gupta,gautam.gupta.23ec0037@univ.edu,+91 9510173760,B.Tech ECE 3rd Year | Risk: 33% | Attd: 72%
24AI0038,Divya@0038,student,Divya Kapoor,divya.kapoor.24ai0038@univ.edu,+91 9835822550,B.Tech AI&DS 2nd Year | Risk: 32% | Attd: 71%
24AI0039,Naveen@0039,student,Naveen Tripathi,naveen.tripathi.24ai0039@univ.edu,+91 9639362057,B.Tech AI&DS 2nd Year | Risk: 7% | Attd: 93%
23EE0040,Prakash@0040,student,Prakash Roy,prakash.roy.23ee0040@univ.edu,+91 9901795907,B.Tech EEE 3rd Year | Risk: 11% | Attd: 94%
23IT0041,Ankita@0041,student,Ankita Saxena,ankita.saxena.23it0041@univ.edu,+91 9148578017,B.Tech IT 3rd Year | Risk: 28% | Attd: 74%
24IT0042,Akash@0042,student,Akash Singh,akash.singh.24it0042@univ.edu,+91 9418197538,B.Tech IT 2nd Year | Risk: 13% | Attd: 92%
23EE0043,Rashmi@0043,student,Rashmi Patel,rashmi.patel.23ee0043@univ.edu,+91 9802638839,B.Tech EEE 3rd Year | Risk: 26% | Attd: 75%
24AI0044,Soundarya@0044,student,Soundarya Deshmukh,soundarya.deshmukh.24ai0044@univ.edu,+91 9777583839,B.Tech AI&DS 2nd Year | Risk: 45% | Attd: 52%
24EE0045,Lokesh@0045,student,Lokesh Kumar,lokesh.kumar.24ee0045@univ.edu,+91 9930774552,B.Tech EEE 2nd Year | Risk: 15% | Attd: 81%
23AI0046,Sai@0046,student,Sai Bose,sai.bose.23ai0046@univ.edu,+91 9896478772,B.Tech AI&DS 3rd Year | Risk: 28% | Attd: 75%
23CS0047,Arjun@0047,student,Arjun Dubey,arjun.dubey.23cs0047@univ.edu,+91 9667154083,B.Tech CSE 3rd Year | Risk: 17% | Attd: 86%
22CS0048,Karthik@0048,student,Karthik Malhotra,karthik.malhotra.22cs0048@univ.edu,+91 9835147672,B.Tech CSE 4th Year | Risk: 15% | Attd: 84%
24EE0049,Harini@0049,student,Harini Nair,harini.nair.24ee0049@univ.edu,+91 9748605284,B.Tech EEE 2nd Year | Risk: 32% | Attd: 72%
24EE0050,Soundarya@0050,student,Soundarya Iyer,soundarya.iyer.24ee0050@univ.edu,+91 9013585139,B.Tech EEE 2nd Year | Risk: 15% | Attd: 81%
23AI0051,Ritika@0051,student,Ritika Nair,ritika.nair.23ai0051@univ.edu,+91 9661330848,B.Tech AI&DS 3rd Year | Risk: 6% | Attd: 95%
23AI0052,Shalini@0052,student,Shalini Malhotra,shalini.malhotra.23ai0052@univ.edu,+91 9946644279,B.Tech AI&DS 3rd Year | Risk: 30% | Attd: 72%
23EE0053,Lokesh@0053,student,Lokesh Sinha,lokesh.sinha.23ee0053@univ.edu,+91 9856665975,B.Tech EEE 3rd Year | Risk: 13% | Attd: 84%
24EC0054,Srikanth@0054,student,Srikanth Naidu,srikanth.naidu.24ec0054@univ.edu,+91 9511201082,B.Tech ECE 2nd Year | Risk: 29% | Attd: 75%
24CS0055,Ritika@0055,student,Ritika Shah,ritika.shah.24cs0055@univ.edu,+91 9508159580,B.Tech CSE 2nd Year | Risk: 11% | Attd: 88%
23EE0056,Pallavi@0056,student,Pallavi Jain,pallavi.jain.23ee0056@univ.edu,+91 9128370927,B.Tech EEE 3rd Year | Risk: 32% | Attd: 72%
23IT0057,Meera@0057,student,Meera Joshi,meera.joshi.23it0057@univ.edu,+91 9244258191,B.Tech IT 3rd Year | Risk: 12% | Attd: 82%
24EE0058,Tarun@0058,student,Tarun Reddy,tarun.reddy.24ee0058@univ.edu,+91 9110152642,B.Tech EEE 2nd Year | Risk: 12% | Attd: 83%
23AI0059,Archana@0059,student,Archana Chatterjee,archana.chatterjee.23ai0059@univ.edu,+91 9122500131,B.Tech AI&DS 3rd Year | Risk: 8% | Attd: 87%
22CS0060,Aditi@0060,student,Aditi Saxena,aditi.saxena.22cs0060@univ.edu,+91 9127186396,B.Tech CSE 4th Year | Risk: 27% | Attd: 78%
24EE0061,Simran@0061,student,Simran Naidu,simran.naidu.24ee0061@univ.edu,+91 9460452529,B.Tech EEE 2nd Year | Risk: 9% | Attd: 93%
24EE0062,Samar@0062,student,Samar Verma,samar.verma.24ee0062@univ.edu,+91 9080600295,B.Tech EEE 2nd Year | Risk: 33% | Attd: 70%
23EE0063,Ajay@0063,student,Ajay Shah,ajay.shah.23ee0063@univ.edu,+91 9738073939,B.Tech EEE 3rd Year | Risk: 27% | Attd: 73%
23IT0064,Gopi@0064,student,Gopi Ghosh,gopi.ghosh.23it0064@univ.edu,+91 9064035859,B.Tech IT 3rd Year | Risk: 12% | Attd: 87%
23EE0065,Tarun@0065,student,Tarun Naidu,tarun.naidu.23ee0065@univ.edu,+91 9579800791,B.Tech EEE 3rd Year | Risk: 6% | Attd: 91%
23CS0066,Rohan@0066,student,Rohan Naidu,rohan.naidu.23cs0066@univ.edu,+91 9022275263,B.Tech CSE 3rd Year | Risk: 29% | Attd: 70%
24CS0067,Samyuktha@0067,student,Samyuktha Sinha,samyuktha.sinha.24cs0067@univ.edu,+91 9681594897,B.Tech CSE 2nd Year | Risk: 9% | Attd: 84%
23EC0068,Kavya@0068,student,Kavya Malhotra,kavya.malhotra.23ec0068@univ.edu,+91 9309471503,B.Tech ECE 3rd Year | Risk: 11% | Attd: 89%
23CS0069,Aditi@0069,student,Aditi Yadav,aditi.yadav.23cs0069@univ.edu,+91 9933476226,B.Tech CSE 3rd Year | Risk: 29% | Attd: 75%
23IT0070,Ajay@0070,student,Ajay Verma,ajay.verma.23it0070@univ.edu,+91 9996081045,B.Tech IT 3rd Year | Risk: 16% | Attd: 85%
22CS0071,Kunal@0071,student,Kunal Iyer,kunal.iyer.22cs0071@univ.edu,+91 9903452470,B.Tech CSE 4th Year | Risk: 32% | Attd: 69%
23IT0072,Vaishnavi@0072,student,Vaishnavi Iyer,vaishnavi.iyer.23it0072@univ.edu,+91 9261704064,B.Tech IT 3rd Year | Risk: 7% | Attd: 92%
24IT0073,Varun@0073,student,Varun Chauhan,varun.chauhan.24it0073@univ.edu,+91 9779591310,B.Tech IT 2nd Year | Risk: 31% | Attd: 77%
24AI0074,Dhruv@0074,student,Dhruv Ghosh,dhruv.ghosh.24ai0074@univ.edu,+91 9345505799,B.Tech AI&DS 2nd Year | Risk: 26% | Attd: 77%
24AI0075,Shruti@0075,student,Shruti Sinha,shruti.sinha.24ai0075@univ.edu,+91 9712630453,B.Tech AI&DS 2nd Year | Risk: 26% | Attd: 76%
24CS0076,Ishita@0076,student,Ishita Saxena,ishita.saxena.24cs0076@univ.edu,+91 9016479358,B.Tech CSE 2nd Year | Risk: 12% | Attd: 93%
23CS0077,Simran@0077,student,Simran Singh,simran.singh.23cs0077@univ.edu,+91 9408031980,B.Tech CSE 3rd Year | Risk: 11% | Attd: 81%
22CS0078,Ritika@0078,student,Ritika Dubey,ritika.dubey.22cs0078@univ.edu,+91 9816440738,B.Tech CSE 4th Year | Risk: 17% | Attd: 81%
23IT0079,Deepika@0079,student,Deepika Shah,deepika.shah.23it0079@univ.edu,+91 9156304376,B.Tech IT 3rd Year | Risk: 12% | Attd: 88%
24IT0080,Ajay@0080,student,Ajay Sinha,ajay.sinha.24it0080@univ.edu,+91 9980142695,B.Tech IT 2nd Year | Risk: 5% | Attd: 98%
23EC0081,Aishwarya@0081,student,Aishwarya Kapoor,aishwarya.kapoor.23ec0081@univ.edu,+91 9371048258,B.Tech ECE 3rd Year | Risk: 10% | Attd: 96%
23EC0082,Harini@0082,student,Harini Jain,harini.jain.23ec0082@univ.edu,+91 9385429460,B.Tech ECE 3rd Year | Risk: 14% | Attd: 82%
23AI0083,Keerthi@0083,student,Keerthi Patel,keerthi.patel.23ai0083@univ.edu,+91 9832945529,B.Tech AI&DS 3rd Year | Risk: 8% | Attd: 94%
24IT0084,Soundarya@0084,student,Soundarya Shetty,soundarya.shetty.24it0084@univ.edu,+91 9035824891,B.Tech IT 2nd Year | Risk: 16% | Attd: 80%
23EC0085,Rhea@0085,student,Rhea Gupta,rhea.gupta.23ec0085@univ.edu,+91 9538798023,B.Tech ECE 3rd Year | Risk: 26% | Attd: 77%
23AI0086,Tanvi@0086,student,Tanvi Bose,tanvi.bose.23ai0086@univ.edu,+91 9923568933,B.Tech AI&DS 3rd Year | Risk: 18% | Attd: 81%
24EC0087,Aditi@0087,student,Aditi Yadav,aditi.yadav.24ec0087@univ.edu,+91 9627666622,B.Tech ECE 2nd Year | Risk: 11% | Attd: 93%
23IT0088,Vishal@0088,student,Vishal Nair,vishal.nair.23it0088@univ.edu,+91 9884607950,B.Tech IT 3rd Year | Risk: 30% | Attd: 78%
24CS0089,Tarun@0089,student,Tarun Mehta,tarun.mehta.24cs0089@univ.edu,+91 9145668163,B.Tech CSE 2nd Year | Risk: 15% | Attd: 82%
24AI0090,Vishal@0090,student,Vishal Dubey,vishal.dubey.24ai0090@univ.edu,+91 9233291547,B.Tech AI&DS 2nd Year | Risk: 15% | Attd: 87%
22CS0091,Manish@0091,student,Manish Pillai,manish.pillai.22cs0091@univ.edu,+91 9098433586,B.Tech CSE 4th Year | Risk: 55% | Attd: 50%
23CS0092,Soundarya@0092,student,Soundarya Patel,soundarya.patel.23cs0092@univ.edu,+91 9352788129,B.Tech CSE 3rd Year | Risk: 30% | Attd: 77%
24EC0093,Soundarya@0093,student,Soundarya Reddy,soundarya.reddy.24ec0093@univ.edu,+91 9141522640,B.Tech ECE 2nd Year | Risk: 16% | Attd: 82%
24EC0094,Manish@0094,student,Manish Ghosh,manish.ghosh.24ec0094@univ.edu,+91 9481331845,B.Tech ECE 2nd Year | Risk: 30% | Attd: 75%
23CS0095,Payal@0095,student,Payal Ghosh,payal.ghosh.23cs0095@univ.edu,+91 9323873102,B.Tech CSE 3rd Year | Risk: 39% | Attd: 67%
23AI0096,Arjun@0096,student,Arjun Verma,arjun.verma.23ai0096@univ.edu,+91 9345864933,B.Tech AI&DS 3rd Year | Risk: 15% | Attd: 93%
23EC0097,Divya@0097,student,Divya Kumar,divya.kumar.23ec0097@univ.edu,+91 9122851168,B.Tech ECE 3rd Year | Risk: 29% | Attd: 77%
23AI0098,Sunita@0098,student,Sunita Menon,sunita.menon.23ai0098@univ.edu,+91 9335596237,B.Tech AI&DS 3rd Year | Risk: 13% | Attd: 91%
23IT0099,Gopi@0099,student,Gopi Pillai,gopi.pillai.23it0099@univ.edu,+91 9597398528,B.Tech IT 3rd Year | Risk: 51% | Attd: 45%
24EC0100,Tanmay@0100,student,Tanmay Yadav,tanmay.yadav.24ec0100@univ.edu,+91 9335489452,B.Tech ECE 2nd Year | Risk: 10% | Attd: 80%
24IT0101,Dev@0101,student,Dev Pandey,dev.pandey.24it0101@univ.edu,+91 9123357166,B.Tech IT 2nd Year | Risk: 9% | Attd: 90%
24AI0102,Archana@0102,student,Archana Deshmukh,archana.deshmukh.24ai0102@univ.edu,+91 9194782734,B.Tech AI&DS 2nd Year | Risk: 27% | Attd: 73%
24CS0103,Archana@0103,student,Archana Agarwal,archana.agarwal.24cs0103@univ.edu,+91 9366034277,B.Tech CSE 2nd Year | Risk: 13% | Attd: 85%
24EE0104,Tarun@0104,student,Tarun Bhat,tarun.bhat.24ee0104@univ.edu,+91 9475788930,B.Tech EEE 2nd Year | Risk: 14% | Attd: 80%
23AI0105,Ritika@0105,student,Ritika Naidu,ritika.naidu.23ai0105@univ.edu,+91 9522517939,B.Tech AI&DS 3rd Year | Risk: 49% | Attd: 55%
23IT0106,Tarun@0106,student,Tarun Sharma,tarun.sharma.23it0106@univ.edu,+91 9352318696,B.Tech IT 3rd Year | Risk: 29% | Attd: 72%
24IT0107,Kunal@0107,student,Kunal Jain,kunal.jain.24it0107@univ.edu,+91 9468387228,B.Tech IT 2nd Year | Risk: 16% | Attd: 90%
23EE0108,Rahul@0108,student,Rahul Bhat,rahul.bhat.23ee0108@univ.edu,+91 9860413104,B.Tech EEE 3rd Year | Risk: 30% | Attd: 75%
23CS0109,Vaishnavi@0109,student,Vaishnavi Pillai,vaishnavi.pillai.23cs0109@univ.edu,+91 9800801837,B.Tech CSE 3rd Year | Risk: 12% | Attd: 95%
22CS0110,Deepak@0110,student,Deepak Chowdary,deepak.chowdary.22cs0110@univ.edu,+91 9875139327,B.Tech CSE 4th Year | Risk: 10% | Attd: 90%
24EC0111,Vikram@0111,student,Vikram Singh,vikram.singh.24ec0111@univ.edu,+91 9530554118,B.Tech ECE 2nd Year | Risk: 15% | Attd: 81%
23AI0112,Dev@0112,student,Dev Ghosh,dev.ghosh.23ai0112@univ.edu,+91 9855052486,B.Tech AI&DS 3rd Year | Risk: 10% | Attd: 94%
24EE0113,Sai@0113,student,Sai Shetty,sai.shetty.24ee0113@univ.edu,+91 9660360225,B.Tech EEE 2nd Year | Risk: 50% | Attd: 53%
24EE0114,Ritu@0114,student,Ritu Kapoor,ritu.kapoor.24ee0114@univ.edu,+91 9111134294,B.Tech EEE 2nd Year | Risk: 30% | Attd: 76%
24EE0115,Bhavana@0115,student,Bhavana Gupta,bhavana.gupta.24ee0115@univ.edu,+91 9390732457,B.Tech EEE 2nd Year | Risk: 10% | Attd: 95%
23AI0116,Ankit@0116,student,Ankit Chauhan,ankit.chauhan.23ai0116@univ.edu,+91 9599108439,B.Tech AI&DS 3rd Year | Risk: 16% | Attd: 89%
24EE0117,Keerthi@0117,student,Keerthi Bose,keerthi.bose.24ee0117@univ.edu,+91 9749987147,B.Tech EEE 2nd Year | Risk: 10% | Attd: 90%
23CS0118,Rhea@0118,student,Rhea Naidu,rhea.naidu.23cs0118@univ.edu,+91 9545985356,B.Tech CSE 3rd Year | Risk: 11% | Attd: 95%
24IT0119,Vishal@0119,student,Vishal Banerjee,vishal.banerjee.24it0119@univ.edu,+91 9545127678,B.Tech IT 2nd Year | Risk: 31% | Attd: 71%
24EC0120,Ankita@0120,student,Ankita Sharma,ankita.sharma.24ec0120@univ.edu,+91 9469948247,B.Tech ECE 2nd Year | Risk: 27% | Attd: 78%
23AI0121,Vishal@0121,student,Vishal Kulkarni,vishal.kulkarni.23ai0121@univ.edu,+91 9970635050,B.Tech AI&DS 3rd Year | Risk: 7% | Attd: 88%
23AI0122,Preethi@0122,student,Preethi Sinha,preethi.sinha.23ai0122@univ.edu,+91 9860345542,B.Tech AI&DS 3rd Year | Risk: 8% | Attd: 92%
23AI0123,Anushka@0123,student,Anushka Verma,anushka.verma.23ai0123@univ.edu,+91 9292907427,B.Tech AI&DS 3rd Year | Risk: 16% | Attd: 88%
24AI0124,Mayank@0124,student,Mayank Singh,mayank.singh.24ai0124@univ.edu,+91 9401538092,B.Tech AI&DS 2nd Year | Risk: 12% | Attd: 92%
24IT0125,Rohan@0125,student,Rohan Pillai,rohan.pillai.24it0125@univ.edu,+91 9747401602,B.Tech IT 2nd Year | Risk: 16% | Attd: 83%
24EE0126,Megha@0126,student,Megha Shah,megha.shah.24ee0126@univ.edu,+91 9119385981,B.Tech EEE 2nd Year | Risk: 28% | Attd: 71%
24CS0127,Shruti@0127,student,Shruti Banerjee,shruti.banerjee.24cs0127@univ.edu,+91 9640743666,B.Tech CSE 2nd Year | Risk: 11% | Attd: 82%
24IT0128,Mayank@0128,student,Mayank Sinha,mayank.sinha.24it0128@univ.edu,+91 9713363254,B.Tech IT 2nd Year | Risk: 14% | Attd: 86%
22CS0129,Ankita@0129,student,Ankita Pillai,ankita.pillai.22cs0129@univ.edu,+91 9682546314,B.Tech CSE 4th Year | Risk: 10% | Attd: 91%
23CS0130,Vishal@0130,student,Vishal Bose,vishal.bose.23cs0130@univ.edu,+91 9143247463,B.Tech CSE 3rd Year | Risk: 13% | Attd: 82%
23IT0131,Shreyas@0131,student,Shreyas Hegde,shreyas.hegde.23it0131@univ.edu,+91 9039711044,B.Tech IT 3rd Year | Risk: 12% | Attd: 81%
23CS0132,Aditya@0132,student,Aditya Joshi,aditya.joshi.23cs0132@univ.edu,+91 9808839964,B.Tech CSE 3rd Year | Risk: 11% | Attd: 96%
22CS0133,Keerthi@0133,student,Keerthi Shetty,keerthi.shetty.22cs0133@univ.edu,+91 9960609692,B.Tech CSE 4th Year | Risk: 7% | Attd: 92%
23AI0134,Bhavana@0134,student,Bhavana Mishra,bhavana.mishra.23ai0134@univ.edu,+91 9882982227,B.Tech AI&DS 3rd Year | Risk: 11% | Attd: 92%
24CS0135,Ankit@0135,student,Ankit Bhat,ankit.bhat.24cs0135@univ.edu,+91 9377470703,B.Tech CSE 2nd Year | Risk: 12% | Attd: 92%
23AI0136,Rakesh@0136,student,Rakesh Roy,rakesh.roy.23ai0136@univ.edu,+91 9033436988,B.Tech AI&DS 3rd Year | Risk: 13% | Attd: 91%
24CS0137,Ishan@0137,student,Ishan Shah,ishan.shah.24cs0137@univ.edu,+91 9483100677,B.Tech CSE 2nd Year | Risk: 30% | Attd: 78%
22CS0138,Preethi@0138,student,Preethi Shah,preethi.shah.22cs0138@univ.edu,+91 9789924866,B.Tech CSE 4th Year | Risk: 32% | Attd: 73%
24EE0139,Nikhil@0139,student,Nikhil Chauhan,nikhil.chauhan.24ee0139@univ.edu,+91 9131680929,B.Tech EEE 2nd Year | Risk: 27% | Attd: 78%
23IT0140,Rahul@0140,student,Rahul Shah,rahul.shah.23it0140@univ.edu,+91 9914143043,B.Tech IT 3rd Year | Risk: 9% | Attd: 96%
24EE0141,Naveen@0141,student,Naveen Pillai,naveen.pillai.24ee0141@univ.edu,+91 9396115351,B.Tech EEE 2nd Year | Risk: 28% | Attd: 76%
24EE0142,Tanmay@0142,student,Tanmay Kumar,tanmay.kumar.24ee0142@univ.edu,+91 9884053945,B.Tech EEE 2nd Year | Risk: 9% | Attd: 94%
23CS0143,Rhea@0143,student,Rhea Bhat,rhea.bhat.23cs0143@univ.edu,+91 9464520346,B.Tech CSE 3rd Year | Risk: 28% | Attd: 77%
24EE0144,Sai@0144,student,Sai Iyer,sai.iyer.24ee0144@univ.edu,+91 9908314405,B.Tech EEE 2nd Year | Risk: 28% | Attd: 72%
24EC0145,Abhishek@0145,student,Abhishek Yadav,abhishek.yadav.24ec0145@univ.edu,+91 9623464439,B.Tech ECE 2nd Year | Risk: 6% | Attd: 95%
24EC0146,Samar@0146,student,Samar Naidu,samar.naidu.24ec0146@univ.edu,+91 9823515952,B.Tech ECE 2nd Year | Risk: 11% | Attd: 97%
23AI0147,Pavitra@0147,student,Pavitra Patel,pavitra.patel.23ai0147@univ.edu,+91 9064331134,B.Tech AI&DS 3rd Year | Risk: 31% | Attd: 75%
24AI0148,Ajay@0148,student,Ajay Malhotra,ajay.malhotra.24ai0148@univ.edu,+91 9140409084,B.Tech AI&DS 2nd Year | Risk: 27% | Attd: 74%
23CS0149,Payal@0149,student,Payal Yadav,payal.yadav.23cs0149@univ.edu,+91 9412477736,B.Tech CSE 3rd Year | Risk: 33% | Attd: 72%
23IT0150,Simran@0150,student,Simran Kulkarni,simran.kulkarni.23it0150@univ.edu,+91 9535539154,B.Tech IT 3rd Year | Risk: 5% | Attd: 94%
23CS0151,Ritika@0151,student,Ritika Patel,ritika.patel.23cs0151@univ.edu,+91 9641580895,B.Tech CSE 3rd Year | Risk: 31% | Attd: 74%
24EE0152,Megha@0152,student,Megha Chatterjee,megha.chatterjee.24ee0152@univ.edu,+91 9048578655,B.Tech EEE 2nd Year | Risk: 9% | Attd: 90%
23IT0153,Dev@0153,student,Dev Yadav,dev.yadav.23it0153@univ.edu,+91 9730572478,B.Tech IT 3rd Year | Risk: 27% | Attd: 76%
23AI0154,Rhea@0154,student,Rhea Nair,rhea.nair.23ai0154@univ.edu,+91 9536954564,B.Tech AI&DS 3rd Year | Risk: 12% | Attd: 85%
23EC0155,Aditya@0155,student,Aditya Kumar,aditya.kumar.23ec0155@univ.edu,+91 9342019016,B.Tech ECE 3rd Year | Risk: 9% | Attd: 95%
23EE0156,Samar@0156,student,Samar Banerjee,samar.banerjee.23ee0156@univ.edu,+91 9395521185,B.Tech EEE 3rd Year | Risk: 12% | Attd: 97%
23EE0157,Hemanth@0157,student,Hemanth Mehta,hemanth.mehta.23ee0157@univ.edu,+91 9626553348,B.Tech EEE 3rd Year | Risk: 10% | Attd: 97%
24AI0158,Nikhil@0158,student,Nikhil Roy,nikhil.roy.24ai0158@univ.edu,+91 9336824737,B.Tech AI&DS 2nd Year | Risk: 16% | Attd: 82%
23AI0159,Ajay@0159,student,Ajay Menon,ajay.menon.23ai0159@univ.edu,+91 9564226794,B.Tech AI&DS 3rd Year | Risk: 9% | Attd: 96%
23EE0160,Naveen@0160,student,Naveen Kapoor,naveen.kapoor.23ee0160@univ.edu,+91 9599240979,B.Tech EEE 3rd Year | Risk: 11% | Attd: 85%
23IT0161,Tarun@0161,student,Tarun Chatterjee,tarun.chatterjee.23it0161@univ.edu,+91 9726517607,B.Tech IT 3rd Year | Risk: 12% | Attd: 87%
23IT0162,Suraj@0162,student,Suraj Shetty,suraj.shetty.23it0162@univ.edu,+91 9216968866,B.Tech IT 3rd Year | Risk: 26% | Attd: 76%
24EC0163,Samyuktha@0163,student,Samyuktha Yadav,samyuktha.yadav.24ec0163@univ.edu,+91 9684987769,B.Tech ECE 2nd Year | Risk: 28% | Attd: 69%
23EC0164,Vikram@0164,student,Vikram Mehta,vikram.mehta.23ec0164@univ.edu,+91 9512656440,B.Tech ECE 3rd Year | Risk: 13% | Attd: 84%
24EC0165,Keerthi@0165,student,Keerthi Bhat,keerthi.bhat.24ec0165@univ.edu,+91 9947303322,B.Tech ECE 2nd Year | Risk: 30% | Attd: 69%
24AI0166,Pooja@0166,student,Pooja Agarwal,pooja.agarwal.24ai0166@univ.edu,+91 9487853601,B.Tech AI&DS 2nd Year | Risk: 46% | Attd: 60%
24AI0167,Shalini@0167,student,Shalini Tripathi,shalini.tripathi.24ai0167@univ.edu,+91 9276236056,B.Tech AI&DS 2nd Year | Risk: 30% | Attd: 70%
24EC0168,Ananya@0168,student,Ananya Hegde,ananya.hegde.24ec0168@univ.edu,+91 9718608005,B.Tech ECE 2nd Year | Risk: 10% | Attd: 95%
24EC0169,Karthik@0169,student,Karthik Malhotra,karthik.malhotra.24ec0169@univ.edu,+91 9776189202,B.Tech ECE 2nd Year | Risk: 27% | Attd: 73%
24IT0170,Anushka@0170,student,Anushka Pillai,anushka.pillai.24it0170@univ.edu,+91 9126074193,B.Tech IT 2nd Year | Risk: 28% | Attd: 75%
24EE0171,Keerthi@0171,student,Keerthi Pillai,keerthi.pillai.24ee0171@univ.edu,+91 9813198930,B.Tech EEE 2nd Year | Risk: 26% | Attd: 78%
24EE0172,Pranav@0172,student,Pranav Kulkarni,pranav.kulkarni.24ee0172@univ.edu,+91 9066312199,B.Tech EEE 2nd Year | Risk: 14% | Attd: 81%
24EE0173,Payal@0173,student,Payal Joshi,payal.joshi.24ee0173@univ.edu,+91 9097647841,B.Tech EEE 2nd Year | Risk: 10% | Attd: 85%
24AI0174,Komal@0174,student,Komal Verma,komal.verma.24ai0174@univ.edu,+91 9776616079,B.Tech AI&DS 2nd Year | Risk: 9% | Attd: 96%
24IT0175,Gopi@0175,student,Gopi Reddy,gopi.reddy.24it0175@univ.edu,+91 9506882594,B.Tech IT 2nd Year | Risk: 7% | Attd: 96%
23IT0176,Ajay@0176,student,Ajay Mishra,ajay.mishra.23it0176@univ.edu,+91 9142796714,B.Tech IT 3rd Year | Risk: 10% | Attd: 91%
23IT0177,Pallavi@0177,student,Pallavi Iyer,pallavi.iyer.23it0177@univ.edu,+91 9723164961,B.Tech IT 3rd Year | Risk: 11% | Attd: 79%
24AI0178,Nandini@0178,student,Nandini Dubey,nandini.dubey.24ai0178@univ.edu,+91 9869170578,B.Tech AI&DS 2nd Year | Risk: 29% | Attd: 72%
24IT0179,Pavitra@0179,student,Pavitra Patel,pavitra.patel.24it0179@univ.edu,+91 9795149930,B.Tech IT 2nd Year | Risk: 48% | Attd: 61%
24EE0180,Prakash@0180,student,Prakash Deshmukh,prakash.deshmukh.24ee0180@univ.edu,+91 9342420233,B.Tech EEE 2nd Year | Risk: 12% | Attd: 88%
24EC0181,Lavanya@0181,student,Lavanya Kulkarni,lavanya.kulkarni.24ec0181@univ.edu,+91 9944585599,B.Tech ECE 2nd Year | Risk: 13% | Attd: 87%
23EE0182,Meera@0182,student,Meera Jain,meera.jain.23ee0182@univ.edu,+91 9160221190,B.Tech EEE 3rd Year | Risk: 9% | Attd: 89%
24AI0183,Naveen@0183,student,Naveen Dubey,naveen.dubey.24ai0183@univ.edu,+91 9598382096,B.Tech AI&DS 2nd Year | Risk: 14% | Attd: 80%
24EC0184,Akash@0184,student,Akash Kulkarni,akash.kulkarni.24ec0184@univ.edu,+91 9055337035,B.Tech ECE 2nd Year | Risk: 16% | Attd: 81%
24CS0185,Ishan@0185,student,Ishan Naidu,ishan.naidu.24cs0185@univ.edu,+91 9976025048,B.Tech CSE 2nd Year | Risk: 28% | Attd: 72%
24AI0186,Abhishek@0186,student,Abhishek Iyer,abhishek.iyer.24ai0186@univ.edu,+91 9500632621,B.Tech AI&DS 2nd Year | Risk: 29% | Attd: 72%
23EC0187,Rakesh@0187,student,Rakesh Banerjee,rakesh.banerjee.23ec0187@univ.edu,+91 9398041381,B.Tech ECE 3rd Year | Risk: 45% | Attd: 65%
24IT0188,Aditya@0188,student,Aditya Sinha,aditya.sinha.24it0188@univ.edu,+91 9163650505,B.Tech IT 2nd Year | Risk: 7% | Attd: 97%
24EE0189,Siddharth@0189,student,Siddharth Chauhan,siddharth.chauhan.24ee0189@univ.edu,+91 9180639501,B.Tech EEE 2nd Year | Risk: 25% | Attd: 76%
23IT0190,Pallavi@0190,student,Pallavi Chowdary,pallavi.chowdary.23it0190@univ.edu,+91 9820702588,B.Tech IT 3rd Year | Risk: 14% | Attd: 81%
22CS0191,Karthik@0191,student,Karthik Deshmukh,karthik.deshmukh.22cs0191@univ.edu,+91 9715922437,B.Tech CSE 4th Year | Risk: 12% | Attd: 90%
24CS0192,Megha@0192,student,Megha Saxena,megha.saxena.24cs0192@univ.edu,+91 9018406723,B.Tech CSE 2nd Year | Risk: 45% | Attd: 58%
24CS0193,Harish@0193,student,Harish Mishra,harish.mishra.24cs0193@univ.edu,+91 9853556386,B.Tech CSE 2nd Year | Risk: 28% | Attd: 77%
24AI0194,Vishal@0194,student,Vishal Agarwal,vishal.agarwal.24ai0194@univ.edu,+91 9815599098,B.Tech AI&DS 2nd Year | Risk: 11% | Attd: 81%
23AI0195,Suraj@0195,student,Suraj Chauhan,suraj.chauhan.23ai0195@univ.edu,+91 9921227867,B.Tech AI&DS 3rd Year | Risk: 48% | Attd: 55%
24IT0196,Ankita@0196,student,Ankita Sharma,ankita.sharma.24it0196@univ.edu,+91 9605064109,B.Tech IT 2nd Year | Risk: 30% | Attd: 70%
24CS0197,Meera@0197,student,Meera Bhat,meera.bhat.24cs0197@univ.edu,+91 9608485104,B.Tech CSE 2nd Year | Risk: 15% | Attd: 88%
23EC0198,Ritu@0198,student,Ritu Dubey,ritu.dubey.23ec0198@univ.edu,+91 9249262723,B.Tech ECE 3rd Year | Risk: 14% | Attd: 90%
23EE0199,Bhavana@0199,student,Bhavana Naidu,bhavana.naidu.23ee0199@univ.edu,+91 9593819730,B.Tech EEE 3rd Year | Risk: 10% | Attd: 93%
23EE0200,Nandini@0200,student,Nandini Mishra,nandini.mishra.23ee0200@univ.edu,+91 9408021882,B.Tech EEE 3rd Year | Risk: 19% | Attd: 81%
23EC0201,Ishita@0201,student,Ishita Chauhan,ishita.chauhan.23ec0201@univ.edu,+91 9109770151,B.Tech ECE 3rd Year | Risk: 11% | Attd: 93%
23AI0202,Naveen@0202,student,Naveen Jain,naveen.jain.23ai0202@univ.edu,+91 9013250637,B.Tech AI&DS 3rd Year | Risk: 30% | Attd: 70%
24EE0203,Akash@0203,student,Akash Gupta,akash.gupta.24ee0203@univ.edu,+91 9288199600,B.Tech EEE 2nd Year | Risk: 16% | Attd: 84%
23AI0204,Rahul@0204,student,Rahul Chowdary,rahul.chowdary.23ai0204@univ.edu,+91 9774059895,B.Tech AI&DS 3rd Year | Risk: 14% | Attd: 90%
23IT0205,Soundarya@0205,student,Soundarya Roy,soundarya.roy.23it0205@univ.edu,+91 9863370520,B.Tech IT 3rd Year | Risk: 48% | Attd: 54%
24AI0206,Komal@0206,student,Komal Hegde,komal.hegde.24ai0206@univ.edu,+91 9427606494,B.Tech AI&DS 2nd Year | Risk: 15% | Attd: 85%
24EE0207,Keerthi@0207,student,Keerthi Saxena,keerthi.saxena.24ee0207@univ.edu,+91 9214533665,B.Tech EEE 2nd Year | Risk: 10% | Attd: 91%
24EE0208,Shalini@0208,student,Shalini Mishra,shalini.mishra.24ee0208@univ.edu,+91 9879357576,B.Tech EEE 2nd Year | Risk: 12% | Attd: 88%
23IT0209,Simran@0209,student,Simran Saxena,simran.saxena.23it0209@univ.edu,+91 9514574336,B.Tech IT 3rd Year | Risk: 12% | Attd: 91%
24AI0210,Shalini@0210,student,Shalini Pandey,shalini.pandey.24ai0210@univ.edu,+91 9706094391,B.Tech AI&DS 2nd Year | Risk: 18% | Attd: 81%
22CS0211,Tanvi@0211,student,Tanvi Roy,tanvi.roy.22cs0211@univ.edu,+91 9277818215,B.Tech CSE 4th Year | Risk: 15% | Attd: 92%
24EE0212,Nikhil@0212,student,Nikhil Yadav,nikhil.yadav.24ee0212@univ.edu,+91 9370405910,B.Tech EEE 2nd Year | Risk: 9% | Attd: 97%
23EC0213,Megha@0213,student,Megha Nair,megha.nair.23ec0213@univ.edu,+91 9518537844,B.Tech ECE 3rd Year | Risk: 30% | Attd: 74%
23AI0214,Vikram@0214,student,Vikram Shah,vikram.shah.23ai0214@univ.edu,+91 9695752405,B.Tech AI&DS 3rd Year | Risk: 18% | Attd: 82%
24EE0215,Gautam@0215,student,Gautam Kulkarni,gautam.kulkarni.24ee0215@univ.edu,+91 9676199993,B.Tech EEE 2nd Year | Risk: 11% | Attd: 93%
22CS0216,Harish@0216,student,Harish Agarwal,harish.agarwal.22cs0216@univ.edu,+91 9220959407,B.Tech CSE 4th Year | Risk: 15% | Attd: 91%
22CS0217,Rahul@0217,student,Rahul Sinha,rahul.sinha.22cs0217@univ.edu,+91 9686237617,B.Tech CSE 4th Year | Risk: 30% | Attd: 70%
24AI0218,Akash@0218,student,Akash Roy,akash.roy.24ai0218@univ.edu,+91 9091001735,B.Tech AI&DS 2nd Year | Risk: 7% | Attd: 88%
23IT0219,Lavanya@0219,student,Lavanya Iyer,lavanya.iyer.23it0219@univ.edu,+91 9148033880,B.Tech IT 3rd Year | Risk: 8% | Attd: 95%
24AI0220,Nandini@0220,student,Nandini Mishra,nandini.mishra.24ai0220@univ.edu,+91 9057564650,B.Tech AI&DS 2nd Year | Risk: 30% | Attd: 71%
24IT0221,Ananya@0221,student,Ananya Saxena,ananya.saxena.24it0221@univ.edu,+91 9762509565,B.Tech IT 2nd Year | Risk: 8% | Attd: 92%
22CS0222,Ritika@0222,student,Ritika Chowdary,ritika.chowdary.22cs0222@univ.edu,+91 9607362554,B.Tech CSE 4th Year | Risk: 52% | Attd: 49%
24EE0223,Ritika@0223,student,Ritika Yadav,ritika.yadav.24ee0223@univ.edu,+91 9816048218,B.Tech EEE 2nd Year | Risk: 13% | Attd: 90%
24AI0224,Shalini@0224,student,Shalini Menon,shalini.menon.24ai0224@univ.edu,+91 9925779799,B.Tech AI&DS 2nd Year | Risk: 15% | Attd: 80%
24IT0225,Komal@0225,student,Komal Iyer,komal.iyer.24it0225@univ.edu,+91 9661587312,B.Tech IT 2nd Year | Risk: 8% | Attd: 98%
22CS0226,Pranav@0226,student,Pranav Menon,pranav.menon.22cs0226@univ.edu,+91 9310669201,B.Tech CSE 4th Year | Risk: 15% | Attd: 84%
23IT0227,Payal@0227,student,Payal Nair,payal.nair.23it0227@univ.edu,+91 9889575564,B.Tech IT 3rd Year | Risk: 16% | Attd: 83%
23IT0228,Suraj@0228,student,Suraj Saxena,suraj.saxena.23it0228@univ.edu,+91 9745932321,B.Tech IT 3rd Year | Risk: 16% | Attd: 81%
23AI0229,Preethi@0229,student,Preethi Kapoor,preethi.kapoor.23ai0229@univ.edu,+91 9912794625,B.Tech AI&DS 3rd Year | Risk: 9% | Attd: 93%
23IT0230,Shreyas@0230,student,Shreyas Agarwal,shreyas.agarwal.23it0230@univ.edu,+91 9607890457,B.Tech IT 3rd Year | Risk: 28% | Attd: 73%
24CS0231,Bhavana@0231,student,Bhavana Verma,bhavana.verma.24cs0231@univ.edu,+91 9217237515,B.Tech CSE 2nd Year | Risk: 32% | Attd: 71%
23IT0232,Rhea@0232,student,Rhea Banerjee,rhea.banerjee.23it0232@univ.edu,+91 9425568516,B.Tech IT 3rd Year | Risk: 44% | Attd: 63%
22CS0233,Aishwarya@0233,student,Aishwarya Jain,aishwarya.jain.22cs0233@univ.edu,+91 9730125895,B.Tech CSE 4th Year | Risk: 12% | Attd: 83%
23CS0234,Aarav@0234,student,Aarav Hegde,aarav.hegde.23cs0234@univ.edu,+91 9110811807,B.Tech CSE 3rd Year | Risk: 48% | Attd: 54%
24AI0235,Tarun@0235,student,Tarun Kumar,tarun.kumar.24ai0235@univ.edu,+91 9472553155,B.Tech AI&DS 2nd Year | Risk: 16% | Attd: 79%
23AI0236,Pranav@0236,student,Pranav Singh,pranav.singh.23ai0236@univ.edu,+91 9461052655,B.Tech AI&DS 3rd Year | Risk: 29% | Attd: 70%
24EC0237,Karthik@0237,student,Karthik Kulkarni,karthik.kulkarni.24ec0237@univ.edu,+91 9910417210,B.Tech ECE 2nd Year | Risk: 12% | Attd: 98%
24EE0238,Harini@0238,student,Harini Menon,harini.menon.24ee0238@univ.edu,+91 9258859561,B.Tech EEE 2nd Year | Risk: 15% | Attd: 86%
24EE0239,Ishan@0239,student,Ishan Rao,ishan.rao.24ee0239@univ.edu,+91 9185510711,B.Tech EEE 2nd Year | Risk: 26% | Attd: 78%
24EE0240,Divya@0240,student,Divya Patel,divya.patel.24ee0240@univ.edu,+91 9307613928,B.Tech EEE 2nd Year | Risk: 50% | Attd: 43%
23AI0241,Payal@0241,student,Payal Mehta,payal.mehta.23ai0241@univ.edu,+91 9549009234,B.Tech AI&DS 3rd Year | Risk: 17% | Attd: 87%
23EC0242,Ishita@0242,student,Ishita Dubey,ishita.dubey.23ec0242@univ.edu,+91 9992811491,B.Tech ECE 3rd Year | Risk: 18% | Attd: 86%
24EE0243,Lokesh@0243,student,Lokesh Roy,lokesh.roy.24ee0243@univ.edu,+91 9372271797,B.Tech EEE 2nd Year | Risk: 52% | Attd: 46%
24EC0244,Gopi@0244,student,Gopi Chowdary,gopi.chowdary.24ec0244@univ.edu,+91 9292036942,B.Tech ECE 2nd Year | Risk: 16% | Attd: 79%
23CS0245,Gopi@0245,student,Gopi Sinha,gopi.sinha.23cs0245@univ.edu,+91 9830355646,B.Tech CSE 3rd Year | Risk: 50% | Attd: 60%
24IT0246,Dev@0246,student,Dev Iyer,dev.iyer.24it0246@univ.edu,+91 9999825515,B.Tech IT 2nd Year | Risk: 52% | Attd: 53%
24AI0247,Pooja@0247,student,Pooja Yadav,pooja.yadav.24ai0247@univ.edu,+91 9613682070,B.Tech AI&DS 2nd Year | Risk: 15% | Attd: 89%
24IT0248,Mayank@0248,student,Mayank Verma,mayank.verma.24it0248@univ.edu,+91 9351436694,B.Tech IT 2nd Year | Risk: 43% | Attd: 56%
24EC0249,Lokesh@0249,student,Lokesh Reddy,lokesh.reddy.24ec0249@univ.edu,+91 9529741991,B.Tech ECE 2nd Year | Risk: 11% | Attd: 86%
24IT0250,Swati@0250,student,Swati Dubey,swati.dubey.24it0250@univ.edu,+91 9001569849,B.Tech IT 2nd Year | Risk: 30% | Attd: 74%
24CS0251,Ritu@0251,student,Ritu Banerjee,ritu.banerjee.24cs0251@univ.edu,+91 9764131026,B.Tech CSE 2nd Year | Risk: 13% | Attd: 80%
23EE0252,Aditya@0252,student,Aditya Deshmukh,aditya.deshmukh.23ee0252@univ.edu,+91 9143359401,B.Tech EEE 3rd Year | Risk: 13% | Attd: 81%
24EE0253,Aditi@0253,student,Aditi Rao,aditi.rao.24ee0253@univ.edu,+91 9893245640,B.Tech EEE 2nd Year | Risk: 26% | Attd: 74%
24EC0254,Lavanya@0254,student,Lavanya Shah,lavanya.shah.24ec0254@univ.edu,+91 9176496293,B.Tech ECE 2nd Year | Risk: 13% | Attd: 97%
22CS0255,Sanjay@0255,student,Sanjay Mehta,sanjay.mehta.22cs0255@univ.edu,+91 9867150570,B.Tech CSE 4th Year | Risk: 29% | Attd: 73%
23IT0256,Soundarya@0256,student,Soundarya Sharma,soundarya.sharma.23it0256@univ.edu,+91 9279351967,B.Tech IT 3rd Year | Risk: 11% | Attd: 91%
23AI0257,Meera@0257,student,Meera Patel,meera.patel.23ai0257@univ.edu,+91 9012838650,B.Tech AI&DS 3rd Year | Risk: 52% | Attd: 45%
23IT0258,Siddharth@0258,student,Siddharth Kumar,siddharth.kumar.23it0258@univ.edu,+91 9212332805,B.Tech IT 3rd Year | Risk: 20% | Attd: 81%
23CS0259,Komal@0259,student,Komal Kumar,komal.kumar.23cs0259@univ.edu,+91 9532711663,B.Tech CSE 3rd Year | Risk: 44% | Attd: 60%
24EC0260,Harish@0260,student,Harish Mishra,harish.mishra.24ec0260@univ.edu,+91 9662474187,B.Tech ECE 2nd Year | Risk: 15% | Attd: 83%
23AI0261,Ankit@0261,student,Ankit Saxena,ankit.saxena.23ai0261@univ.edu,+91 9677267364,B.Tech AI&DS 3rd Year | Risk: 28% | Attd: 75%
23AI0262,Shalini@0262,student,Shalini Patel,shalini.patel.23ai0262@univ.edu,+91 9193075824,B.Tech AI&DS 3rd Year | Risk: 26% | Attd: 78%
23CS0263,Ishan@0263,student,Ishan Deshmukh,ishan.deshmukh.23cs0263@univ.edu,+91 9266134484,B.Tech CSE 3rd Year | Risk: 26% | Attd: 78%
24CS0264,Samyuktha@0264,student,Samyuktha Dubey,samyuktha.dubey.24cs0264@univ.edu,+91 9341454588,B.Tech CSE 2nd Year | Risk: 14% | Attd: 84%
22CS0265,Pallavi@0265,student,Pallavi Ghosh,pallavi.ghosh.22cs0265@univ.edu,+91 9582101860,B.Tech CSE 4th Year | Risk: 4% | Attd: 97%
24CS0266,Kunal@0266,student,Kunal Sharma,kunal.sharma.24cs0266@univ.edu,+91 9865914172,B.Tech CSE 2nd Year | Risk: 49% | Attd: 57%
24CS0267,Naveen@0267,student,Naveen Bhat,naveen.bhat.24cs0267@univ.edu,+91 9401140044,B.Tech CSE 2nd Year | Risk: 9% | Attd: 95%
23CS0268,Aditi@0268,student,Aditi Ghosh,aditi.ghosh.23cs0268@univ.edu,+91 9697052007,B.Tech CSE 3rd Year | Risk: 7% | Attd: 92%
24EC0269,Tanmay@0269,student,Tanmay Roy,tanmay.roy.24ec0269@univ.edu,+91 9615076673,B.Tech ECE 2nd Year | Risk: 33% | Attd: 73%
23IT0270,Dev@0270,student,Dev Sharma,dev.sharma.23it0270@univ.edu,+91 9255546183,B.Tech IT 3rd Year | Risk: 47% | Attd: 57%
22CS0271,Sanjay@0271,student,Sanjay Chowdary,sanjay.chowdary.22cs0271@univ.edu,+91 9275584366,B.Tech CSE 4th Year | Risk: 55% | Attd: 48%
23AI0272,Ananya@0272,student,Ananya Verma,ananya.verma.23ai0272@univ.edu,+91 9586288768,B.Tech AI&DS 3rd Year | Risk: 7% | Attd: 94%
24IT0273,Yash@0273,student,Yash Sinha,yash.sinha.24it0273@univ.edu,+91 9367013765,B.Tech IT 2nd Year | Risk: 31% | Attd: 74%
22CS0274,Akash@0274,student,Akash Chowdary,akash.chowdary.22cs0274@univ.edu,+91 9701835431,B.Tech CSE 4th Year | Risk: 7% | Attd: 94%
24CS0275,Harish@0275,student,Harish Chowdary,harish.chowdary.24cs0275@univ.edu,+91 9284825874,B.Tech CSE 2nd Year | Risk: 6% | Attd: 96%
24CS0276,Harini@0276,student,Harini Kulkarni,harini.kulkarni.24cs0276@univ.edu,+91 9459138405,B.Tech CSE 2nd Year | Risk: 20% | Attd: 83%
24IT0277,Ishan@0277,student,Ishan Malhotra,ishan.malhotra.24it0277@univ.edu,+91 9331091936,B.Tech IT 2nd Year | Risk: 17% | Attd: 81%
24EC0278,Megha@0278,student,Megha Saxena,megha.saxena.24ec0278@univ.edu,+91 9282711894,B.Tech ECE 2nd Year | Risk: 28% | Attd: 75%
24EC0279,Gopi@0279,student,Gopi Deshmukh,gopi.deshmukh.24ec0279@univ.edu,+91 9244289964,B.Tech ECE 2nd Year | Risk: 7% | Attd: 96%
23AI0280,Ritu@0280,student,Ritu Tripathi,ritu.tripathi.23ai0280@univ.edu,+91 9613342728,B.Tech AI&DS 3rd Year | Risk: 29% | Attd: 75%
24IT0281,Archana@0281,student,Archana Roy,archana.roy.24it0281@univ.edu,+91 9135491190,B.Tech IT 2nd Year | Risk: 11% | Attd: 84%
24IT0282,Rohan@0282,student,Rohan Jain,rohan.jain.24it0282@univ.edu,+91 9426656677,B.Tech IT 2nd Year | Risk: 16% | Attd: 81%
24AI0283,Samyuktha@0283,student,Samyuktha Tripathi,samyuktha.tripathi.24ai0283@univ.edu,+91 9159128258,B.Tech AI&DS 2nd Year | Risk: 15% | Attd: 92%
22CS0284,Rashmi@0284,student,Rashmi Nair,rashmi.nair.22cs0284@univ.edu,+91 9411289794,B.Tech CSE 4th Year | Risk: 9% | Attd: 90%
24AI0285,Archana@0285,student,Archana Naidu,archana.naidu.24ai0285@univ.edu,+91 9424979220,B.Tech AI&DS 2nd Year | Risk: 26% | Attd: 78%
22CS0286,Bhavana@0286,student,Bhavana Kulkarni,bhavana.kulkarni.22cs0286@univ.edu,+91 9904999611,B.Tech CSE 4th Year | Risk: 42% | Attd: 68%
23IT0287,Vikram@0287,student,Vikram Deshmukh,vikram.deshmukh.23it0287@univ.edu,+91 9474289591,B.Tech IT 3rd Year | Risk: 30% | Attd: 75%
23EE0288,Ajay@0288,student,Ajay Saxena,ajay.saxena.23ee0288@univ.edu,+91 9944176181,B.Tech EEE 3rd Year | Risk: 47% | Attd: 64%
24IT0289,Meera@0289,student,Meera Joshi,meera.joshi.24it0289@univ.edu,+91 9884233149,B.Tech IT 2nd Year | Risk: 49% | Attd: 53%
24CS0290,Suraj@0290,student,Suraj Iyer,suraj.iyer.24cs0290@univ.edu,+91 9369634556,B.Tech CSE 2nd Year | Risk: 9% | Attd: 94%
24EC0291,Gopi@0291,student,Gopi Gupta,gopi.gupta.24ec0291@univ.edu,+91 9241712209,B.Tech ECE 2nd Year | Risk: 8% | Attd: 85%
24EE0292,Samyuktha@0292,student,Samyuktha Mehta,samyuktha.mehta.24ee0292@univ.edu,+91 9240271240,B.Tech EEE 2nd Year | Risk: 15% | Attd: 84%
23AI0293,Tarun@0293,student,Tarun Das,tarun.das.23ai0293@univ.edu,+91 9109856785,B.Tech AI&DS 3rd Year | Risk: 28% | Attd: 73%
23EE0294,Vishal@0294,student,Vishal Yadav,vishal.yadav.23ee0294@univ.edu,+91 9704503060,B.Tech EEE 3rd Year | Risk: 50% | Attd: 50%
24IT0295,Harini@0295,student,Harini Joshi,harini.joshi.24it0295@univ.edu,+91 9534050001,B.Tech IT 2nd Year | Risk: 10% | Attd: 83%
23AI0296,Anushka@0296,student,Anushka Mehta,anushka.mehta.23ai0296@univ.edu,+91 9780126986,B.Tech AI&DS 3rd Year | Risk: 6% | Attd: 97%
23EC0297,Shalini@0297,student,Shalini Malhotra,shalini.malhotra.23ec0297@univ.edu,+91 9867952618,B.Tech ECE 3rd Year | Risk: 30% | Attd: 76%
24CS0298,Meera@0298,student,Meera Hegde,meera.hegde.24cs0298@univ.edu,+91 9315734988,B.Tech CSE 2nd Year | Risk: 11% | Attd: 89%
22CS0299,Hemanth@0299,student,Hemanth Malhotra,hemanth.malhotra.22cs0299@univ.edu,+91 9568909764,B.Tech CSE 4th Year | Risk: 49% | Attd: 48%
24IT0300,Sai@0300,student,Sai Singh,sai.singh.24it0300@univ.edu,+91 9836381727,B.Tech IT 2nd Year | Risk: 14% | Attd: 93%
24EC0301,Deepak@0301,student,Deepak Mishra,deepak.mishra.24ec0301@univ.edu,+91 9843113786,B.Tech ECE 2nd Year | Risk: 31% | Attd: 71%
23EE0302,Kavya@0302,student,Kavya Kumar,kavya.kumar.23ee0302@univ.edu,+91 9573144707,B.Tech EEE 3rd Year | Risk: 13% | Attd: 94%
24EC0303,Vishal@0303,student,Vishal Reddy,vishal.reddy.24ec0303@univ.edu,+91 9540453426,B.Tech ECE 2nd Year | Risk: 31% | Attd: 74%
23CS0304,Tanvi@0304,student,Tanvi Rao,tanvi.rao.23cs0304@univ.edu,+91 9368006578,B.Tech CSE 3rd Year | Risk: 14% | Attd: 89%
24IT0305,Ritika@0305,student,Ritika Shetty,ritika.shetty.24it0305@univ.edu,+91 9541846158,B.Tech IT 2nd Year | Risk: 33% | Attd: 71%
23AI0306,Vishal@0306,student,Vishal Sharma,vishal.sharma.23ai0306@univ.edu,+91 9051791998,B.Tech AI&DS 3rd Year | Risk: 50% | Attd: 43%
24AI0307,Simran@0307,student,Simran Shah,simran.shah.24ai0307@univ.edu,+91 9009990686,B.Tech AI&DS 2nd Year | Risk: 9% | Attd: 85%
24EC0308,Vikram@0308,student,Vikram Tripathi,vikram.tripathi.24ec0308@univ.edu,+91 9534443249,B.Tech ECE 2nd Year | Risk: 18% | Attd: 82%
24EE0309,Abhishek@0309,student,Abhishek Bose,abhishek.bose.24ee0309@univ.edu,+91 9516108982,B.Tech EEE 2nd Year | Risk: 28% | Attd: 77%
24CS0310,Aarav@0310,student,Aarav Reddy,aarav.reddy.24cs0310@univ.edu,+91 9971499471,B.Tech CSE 2nd Year | Risk: 14% | Attd: 95%
23EC0311,Siddharth@0311,student,Siddharth Kapoor,siddharth.kapoor.23ec0311@univ.edu,+91 9860707259,B.Tech ECE 3rd Year | Risk: 12% | Attd: 80%
24CS0312,Nandini@0312,student,Nandini Iyer,nandini.iyer.24cs0312@univ.edu,+91 9099805719,B.Tech CSE 2nd Year | Risk: 26% | Attd: 76%
23CS0313,Deepak@0313,student,Deepak Mishra,deepak.mishra.23cs0313@univ.edu,+91 9951468274,B.Tech CSE 3rd Year | Risk: 5% | Attd: 94%
24CS0314,Shreya@0314,student,Shreya Kumar,shreya.kumar.24cs0314@univ.edu,+91 9656403241,B.Tech CSE 2nd Year | Risk: 8% | Attd: 97%
22CS0315,Rakesh@0315,student,Rakesh Roy,rakesh.roy.22cs0315@univ.edu,+91 9049362414,B.Tech CSE 4th Year | Risk: 11% | Attd: 82%
24EE0316,Sanjay@0316,student,Sanjay Reddy,sanjay.reddy.24ee0316@univ.edu,+91 9517468048,B.Tech EEE 2nd Year | Risk: 12% | Attd: 98%
24EE0317,Akash@0317,student,Akash Singh,akash.singh.24ee0317@univ.edu,+91 9806841821,B.Tech EEE 2nd Year | Risk: 9% | Attd: 94%
24EC0318,Manish@0318,student,Manish Hegde,manish.hegde.24ec0318@univ.edu,+91 9492949064,B.Tech ECE 2nd Year | Risk: 11% | Attd: 91%
23CS0319,Dev@0319,student,Dev Shah,dev.shah.23cs0319@univ.edu,+91 9038474240,B.Tech CSE 3rd Year | Risk: 18% | Attd: 79%
23EE0320,Ananya@0320,student,Ananya Gupta,ananya.gupta.23ee0320@univ.edu,+91 9886170931,B.Tech EEE 3rd Year | Risk: 7% | Attd: 93%
23EC0321,Siddharth@0321,student,Siddharth Kapoor,siddharth.kapoor.23ec0321@univ.edu,+91 9381327572,B.Tech ECE 3rd Year | Risk: 46% | Attd: 66%
23EE0322,Keerthi@0322,student,Keerthi Yadav,keerthi.yadav.23ee0322@univ.edu,+91 9114849044,B.Tech EEE 3rd Year | Risk: 11% | Attd: 94%
23CS0323,Abhishek@0323,student,Abhishek Joshi,abhishek.joshi.23cs0323@univ.edu,+91 9994957657,B.Tech CSE 3rd Year | Risk: 15% | Attd: 82%
23AI0324,Rashmi@0324,student,Rashmi Iyer,rashmi.iyer.23ai0324@univ.edu,+91 9464726604,B.Tech AI&DS 3rd Year | Risk: 32% | Attd: 76%
24IT0325,Megha@0325,student,Megha Pandey,megha.pandey.24it0325@univ.edu,+91 9946385913,B.Tech IT 2nd Year | Risk: 26% | Attd: 78%
23EC0326,Ishan@0326,student,Ishan Kulkarni,ishan.kulkarni.23ec0326@univ.edu,+91 9320955532,B.Tech ECE 3rd Year | Risk: 13% | Attd: 83%
24EE0327,Sunita@0327,student,Sunita Bhat,sunita.bhat.24ee0327@univ.edu,+91 9762782374,B.Tech EEE 2nd Year | Risk: 10% | Attd: 90%
23EE0328,Meera@0328,student,Meera Pandey,meera.pandey.23ee0328@univ.edu,+91 9723963430,B.Tech EEE 3rd Year | Risk: 7% | Attd: 97%
24AI0329,Shalini@0329,student,Shalini Chatterjee,shalini.chatterjee.24ai0329@univ.edu,+91 9805505027,B.Tech AI&DS 2nd Year | Risk: 31% | Attd: 69%
24IT0330,Keerthi@0330,student,Keerthi Bose,keerthi.bose.24it0330@univ.edu,+91 9110037068,B.Tech IT 2nd Year | Risk: 15% | Attd: 80%
23EE0331,Sunita@0331,student,Sunita Deshmukh,sunita.deshmukh.23ee0331@univ.edu,+91 9447284589,B.Tech EEE 3rd Year | Risk: 12% | Attd: 80%
24CS0332,Lavanya@0332,student,Lavanya Yadav,lavanya.yadav.24cs0332@univ.edu,+91 9756589701,B.Tech CSE 2nd Year | Risk: 5% | Attd: 93%
24EE0333,Preethi@0333,student,Preethi Ghosh,preethi.ghosh.24ee0333@univ.edu,+91 9789285590,B.Tech EEE 2nd Year | Risk: 18% | Attd: 81%
23AI0334,Akash@0334,student,Akash Sharma,akash.sharma.23ai0334@univ.edu,+91 9166221352,B.Tech AI&DS 3rd Year | Risk: 30% | Attd: 73%
22CS0335,Sanjay@0335,student,Sanjay Naidu,sanjay.naidu.22cs0335@univ.edu,+91 9564138658,B.Tech CSE 4th Year | Risk: 10% | Attd: 96%
22CS0336,Naveen@0336,student,Naveen Tripathi,naveen.tripathi.22cs0336@univ.edu,+91 9712249975,B.Tech CSE 4th Year | Risk: 17% | Attd: 81%
23IT0337,Vishal@0337,student,Vishal Chatterjee,vishal.chatterjee.23it0337@univ.edu,+91 9658956535,B.Tech IT 3rd Year | Risk: 9% | Attd: 93%
23EC0338,Shruti@0338,student,Shruti Sharma,shruti.sharma.23ec0338@univ.edu,+91 9882732880,B.Tech ECE 3rd Year | Risk: 14% | Attd: 88%
23AI0339,Payal@0339,student,Payal Pandey,payal.pandey.23ai0339@univ.edu,+91 9572525395,B.Tech AI&DS 3rd Year | Risk: 30% | Attd: 70%
23IT0340,Rahul@0340,student,Rahul Menon,rahul.menon.23it0340@univ.edu,+91 9801967913,B.Tech IT 3rd Year | Risk: 11% | Attd: 92%
24EC0341,Sneha@0341,student,Sneha Kapoor,sneha.kapoor.24ec0341@univ.edu,+91 9978164385,B.Tech ECE 2nd Year | Risk: 27% | Attd: 73%
23AI0342,Akash@0342,student,Akash Shah,akash.shah.23ai0342@univ.edu,+91 9067900845,B.Tech AI&DS 3rd Year | Risk: 10% | Attd: 96%
23CS0343,Rashmi@0343,student,Rashmi Sharma,rashmi.sharma.23cs0343@univ.edu,+91 9821706952,B.Tech CSE 3rd Year | Risk: 12% | Attd: 88%
23CS0344,Ritu@0344,student,Ritu Agarwal,ritu.agarwal.23cs0344@univ.edu,+91 9680801356,B.Tech CSE 3rd Year | Risk: 25% | Attd: 75%
24EE0345,Vishal@0345,student,Vishal Reddy,vishal.reddy.24ee0345@univ.edu,+91 9327159637,B.Tech EEE 2nd Year | Risk: 13% | Attd: 91%
24AI0346,Rakesh@0346,student,Rakesh Menon,rakesh.menon.24ai0346@univ.edu,+91 9720457041,B.Tech AI&DS 2nd Year | Risk: 16% | Attd: 87%
24AI0347,Priya@0347,student,Priya Yadav,priya.yadav.24ai0347@univ.edu,+91 9137669962,B.Tech AI&DS 2nd Year | Risk: 44% | Attd: 65%
24EC0348,Shruti@0348,student,Shruti Nair,shruti.nair.24ec0348@univ.edu,+91 9163632841,B.Tech ECE 2nd Year | Risk: 5% | Attd: 98%
24AI0349,Preethi@0349,student,Preethi Bhat,preethi.bhat.24ai0349@univ.edu,+91 9144209787,B.Tech AI&DS 2nd Year | Risk: 12% | Attd: 92%
23AI0350,Bhavana@0350,student,Bhavana Malhotra,bhavana.malhotra.23ai0350@univ.edu,+91 9903868346,B.Tech AI&DS 3rd Year | Risk: 15% | Attd: 84%
23IT0351,Karthik@0351,student,Karthik Dubey,karthik.dubey.23it0351@univ.edu,+91 9621589989,B.Tech IT 3rd Year | Risk: 6% | Attd: 95%
22CS0352,Dhruv@0352,student,Dhruv Menon,dhruv.menon.22cs0352@univ.edu,+91 9957173768,B.Tech CSE 4th Year | Risk: 16% | Attd: 83%
24AI0353,Keerthi@0353,student,Keerthi Kumar,keerthi.kumar.24ai0353@univ.edu,+91 9734612989,B.Tech AI&DS 2nd Year | Risk: 45% | Attd: 49%
24AI0354,Mayank@0354,student,Mayank Kumar,mayank.kumar.24ai0354@univ.edu,+91 9385253781,B.Tech AI&DS 2nd Year | Risk: 11% | Attd: 83%
23CS0355,Kunal@0355,student,Kunal Deshmukh,kunal.deshmukh.23cs0355@univ.edu,+91 9416711804,B.Tech CSE 3rd Year | Risk: 6% | Attd: 95%
22CS0356,Lokesh@0356,student,Lokesh Sharma,lokesh.sharma.22cs0356@univ.edu,+91 9621300772,B.Tech CSE 4th Year | Risk: 11% | Attd: 87%
23AI0357,Naveen@0357,student,Naveen Chauhan,naveen.chauhan.23ai0357@univ.edu,+91 9522763616,B.Tech AI&DS 3rd Year | Risk: 29% | Attd: 72%
24EE0358,Soundarya@0358,student,Soundarya Reddy,soundarya.reddy.24ee0358@univ.edu,+91 9168961168,B.Tech EEE 2nd Year | Risk: 49% | Attd: 62%
23AI0359,Hemanth@0359,student,Hemanth Deshmukh,hemanth.deshmukh.23ai0359@univ.edu,+91 9694989306,B.Tech AI&DS 3rd Year | Risk: 13% | Attd: 94%
24CS0360,Sneha@0360,student,Sneha Kulkarni,sneha.kulkarni.24cs0360@univ.edu,+91 9060035062,B.Tech CSE 2nd Year | Risk: 27% | Attd: 77%
24AI0361,Naveen@0361,student,Naveen Tripathi,naveen.tripathi.24ai0361@univ.edu,+91 9235540097,B.Tech AI&DS 2nd Year | Risk: 24% | Attd: 78%
24EE0362,Soundarya@0362,student,Soundarya Singh,soundarya.singh.24ee0362@univ.edu,+91 9246760672,B.Tech EEE 2nd Year | Risk: 25% | Attd: 74%
24CS0363,Karthik@0363,student,Karthik Nair,karthik.nair.24cs0363@univ.edu,+91 9968094454,B.Tech CSE 2nd Year | Risk: 10% | Attd: 98%
24EE0364,Pooja@0364,student,Pooja Dubey,pooja.dubey.24ee0364@univ.edu,+91 9463316186,B.Tech EEE 2nd Year | Risk: 4% | Attd: 96%
23EE0365,Vishal@0365,student,Vishal Sharma,vishal.sharma.23ee0365@univ.edu,+91 9512326496,B.Tech EEE 3rd Year | Risk: 30% | Attd: 78%
23EE0366,Kavya@0366,student,Kavya Chatterjee,kavya.chatterjee.23ee0366@univ.edu,+91 9558090039,B.Tech EEE 3rd Year | Risk: 17% | Attd: 79%
23AI0367,Pranav@0367,student,Pranav Bhat,pranav.bhat.23ai0367@univ.edu,+91 9454795749,B.Tech AI&DS 3rd Year | Risk: 12% | Attd: 87%
24AI0368,Pavitra@0368,student,Pavitra Das,pavitra.das.24ai0368@univ.edu,+91 9272491666,B.Tech AI&DS 2nd Year | Risk: 10% | Attd: 90%
24AI0369,Archana@0369,student,Archana Shetty,archana.shetty.24ai0369@univ.edu,+91 9430098998,B.Tech AI&DS 2nd Year | Risk: 15% | Attd: 84%
24CS0370,Sunita@0370,student,Sunita Roy,sunita.roy.24cs0370@univ.edu,+91 9094640346,B.Tech CSE 2nd Year | Risk: 6% | Attd: 94%
22CS0371,Siddharth@0371,student,Siddharth Pillai,siddharth.pillai.22cs0371@univ.edu,+91 9061700457,B.Tech CSE 4th Year | Risk: 8% | Attd: 95%
24AI0372,Meera@0372,student,Meera Saxena,meera.saxena.24ai0372@univ.edu,+91 9181980870,B.Tech AI&DS 2nd Year | Risk: 28% | Attd: 78%
24CS0373,Preethi@0373,student,Preethi Kulkarni,preethi.kulkarni.24cs0373@univ.edu,+91 9016499677,B.Tech CSE 2nd Year | Risk: 30% | Attd: 75%
23EE0374,Divya@0374,student,Divya Gupta,divya.gupta.23ee0374@univ.edu,+91 9998272632,B.Tech EEE 3rd Year | Risk: 31% | Attd: 73%
23IT0375,Aarav@0375,student,Aarav Bose,aarav.bose.23it0375@univ.edu,+91 9276696166,B.Tech IT 3rd Year | Risk: 53% | Attd: 51%
23AI0376,Archana@0376,student,Archana Bose,archana.bose.23ai0376@univ.edu,+91 9925590448,B.Tech AI&DS 3rd Year | Risk: 7% | Attd: 93%
23CS0377,Hemanth@0377,student,Hemanth Bose,hemanth.bose.23cs0377@univ.edu,+91 9575151857,B.Tech CSE 3rd Year | Risk: 6% | Attd: 92%
24EC0378,Gopi@0378,student,Gopi Kulkarni,gopi.kulkarni.24ec0378@univ.edu,+91 9234683594,B.Tech ECE 2nd Year | Risk: 14% | Attd: 84%
23IT0379,Samyuktha@0379,student,Samyuktha Mishra,samyuktha.mishra.23it0379@univ.edu,+91 9896510519,B.Tech IT 3rd Year | Risk: 15% | Attd: 87%
24IT0380,Samar@0380,student,Samar Shetty,samar.shetty.24it0380@univ.edu,+91 9398569245,B.Tech IT 2nd Year | Risk: 4% | Attd: 96%
23EC0381,Ritika@0381,student,Ritika Sinha,ritika.sinha.23ec0381@univ.edu,+91 9513592269,B.Tech ECE 3rd Year | Risk: 27% | Attd: 78%
23EC0382,Pooja@0382,student,Pooja Pandey,pooja.pandey.23ec0382@univ.edu,+91 9012691606,B.Tech ECE 3rd Year | Risk: 12% | Attd: 95%
23CS0383,Ritu@0383,student,Ritu Ghosh,ritu.ghosh.23cs0383@univ.edu,+91 9368397022,B.Tech CSE 3rd Year | Risk: 29% | Attd: 73%
23IT0384,Kunal@0384,student,Kunal Jain,kunal.jain.23it0384@univ.edu,+91 9140809604,B.Tech IT 3rd Year | Risk: 11% | Attd: 87%
24EC0385,Aishwarya@0385,student,Aishwarya Nair,aishwarya.nair.24ec0385@univ.edu,+91 9452604373,B.Tech ECE 2nd Year | Risk: 32% | Attd: 71%
23EC0386,Nikhil@0386,student,Nikhil Dubey,nikhil.dubey.23ec0386@univ.edu,+91 9064463569,B.Tech ECE 3rd Year | Risk: 17% | Attd: 80%
23CS0387,Gopi@0387,student,Gopi Malhotra,gopi.malhotra.23cs0387@univ.edu,+91 9021298026,B.Tech CSE 3rd Year | Risk: 28% | Attd: 77%
24IT0388,Rakesh@0388,student,Rakesh Naidu,rakesh.naidu.24it0388@univ.edu,+91 9409171868,B.Tech IT 2nd Year | Risk: 26% | Attd: 77%
23IT0389,Vaishnavi@0389,student,Vaishnavi Singh,vaishnavi.singh.23it0389@univ.edu,+91 9245047145,B.Tech IT 3rd Year | Risk: 18% | Attd: 81%
23EE0390,Ankit@0390,student,Ankit Das,ankit.das.23ee0390@univ.edu,+91 9179656450,B.Tech EEE 3rd Year | Risk: 5% | Attd: 95%
23IT0391,Arjun@0391,student,Arjun Kumar,arjun.kumar.23it0391@univ.edu,+91 9057794625,B.Tech IT 3rd Year | Risk: 31% | Attd: 70%
24CS0392,Suraj@0392,student,Suraj Tripathi,suraj.tripathi.24cs0392@univ.edu,+91 9475839885,B.Tech CSE 2nd Year | Risk: 51% | Attd: 54%
24IT0393,Rhea@0393,student,Rhea Tripathi,rhea.tripathi.24it0393@univ.edu,+91 9292502766,B.Tech IT 2nd Year | Risk: 5% | Attd: 93%
23IT0394,Karthik@0394,student,Karthik Dubey,karthik.dubey.23it0394@univ.edu,+91 9517169553,B.Tech IT 3rd Year | Risk: 10% | Attd: 96%
23EC0395,Rohan@0395,student,Rohan Shah,rohan.shah.23ec0395@univ.edu,+91 9307908620,B.Tech ECE 3rd Year | Risk: 32% | Attd: 69%
23AI0396,Aarav@0396,student,Aarav Saxena,aarav.saxena.23ai0396@univ.edu,+91 9442098017,B.Tech AI&DS 3rd Year | Risk: 16% | Attd: 79%
24IT0397,Nandini@0397,student,Nandini Agarwal,nandini.agarwal.24it0397@univ.edu,+91 9820916739,B.Tech IT 2nd Year | Risk: 31% | Attd: 70%
23EC0398,Pavitra@0398,student,Pavitra Das,pavitra.das.23ec0398@univ.edu,+91 9486155117,B.Tech ECE 3rd Year | Risk: 30% | Attd: 73%
23IT0399,Samar@0399,student,Samar Saxena,samar.saxena.23it0399@univ.edu,+91 9302918178,B.Tech IT 3rd Year | Risk: 20% | Attd: 79%
24IT0400,Prakash@0400,student,Prakash Reddy,prakash.reddy.24it0400@univ.edu,+91 9497877404,B.Tech IT 2nd Year | Risk: 28% | Attd: 75%
24CS0401,Pooja@0401,student,Pooja Hegde,pooja.hegde.24cs0401@univ.edu,+91 9889328868,B.Tech CSE 2nd Year | Risk: 51% | Attd: 57%
24AI0402,Manish@0402,student,Manish Chauhan,manish.chauhan.24ai0402@univ.edu,+91 9507692567,B.Tech AI&DS 2nd Year | Risk: 15% | Attd: 82%
24IT0403,Tarun@0403,student,Tarun Bhat,tarun.bhat.24it0403@univ.edu,+91 9952966891,B.Tech IT 2nd Year | Risk: 28% | Attd: 76%
23IT0404,Pranav@0404,student,Pranav Iyer,pranav.iyer.23it0404@univ.edu,+91 9009588354,B.Tech IT 3rd Year | Risk: 12% | Attd: 97%
24EE0405,Rashmi@0405,student,Rashmi Malhotra,rashmi.malhotra.24ee0405@univ.edu,+91 9064480705,B.Tech EEE 2nd Year | Risk: 29% | Attd: 70%
24CS0406,Varun@0406,student,Varun Dubey,varun.dubey.24cs0406@univ.edu,+91 9787255513,B.Tech CSE 2nd Year | Risk: 8% | Attd: 90%
23IT0407,Akash@0407,student,Akash Shetty,akash.shetty.23it0407@univ.edu,+91 9608491359,B.Tech IT 3rd Year | Risk: 8% | Attd: 96%
23AI0408,Rakesh@0408,student,Rakesh Bhat,rakesh.bhat.23ai0408@univ.edu,+91 9394184264,B.Tech AI&DS 3rd Year | Risk: 53% | Attd: 46%
24IT0409,Mayank@0409,student,Mayank Chauhan,mayank.chauhan.24it0409@univ.edu,+91 9203870775,B.Tech IT 2nd Year | Risk: 28% | Attd: 70%
23IT0410,Kunal@0410,student,Kunal Yadav,kunal.yadav.23it0410@univ.edu,+91 9191811951,B.Tech IT 3rd Year | Risk: 49% | Attd: 58%
24AI0411,Swati@0411,student,Swati Nair,swati.nair.24ai0411@univ.edu,+91 9669983207,B.Tech AI&DS 2nd Year | Risk: 8% | Attd: 91%
24EC0412,Anushka@0412,student,Anushka Verma,anushka.verma.24ec0412@univ.edu,+91 9502574675,B.Tech ECE 2nd Year | Risk: 14% | Attd: 85%
23EE0413,Priya@0413,student,Priya Pillai,priya.pillai.23ee0413@univ.edu,+91 9231820924,B.Tech EEE 3rd Year | Risk: 30% | Attd: 69%
23IT0414,Deepika@0414,student,Deepika Nair,deepika.nair.23it0414@univ.edu,+91 9599602642,B.Tech IT 3rd Year | Risk: 9% | Attd: 97%
23EE0415,Simran@0415,student,Simran Nair,simran.nair.23ee0415@univ.edu,+91 9431168733,B.Tech EEE 3rd Year | Risk: 10% | Attd: 84%
23EE0416,Gautam@0416,student,Gautam Dubey,gautam.dubey.23ee0416@univ.edu,+91 9820536715,B.Tech EEE 3rd Year | Risk: 8% | Attd: 89%
24IT0417,Lavanya@0417,student,Lavanya Naidu,lavanya.naidu.24it0417@univ.edu,+91 9779872949,B.Tech IT 2nd Year | Risk: 27% | Attd: 76%
22CS0418,Ankit@0418,student,Ankit Naidu,ankit.naidu.22cs0418@univ.edu,+91 9828416590,B.Tech CSE 4th Year | Risk: 31% | Attd: 72%
24EE0419,Samyuktha@0419,student,Samyuktha Yadav,samyuktha.yadav.24ee0419@univ.edu,+91 9250175561,B.Tech EEE 2nd Year | Risk: 29% | Attd: 71%
23EE0420,Tarun@0420,student,Tarun Gupta,tarun.gupta.23ee0420@univ.edu,+91 9879947812,B.Tech EEE 3rd Year | Risk: 10% | Attd: 94%
22CS0421,Soundarya@0421,student,Soundarya Banerjee,soundarya.banerjee.22cs0421@univ.edu,+91 9447236783,B.Tech CSE 4th Year | Risk: 12% | Attd: 89%
24EE0422,Shreya@0422,student,Shreya Deshmukh,shreya.deshmukh.24ee0422@univ.edu,+91 9350932787,B.Tech EEE 2nd Year | Risk: 29% | Attd: 69%
22CS0423,Siddharth@0423,student,Siddharth Singh,siddharth.singh.22cs0423@univ.edu,+91 9463787397,B.Tech CSE 4th Year | Risk: 9% | Attd: 97%
23IT0424,Suraj@0424,student,Suraj Singh,suraj.singh.23it0424@univ.edu,+91 9427915151,B.Tech IT 3rd Year | Risk: 12% | Attd: 96%
24AI0425,Karthik@0425,student,Karthik Kumar,karthik.kumar.24ai0425@univ.edu,+91 9260183853,B.Tech AI&DS 2nd Year | Risk: 23% | Attd: 78%
24EE0426,Harish@0426,student,Harish Bhat,harish.bhat.24ee0426@univ.edu,+91 9181736451,B.Tech EEE 2nd Year | Risk: 33% | Attd: 72%
24EE0427,Pavitra@0427,student,Pavitra Shah,pavitra.shah.24ee0427@univ.edu,+91 9794119729,B.Tech EEE 2nd Year | Risk: 32% | Attd: 74%
24EC0428,Samar@0428,student,Samar Singh,samar.singh.24ec0428@univ.edu,+91 9227499388,B.Tech ECE 2nd Year | Risk: 15% | Attd: 79%
23EE0429,Nikhil@0429,student,Nikhil Bose,nikhil.bose.23ee0429@univ.edu,+91 9304957218,B.Tech EEE 3rd Year | Risk: 31% | Attd: 77%
23CS0430,Samar@0430,student,Samar Das,samar.das.23cs0430@univ.edu,+91 9020485196,B.Tech CSE 3rd Year | Risk: 28% | Attd: 73%
24AI0431,Akash@0431,student,Akash Deshmukh,akash.deshmukh.24ai0431@univ.edu,+91 9602033662,B.Tech AI&DS 2nd Year | Risk: 15% | Attd: 84%
23IT0432,Sneha@0432,student,Sneha Sharma,sneha.sharma.23it0432@univ.edu,+91 9381584364,B.Tech IT 3rd Year | Risk: 16% | Attd: 79%
24EC0433,Shruti@0433,student,Shruti Pandey,shruti.pandey.24ec0433@univ.edu,+91 9242217581,B.Tech ECE 2nd Year | Risk: 13% | Attd: 79%
22CS0434,Suraj@0434,student,Suraj Kumar,suraj.kumar.22cs0434@univ.edu,+91 9164013159,B.Tech CSE 4th Year | Risk: 11% | Attd: 86%
23EC0435,Tarun@0435,student,Tarun Naidu,tarun.naidu.23ec0435@univ.edu,+91 9926196453,B.Tech ECE 3rd Year | Risk: 9% | Attd: 97%
24AI0436,Nikhil@0436,student,Nikhil Kumar,nikhil.kumar.24ai0436@univ.edu,+91 9341017812,B.Tech AI&DS 2nd Year | Risk: 29% | Attd: 77%
23EC0437,Ishita@0437,student,Ishita Patel,ishita.patel.23ec0437@univ.edu,+91 9114644955,B.Tech ECE 3rd Year | Risk: 16% | Attd: 87%
23EE0438,Arjun@0438,student,Arjun Roy,arjun.roy.23ee0438@univ.edu,+91 9085336088,B.Tech EEE 3rd Year | Risk: 33% | Attd: 72%
23EE0439,Megha@0439,student,Megha Kumar,megha.kumar.23ee0439@univ.edu,+91 9207511166,B.Tech EEE 3rd Year | Risk: 11% | Attd: 94%
23EC0440,Ajay@0440,student,Ajay Reddy,ajay.reddy.23ec0440@univ.edu,+91 9930692464,B.Tech ECE 3rd Year | Risk: 45% | Attd: 56%
24AI0441,Manish@0441,student,Manish Jain,manish.jain.24ai0441@univ.edu,+91 9940364803,B.Tech AI&DS 2nd Year | Risk: 25% | Attd: 78%
23CS0442,Pooja@0442,student,Pooja Tripathi,pooja.tripathi.23cs0442@univ.edu,+91 9598826833,B.Tech CSE 3rd Year | Risk: 10% | Attd: 91%
23EC0443,Sai@0443,student,Sai Joshi,sai.joshi.23ec0443@univ.edu,+91 9740831347,B.Tech ECE 3rd Year | Risk: 14% | Attd: 92%
24AI0444,Varun@0444,student,Varun Kapoor,varun.kapoor.24ai0444@univ.edu,+91 9422052175,B.Tech AI&DS 2nd Year | Risk: 23% | Attd: 78%
23IT0445,Prakash@0445,student,Prakash Patel,prakash.patel.23it0445@univ.edu,+91 9771348981,B.Tech IT 3rd Year | Risk: 46% | Attd: 52%
23AI0446,Kavya@0446,student,Kavya Iyer,kavya.iyer.23ai0446@univ.edu,+91 9406603082,B.Tech AI&DS 3rd Year | Risk: 10% | Attd: 95%
24EC0447,Pooja@0447,student,Pooja Chowdary,pooja.chowdary.24ec0447@univ.edu,+91 9784005207,B.Tech ECE 2nd Year | Risk: 16% | Attd: 80%
24IT0448,Komal@0448,student,Komal Chatterjee,komal.chatterjee.24it0448@univ.edu,+91 9918490625,B.Tech IT 2nd Year | Risk: 15% | Attd: 87%
24AI0449,Aarav@0449,student,Aarav Naidu,aarav.naidu.24ai0449@univ.edu,+91 9007057729,B.Tech AI&DS 2nd Year | Risk: 11% | Attd: 93%
24EE0450,Tanmay@0450,student,Tanmay Das,tanmay.das.24ee0450@univ.edu,+91 9899811151,B.Tech EEE 2nd Year | Risk: 55% | Attd: 53%
24CS0451,Bhavana@0451,student,Bhavana Gupta,bhavana.gupta.24cs0451@univ.edu,+91 9614483748,B.Tech CSE 2nd Year | Risk: 5% | Attd: 98%
23EE0452,Meera@0452,student,Meera Kapoor,meera.kapoor.23ee0452@univ.edu,+91 9069713616,B.Tech EEE 3rd Year | Risk: 26% | Attd: 75%
23EC0453,Karthik@0453,student,Karthik Iyer,karthik.iyer.23ec0453@univ.edu,+91 9783540031,B.Tech ECE 3rd Year | Risk: 31% | Attd: 72%
23AI0454,Ankita@0454,student,Ankita Gupta,ankita.gupta.23ai0454@univ.edu,+91 9659588843,B.Tech AI&DS 3rd Year | Risk: 25% | Attd: 78%
24AI0455,Ankita@0455,student,Ankita Saxena,ankita.saxena.24ai0455@univ.edu,+91 9671583357,B.Tech AI&DS 2nd Year | Risk: 17% | Attd: 79%
23AI0456,Neha@0456,student,Neha Roy,neha.roy.23ai0456@univ.edu,+91 9740900181,B.Tech AI&DS 3rd Year | Risk: 18% | Attd: 85%
23EC0457,Rahul@0457,student,Rahul Banerjee,rahul.banerjee.23ec0457@univ.edu,+91 9661417815,B.Tech ECE 3rd Year | Risk: 10% | Attd: 89%
23EC0458,Meera@0458,student,Meera Joshi,meera.joshi.23ec0458@univ.edu,+91 9494584739,B.Tech ECE 3rd Year | Risk: 12% | Attd: 83%
23AI0459,Shalini@0459,student,Shalini Hegde,shalini.hegde.23ai0459@univ.edu,+91 9619975993,B.Tech AI&DS 3rd Year | Risk: 31% | Attd: 74%
23IT0460,Pallavi@0460,student,Pallavi Rao,pallavi.rao.23it0460@univ.edu,+91 9201196574,B.Tech IT 3rd Year | Risk: 13% | Attd: 84%
23CS0461,Harini@0461,student,Harini Bhat,harini.bhat.23cs0461@univ.edu,+91 9232078427,B.Tech CSE 3rd Year | Risk: 12% | Attd: 90%
24EC0462,Naveen@0462,student,Naveen Iyer,naveen.iyer.24ec0462@univ.edu,+91 9165439752,B.Tech ECE 2nd Year | Risk: 12% | Attd: 79%
23EC0463,Yash@0463,student,Yash Tripathi,yash.tripathi.23ec0463@univ.edu,+91 9493243074,B.Tech ECE 3rd Year | Risk: 18% | Attd: 83%
23CS0464,Nikhil@0464,student,Nikhil Iyer,nikhil.iyer.23cs0464@univ.edu,+91 9620150147,B.Tech CSE 3rd Year | Risk: 32% | Attd: 69%
24IT0465,Neha@0465,student,Neha Bhat,neha.bhat.24it0465@univ.edu,+91 9169110063,B.Tech IT 2nd Year | Risk: 28% | Attd: 76%
24EE0466,Aarav@0466,student,Aarav Roy,aarav.roy.24ee0466@univ.edu,+91 9616416868,B.Tech EEE 2nd Year | Risk: 15% | Attd: 87%
23EE0467,Rahul@0467,student,Rahul Banerjee,rahul.banerjee.23ee0467@univ.edu,+91 9411886978,B.Tech EEE 3rd Year | Risk: 28% | Attd: 76%
23IT0468,Harish@0468,student,Harish Agarwal,harish.agarwal.23it0468@univ.edu,+91 9990831766,B.Tech IT 3rd Year | Risk: 27% | Attd: 72%
24IT0469,Vaishnavi@0469,student,Vaishnavi Sinha,vaishnavi.sinha.24it0469@univ.edu,+91 9154319982,B.Tech IT 2nd Year | Risk: 11% | Attd: 93%
23EC0470,Pavitra@0470,student,Pavitra Bose,pavitra.bose.23ec0470@univ.edu,+91 9377356707,B.Tech ECE 3rd Year | Risk: 20% | Attd: 79%
24EC0471,Gautam@0471,student,Gautam Chatterjee,gautam.chatterjee.24ec0471@univ.edu,+91 9076154050,B.Tech ECE 2nd Year | Risk: 13% | Attd: 82%
23AI0472,Shalini@0472,student,Shalini Kapoor,shalini.kapoor.23ai0472@univ.edu,+91 9223594003,B.Tech AI&DS 3rd Year | Risk: 10% | Attd: 94%
23AI0473,Rashmi@0473,student,Rashmi Jain,rashmi.jain.23ai0473@univ.edu,+91 9898451531,B.Tech AI&DS 3rd Year | Risk: 11% | Attd: 81%
23AI0474,Dhruv@0474,student,Dhruv Naidu,dhruv.naidu.23ai0474@univ.edu,+91 9874097480,B.Tech AI&DS 3rd Year | Risk: 32% | Attd: 75%
24AI0475,Ritu@0475,student,Ritu Bhat,ritu.bhat.24ai0475@univ.edu,+91 9486377578,B.Tech AI&DS 2nd Year | Risk: 15% | Attd: 79%
23EE0476,Akash@0476,student,Akash Roy,akash.roy.23ee0476@univ.edu,+91 9982600383,B.Tech EEE 3rd Year | Risk: 26% | Attd: 73%
22CS0477,Rohan@0477,student,Rohan Ghosh,rohan.ghosh.22cs0477@univ.edu,+91 9057045020,B.Tech CSE 4th Year | Risk: 14% | Attd: 80%
23CS0478,Tanmay@0478,student,Tanmay Shetty,tanmay.shetty.23cs0478@univ.edu,+91 9435974242,B.Tech CSE 3rd Year | Risk: 9% | Attd: 91%
23IT0479,Shreyas@0479,student,Shreyas Menon,shreyas.menon.23it0479@univ.edu,+91 9937092815,B.Tech IT 3rd Year | Risk: 29% | Attd: 74%
22CS0480,Rhea@0480,student,Rhea Reddy,rhea.reddy.22cs0480@univ.edu,+91 9865373223,B.Tech CSE 4th Year | Risk: 14% | Attd: 83%
24AI0481,Lokesh@0481,student,Lokesh Naidu,lokesh.naidu.24ai0481@univ.edu,+91 9199491606,B.Tech AI&DS 2nd Year | Risk: 12% | Attd: 93%
24AI0482,Aarav@0482,student,Aarav Sinha,aarav.sinha.24ai0482@univ.edu,+91 9040657269,B.Tech AI&DS 2nd Year | Risk: 11% | Attd: 96%
23EE0483,Preethi@0483,student,Preethi Iyer,preethi.iyer.23ee0483@univ.edu,+91 9499221581,B.Tech EEE 3rd Year | Risk: 6% | Attd: 95%
24CS0484,Nikhil@0484,student,Nikhil Roy,nikhil.roy.24cs0484@univ.edu,+91 9574487589,B.Tech CSE 2nd Year | Risk: 11% | Attd: 88%
23EE0485,Megha@0485,student,Megha Kapoor,megha.kapoor.23ee0485@univ.edu,+91 9990918230,B.Tech EEE 3rd Year | Risk: 32% | Attd: 73%
24EC0486,Harini@0486,student,Harini Sinha,harini.sinha.24ec0486@univ.edu,+91 9670355280,B.Tech ECE 2nd Year | Risk: 30% | Attd: 69%
24IT0487,Kunal@0487,student,Kunal Gupta,kunal.gupta.24it0487@univ.edu,+91 9796103507,B.Tech IT 2nd Year | Risk: 12% | Attd: 87%
23IT0488,Naveen@0488,student,Naveen Ghosh,naveen.ghosh.23it0488@univ.edu,+91 9925580949,B.Tech IT 3rd Year | Risk: 11% | Attd: 86%
24EE0489,Rohan@0489,student,Rohan Singh,rohan.singh.24ee0489@univ.edu,+91 9620362276,B.Tech EEE 2nd Year | Risk: 28% | Attd: 76%
24EC0490,Pallavi@0490,student,Pallavi Verma,pallavi.verma.24ec0490@univ.edu,+91 9407807998,B.Tech ECE 2nd Year | Risk: 27% | Attd: 73%
24EC0491,Ritu@0491,student,Ritu Malhotra,ritu.malhotra.24ec0491@univ.edu,+91 9733232853,B.Tech ECE 2nd Year | Risk: 28% | Attd: 76%
23EC0492,Deepika@0492,student,Deepika Dubey,deepika.dubey.23ec0492@univ.edu,+91 9495111580,B.Tech ECE 3rd Year | Risk: 29% | Attd: 70%
23IT0493,Shruti@0493,student,Shruti Ghosh,shruti.ghosh.23it0493@univ.edu,+91 9441575005,B.Tech IT 3rd Year | Risk: 16% | Attd: 79%
24EC0494,Vikram@0494,student,Vikram Shah,vikram.shah.24ec0494@univ.edu,+91 9705024801,B.Tech ECE 2nd Year | Risk: 32% | Attd: 69%
22CS0495,Neha@0495,student,Neha Naidu,neha.naidu.22cs0495@univ.edu,+91 9746952406,B.Tech CSE 4th Year | Risk: 27% | Attd: 78%
22CS0496,Ankit@0496,student,Ankit Kapoor,ankit.kapoor.22cs0496@univ.edu,+91 9297735164,B.Tech CSE 4th Year | Risk: 15% | Attd: 89%
24EC0497,Ritu@0497,student,Ritu Chauhan,ritu.chauhan.24ec0497@univ.edu,+91 9655306663,B.Tech ECE 2nd Year | Risk: 7% | Attd: 94%
23IT0498,Kunal@0498,student,Kunal Nair,kunal.nair.23it0498@univ.edu,+91 9075604661,B.Tech IT 3rd Year | Risk: 17% | Attd: 87%
23CS0499,Anushka@0499,student,Anushka Shah,anushka.shah.23cs0499@univ.edu,+91 9971325694,B.Tech CSE 3rd Year | Risk: 15% | Attd: 87%
23AI0500,Aarav@0500,student,Aarav Pandey,aarav.pandey.23ai0500@univ.edu,+91 9130141431,B.Tech AI&DS 3rd Year | Risk: 15% | Attd: 79%
23EC0501,Pallavi@0501,student,Pallavi Hegde,pallavi.hegde.23ec0501@univ.edu,+91 9816530277,B.Tech ECE 3rd Year | Risk: 14% | Attd: 89%
24EE0502,Swati@0502,student,Swati Mishra,swati.mishra.24ee0502@univ.edu,+91 9522379207,B.Tech EEE 2nd Year | Risk: 13% | Attd: 82%
24IT0503,Prakash@0503,student,Prakash Joshi,prakash.joshi.24it0503@univ.edu,+91 9330423516,B.Tech IT 2nd Year | Risk: 28% | Attd: 75%
23CS0504,Prakash@0504,student,Prakash Patel,prakash.patel.23cs0504@univ.edu,+91 9492171427,B.Tech CSE 3rd Year | Risk: 10% | Attd: 85%
24EE0505,Shalini@0505,student,Shalini Singh,shalini.singh.24ee0505@univ.edu,+91 9049179197,B.Tech EEE 2nd Year | Risk: 14% | Attd: 79%
24IT0506,Karthik@0506,student,Karthik Reddy,karthik.reddy.24it0506@univ.edu,+91 9122599500,B.Tech IT 2nd Year | Risk: 13% | Attd: 97%
24CS0507,Samar@0507,student,Samar Deshmukh,samar.deshmukh.24cs0507@univ.edu,+91 9820583443,B.Tech CSE 2nd Year | Risk: 27% | Attd: 78%
24CS0508,Naveen@0508,student,Naveen Hegde,naveen.hegde.24cs0508@univ.edu,+91 9993936529,B.Tech CSE 2nd Year | Risk: 27% | Attd: 74%
23EE0509,Rhea@0509,student,Rhea Nair,rhea.nair.23ee0509@univ.edu,+91 9994431991,B.Tech EEE 3rd Year | Risk: 20% | Attd: 81%
23AI0510,Dhruv@0510,student,Dhruv Chatterjee,dhruv.chatterjee.23ai0510@univ.edu,+91 9187420491,B.Tech AI&DS 3rd Year | Risk: 28% | Attd: 73%
23IT0511,Pooja@0511,student,Pooja Naidu,pooja.naidu.23it0511@univ.edu,+91 9569296859,B.Tech IT 3rd Year | Risk: 31% | Attd: 69%
24EE0512,Pavitra@0512,student,Pavitra Pillai,pavitra.pillai.24ee0512@univ.edu,+91 9534202492,B.Tech EEE 2nd Year | Risk: 48% | Attd: 45%
23EC0513,Aditya@0513,student,Aditya Verma,aditya.verma.23ec0513@univ.edu,+91 9188857880,B.Tech ECE 3rd Year | Risk: 32% | Attd: 76%
24EE0514,Arjun@0514,student,Arjun Saxena,arjun.saxena.24ee0514@univ.edu,+91 9247028515,B.Tech EEE 2nd Year | Risk: 12% | Attd: 89%
24CS0515,Lavanya@0515,student,Lavanya Deshmukh,lavanya.deshmukh.24cs0515@univ.edu,+91 9058346438,B.Tech CSE 2nd Year | Risk: 29% | Attd: 72%
23EE0516,Ishita@0516,student,Ishita Menon,ishita.menon.23ee0516@univ.edu,+91 9360660580,B.Tech EEE 3rd Year | Risk: 29% | Attd: 72%
24EC0517,Dev@0517,student,Dev Verma,dev.verma.24ec0517@univ.edu,+91 9648149205,B.Tech ECE 2nd Year | Risk: 14% | Attd: 89%
24EE0518,Samar@0518,student,Samar Chowdary,samar.chowdary.24ee0518@univ.edu,+91 9299757448,B.Tech EEE 2nd Year | Risk: 12% | Attd: 85%
23IT0519,Harish@0519,student,Harish Kulkarni,harish.kulkarni.23it0519@univ.edu,+91 9964490521,B.Tech IT 3rd Year | Risk: 3% | Attd: 97%
24AI0520,Aditya@0520,student,Aditya Sharma,aditya.sharma.24ai0520@univ.edu,+91 9089218841,B.Tech AI&DS 2nd Year | Risk: 16% | Attd: 82%
24IT0521,Ananya@0521,student,Ananya Mehta,ananya.mehta.24it0521@univ.edu,+91 9173734464,B.Tech IT 2nd Year | Risk: 18% | Attd: 81%
23CS0522,Archana@0522,student,Archana Ghosh,archana.ghosh.23cs0522@univ.edu,+91 9075912037,B.Tech CSE 3rd Year | Risk: 31% | Attd: 74%
23CS0523,Deepak@0523,student,Deepak Tripathi,deepak.tripathi.23cs0523@univ.edu,+91 9666208705,B.Tech CSE 3rd Year | Risk: 13% | Attd: 85%
24EC0524,Priya@0524,student,Priya Pandey,priya.pandey.24ec0524@univ.edu,+91 9695970088,B.Tech ECE 2nd Year | Risk: 17% | Attd: 80%
24IT0525,Divya@0525,student,Divya Yadav,divya.yadav.24it0525@univ.edu,+91 9935370195,B.Tech IT 2nd Year | Risk: 43% | Attd: 57%
23EC0526,Neha@0526,student,Neha Deshmukh,neha.deshmukh.23ec0526@univ.edu,+91 9538427940,B.Tech ECE 3rd Year | Risk: 30% | Attd: 70%
23EE0527,Hemanth@0527,student,Hemanth Malhotra,hemanth.malhotra.23ee0527@univ.edu,+91 9093747059,B.Tech EEE 3rd Year | Risk: 16% | Attd: 81%
24CS0528,Naveen@0528,student,Naveen Chatterjee,naveen.chatterjee.24cs0528@univ.edu,+91 9559084094,B.Tech CSE 2nd Year | Risk: 13% | Attd: 94%
24AI0529,Sneha@0529,student,Sneha Chatterjee,sneha.chatterjee.24ai0529@univ.edu,+91 9023661636,B.Tech AI&DS 2nd Year | Risk: 19% | Attd: 79%
23EC0530,Aishwarya@0530,student,Aishwarya Tripathi,aishwarya.tripathi.23ec0530@univ.edu,+91 9491781368,B.Tech ECE 3rd Year | Risk: 6% | Attd: 95%
23IT0531,Karthik@0531,student,Karthik Banerjee,karthik.banerjee.23it0531@univ.edu,+91 9489547387,B.Tech IT 3rd Year | Risk: 18% | Attd: 80%
23EE0532,Pavitra@0532,student,Pavitra Chowdary,pavitra.chowdary.23ee0532@univ.edu,+91 9135799902,B.Tech EEE 3rd Year | Risk: 32% | Attd: 70%
24IT0533,Vishal@0533,student,Vishal Mishra,vishal.mishra.24it0533@univ.edu,+91 9323797338,B.Tech IT 2nd Year | Risk: 29% | Attd: 76%
24AI0534,Arjun@0534,student,Arjun Agarwal,arjun.agarwal.24ai0534@univ.edu,+91 9694972902,B.Tech AI&DS 2nd Year | Risk: 43% | Attd: 65%
24EE0535,Megha@0535,student,Megha Chatterjee,megha.chatterjee.24ee0535@univ.edu,+91 9728005909,B.Tech EEE 2nd Year | Risk: 8% | Attd: 94%
24AI0536,Harini@0536,student,Harini Patel,harini.patel.24ai0536@univ.edu,+91 9238525147,B.Tech AI&DS 2nd Year | Risk: 24% | Attd: 78%
24CS0537,Samyuktha@0537,student,Samyuktha Joshi,samyuktha.joshi.24cs0537@univ.edu,+91 9647650867,B.Tech CSE 2nd Year | Risk: 13% | Attd: 91%
24AI0538,Priya@0538,student,Priya Pillai,priya.pillai.24ai0538@univ.edu,+91 9478433629,B.Tech AI&DS 2nd Year | Risk: 31% | Attd: 69%
23AI0539,Kavya@0539,student,Kavya Menon,kavya.menon.23ai0539@univ.edu,+91 9149859658,B.Tech AI&DS 3rd Year | Risk: 8% | Attd: 92%
24IT0540,Soundarya@0540,student,Soundarya Gupta,soundarya.gupta.24it0540@univ.edu,+91 9811871283,B.Tech IT 2nd Year | Risk: 10% | Attd: 81%
23EC0541,Aarav@0541,student,Aarav Mehta,aarav.mehta.23ec0541@univ.edu,+91 9310808710,B.Tech ECE 3rd Year | Risk: 16% | Attd: 83%
23EE0542,Pooja@0542,student,Pooja Banerjee,pooja.banerjee.23ee0542@univ.edu,+91 9895761677,B.Tech EEE 3rd Year | Risk: 32% | Attd: 69%
24AI0543,Shreya@0543,student,Shreya Chatterjee,shreya.chatterjee.24ai0543@univ.edu,+91 9800544937,B.Tech AI&DS 2nd Year | Risk: 53% | Attd: 50%
23AI0544,Yash@0544,student,Yash Sinha,yash.sinha.23ai0544@univ.edu,+91 9624546761,B.Tech AI&DS 3rd Year | Risk: 29% | Attd: 78%
23IT0545,Sanjay@0545,student,Sanjay Kapoor,sanjay.kapoor.23it0545@univ.edu,+91 9686063606,B.Tech IT 3rd Year | Risk: 31% | Attd: 74%
24IT0546,Payal@0546,student,Payal Joshi,payal.joshi.24it0546@univ.edu,+91 9735989586,B.Tech IT 2nd Year | Risk: 27% | Attd: 74%
23EE0547,Preethi@0547,student,Preethi Nair,preethi.nair.23ee0547@univ.edu,+91 9365408396,B.Tech EEE 3rd Year | Risk: 8% | Attd: 90%
24IT0548,Tanvi@0548,student,Tanvi Nair,tanvi.nair.24it0548@univ.edu,+91 9908460479,B.Tech IT 2nd Year | Risk: 6% | Attd: 96%
23AI0549,Tanmay@0549,student,Tanmay Iyer,tanmay.iyer.23ai0549@univ.edu,+91 9149265120,B.Tech AI&DS 3rd Year | Risk: 10% | Attd: 94%
24EC0550,Soundarya@0550,student,Soundarya Tripathi,soundarya.tripathi.24ec0550@univ.edu,+91 9738785008,B.Tech ECE 2nd Year | Risk: 18% | Attd: 82%
24IT0551,Karthik@0551,student,Karthik Menon,karthik.menon.24it0551@univ.edu,+91 9115768032,B.Tech IT 2nd Year | Risk: 49% | Attd: 57%
23CS0552,Mayank@0552,student,Mayank Ghosh,mayank.ghosh.23cs0552@univ.edu,+91 9987947780,B.Tech CSE 3rd Year | Risk: 51% | Attd: 63%
23IT0553,Rashmi@0553,student,Rashmi Joshi,rashmi.joshi.23it0553@univ.edu,+91 9378175386,B.Tech IT 3rd Year | Risk: 9% | Attd: 87%
24IT0554,Mayank@0554,student,Mayank Roy,mayank.roy.24it0554@univ.edu,+91 9968150364,B.Tech IT 2nd Year | Risk: 11% | Attd: 85%
23IT0555,Ananya@0555,student,Ananya Nair,ananya.nair.23it0555@univ.edu,+91 9407608561,B.Tech IT 3rd Year | Risk: 16% | Attd: 82%
24AI0556,Mayank@0556,student,Mayank Deshmukh,mayank.deshmukh.24ai0556@univ.edu,+91 9756699057,B.Tech AI&DS 2nd Year | Risk: 12% | Attd: 95%
23EC0557,Aditya@0557,student,Aditya Gupta,aditya.gupta.23ec0557@univ.edu,+91 9242529746,B.Tech ECE 3rd Year | Risk: 10% | Attd: 88%
24IT0558,Keerthi@0558,student,Keerthi Jain,keerthi.jain.24it0558@univ.edu,+91 9470361572,B.Tech IT 2nd Year | Risk: 48% | Attd: 63%
23IT0559,Rohan@0559,student,Rohan Iyer,rohan.iyer.23it0559@univ.edu,+91 9363602964,B.Tech IT 3rd Year | Risk: 18% | Attd: 84%
23IT0560,Suraj@0560,student,Suraj Iyer,suraj.iyer.23it0560@univ.edu,+91 9429749624,B.Tech IT 3rd Year | Risk: 5% | Attd: 97%
23AI0561,Ishan@0561,student,Ishan Agarwal,ishan.agarwal.23ai0561@univ.edu,+91 9106948323,B.Tech AI&DS 3rd Year | Risk: 29% | Attd: 76%
24CS0562,Divya@0562,student,Divya Saxena,divya.saxena.24cs0562@univ.edu,+91 9807034823,B.Tech CSE 2nd Year | Risk: 28% | Attd: 78%
23IT0563,Kunal@0563,student,Kunal Kapoor,kunal.kapoor.23it0563@univ.edu,+91 9586928797,B.Tech IT 3rd Year | Risk: 8% | Attd: 96%
23CS0564,Aditya@0564,student,Aditya Jain,aditya.jain.23cs0564@univ.edu,+91 9708037197,B.Tech CSE 3rd Year | Risk: 17% | Attd: 80%
23AI0565,Harini@0565,student,Harini Chowdary,harini.chowdary.23ai0565@univ.edu,+91 9708753985,B.Tech AI&DS 3rd Year | Risk: 13% | Attd: 82%
23AI0566,Shalini@0566,student,Shalini Sinha,shalini.sinha.23ai0566@univ.edu,+91 9726373230,B.Tech AI&DS 3rd Year | Risk: 50% | Attd: 50%
24CS0567,Ankit@0567,student,Ankit Bhat,ankit.bhat.24cs0567@univ.edu,+91 9028883480,B.Tech CSE 2nd Year | Risk: 7% | Attd: 90%
23CS0568,Bhavana@0568,student,Bhavana Chauhan,bhavana.chauhan.23cs0568@univ.edu,+91 9091205492,B.Tech CSE 3rd Year | Risk: 31% | Attd: 72%
23CS0569,Divya@0569,student,Divya Banerjee,divya.banerjee.23cs0569@univ.edu,+91 9552719151,B.Tech CSE 3rd Year | Risk: 26% | Attd: 76%
24AI0570,Samyuktha@0570,student,Samyuktha Patel,samyuktha.patel.24ai0570@univ.edu,+91 9741809534,B.Tech AI&DS 2nd Year | Risk: 27% | Attd: 78%
23EE0571,Bhavana@0571,student,Bhavana Saxena,bhavana.saxena.23ee0571@univ.edu,+91 9229866763,B.Tech EEE 3rd Year | Risk: 31% | Attd: 75%
23EE0572,Sai@0572,student,Sai Banerjee,sai.banerjee.23ee0572@univ.edu,+91 9293523362,B.Tech EEE 3rd Year | Risk: 11% | Attd: 97%
24AI0573,Nikhil@0573,student,Nikhil Malhotra,nikhil.malhotra.24ai0573@univ.edu,+91 9336460186,B.Tech AI&DS 2nd Year | Risk: 11% | Attd: 88%
23EE0574,Suraj@0574,student,Suraj Bose,suraj.bose.23ee0574@univ.edu,+91 9536015820,B.Tech EEE 3rd Year | Risk: 5% | Attd: 95%
23EE0575,Lokesh@0575,student,Lokesh Das,lokesh.das.23ee0575@univ.edu,+91 9735842393,B.Tech EEE 3rd Year | Risk: 31% | Attd: 76%
24EC0576,Nandini@0576,student,Nandini Mehta,nandini.mehta.24ec0576@univ.edu,+91 9645568239,B.Tech ECE 2nd Year | Risk: 29% | Attd: 73%
24IT0577,Manish@0577,student,Manish Iyer,manish.iyer.24it0577@univ.edu,+91 9694627259,B.Tech IT 2nd Year | Risk: 5% | Attd: 96%
24EC0578,Swati@0578,student,Swati Chowdary,swati.chowdary.24ec0578@univ.edu,+91 9775750551,B.Tech ECE 2nd Year | Risk: 15% | Attd: 84%
23CS0579,Arjun@0579,student,Arjun Verma,arjun.verma.23cs0579@univ.edu,+91 9426162812,B.Tech CSE 3rd Year | Risk: 10% | Attd: 92%
22CS0580,Rhea@0580,student,Rhea Kulkarni,rhea.kulkarni.22cs0580@univ.edu,+91 9270376840,B.Tech CSE 4th Year | Risk: 4% | Attd: 97%
24EE0581,Rohan@0581,student,Rohan Kulkarni,rohan.kulkarni.24ee0581@univ.edu,+91 9454052132,B.Tech EEE 2nd Year | Risk: 9% | Attd: 91%
23IT0582,Vikram@0582,student,Vikram Mishra,vikram.mishra.23it0582@univ.edu,+91 9751208813,B.Tech IT 3rd Year | Risk: 15% | Attd: 80%
23AI0583,Lavanya@0583,student,Lavanya Dubey,lavanya.dubey.23ai0583@univ.edu,+91 9881934350,B.Tech AI&DS 3rd Year | Risk: 15% | Attd: 83%
22CS0584,Ishan@0584,student,Ishan Sharma,ishan.sharma.22cs0584@univ.edu,+91 9969757548,B.Tech CSE 4th Year | Risk: 11% | Attd: 88%
23IT0585,Shreya@0585,student,Shreya Dubey,shreya.dubey.23it0585@univ.edu,+91 9319355409,B.Tech IT 3rd Year | Risk: 15% | Attd: 87%
23EC0586,Gautam@0586,student,Gautam Shah,gautam.shah.23ec0586@univ.edu,+91 9994818810,B.Tech ECE 3rd Year | Risk: 9% | Attd: 94%
23IT0587,Nandini@0587,student,Nandini Nair,nandini.nair.23it0587@univ.edu,+91 9746476162,B.Tech IT 3rd Year | Risk: 6% | Attd: 96%
24AI0588,Sai@0588,student,Sai Mishra,sai.mishra.24ai0588@univ.edu,+91 9169460558,B.Tech AI&DS 2nd Year | Risk: 13% | Attd: 89%
23AI0589,Karthik@0589,student,Karthik Naidu,karthik.naidu.23ai0589@univ.edu,+91 9090622682,B.Tech AI&DS 3rd Year | Risk: 26% | Attd: 78%
24AI0590,Naveen@0590,student,Naveen Agarwal,naveen.agarwal.24ai0590@univ.edu,+91 9212886716,B.Tech AI&DS 2nd Year | Risk: 9% | Attd: 86%
23AI0591,Gautam@0591,student,Gautam Verma,gautam.verma.23ai0591@univ.edu,+91 9015155764,B.Tech AI&DS 3rd Year | Risk: 50% | Attd: 53%
24AI0592,Nandini@0592,student,Nandini Kapoor,nandini.kapoor.24ai0592@univ.edu,+91 9410248318,B.Tech AI&DS 2nd Year | Risk: 13% | Attd: 87%
23IT0593,Pranav@0593,student,Pranav Naidu,pranav.naidu.23it0593@univ.edu,+91 9663229105,B.Tech IT 3rd Year | Risk: 32% | Attd: 71%
23EE0594,Manish@0594,student,Manish Pillai,manish.pillai.23ee0594@univ.edu,+91 9227866978,B.Tech EEE 3rd Year | Risk: 26% | Attd: 74%
24EC0595,Nandini@0595,student,Nandini Naidu,nandini.naidu.24ec0595@univ.edu,+91 9720256933,B.Tech ECE 2nd Year | Risk: 51% | Attd: 49%
23CS0596,Soundarya@0596,student,Soundarya Sharma,soundarya.sharma.23cs0596@univ.edu,+91 9044157616,B.Tech CSE 3rd Year | Risk: 29% | Attd: 75%
23EE0597,Anushka@0597,student,Anushka Chowdary,anushka.chowdary.23ee0597@univ.edu,+91 9125458204,B.Tech EEE 3rd Year | Risk: 47% | Attd: 64%
23EC0598,Karthik@0598,student,Karthik Saxena,karthik.saxena.23ec0598@univ.edu,+91 9958499063,B.Tech ECE 3rd Year | Risk: 12% | Attd: 87%
23EE0599,Kunal@0599,student,Kunal Singh,kunal.singh.23ee0599@univ.edu,+91 9758021852,B.Tech EEE 3rd Year | Risk: 56% | Attd: 47%
23CS0600,Hemanth@0600,student,Hemanth Saxena,hemanth.saxena.23cs0600@univ.edu,+91 9132772727,B.Tech CSE 3rd Year | Risk: 13% | Attd: 82%
24IT0601,Pranav@0601,student,Pranav Chatterjee,pranav.chatterjee.24it0601@univ.edu,+91 9564804742,B.Tech IT 2nd Year | Risk: 13% | Attd: 97%
24CS0602,Meera@0602,student,Meera Mehta,meera.mehta.24cs0602@univ.edu,+91 9423236607,B.Tech CSE 2nd Year | Risk: 19% | Attd: 79%
24IT0603,Vikram@0603,student,Vikram Bhat,vikram.bhat.24it0603@univ.edu,+91 9353719460,B.Tech IT 2nd Year | Risk: 14% | Attd: 87%
24EC0604,Pavitra@0604,student,Pavitra Shah,pavitra.shah.24ec0604@univ.edu,+91 9409515396,B.Tech ECE 2nd Year | Risk: 28% | Attd: 69%
23IT0605,Gopi@0605,student,Gopi Mishra,gopi.mishra.23it0605@univ.edu,+91 9320562039,B.Tech IT 3rd Year | Risk: 31% | Attd: 75%
24EE0606,Harish@0606,student,Harish Banerjee,harish.banerjee.24ee0606@univ.edu,+91 9511573219,B.Tech EEE 2nd Year | Risk: 9% | Attd: 94%
23CS0607,Ishan@0607,student,Ishan Jain,ishan.jain.23cs0607@univ.edu,+91 9366945733,B.Tech CSE 3rd Year | Risk: 12% | Attd: 92%
24AI0608,Aishwarya@0608,student,Aishwarya Singh,aishwarya.singh.24ai0608@univ.edu,+91 9734776489,B.Tech AI&DS 2nd Year | Risk: 46% | Attd: 67%
23AI0609,Shruti@0609,student,Shruti Tripathi,shruti.tripathi.23ai0609@univ.edu,+91 9443476209,B.Tech AI&DS 3rd Year | Risk: 52% | Attd: 43%
23EC0610,Dev@0610,student,Dev Bose,dev.bose.23ec0610@univ.edu,+91 9905067531,B.Tech ECE 3rd Year | Risk: 45% | Attd: 65%
23EC0611,Rohan@0611,student,Rohan Mehta,rohan.mehta.23ec0611@univ.edu,+91 9226632940,B.Tech ECE 3rd Year | Risk: 15% | Attd: 87%
23CS0612,Ishan@0612,student,Ishan Bose,ishan.bose.23cs0612@univ.edu,+91 9742821285,B.Tech CSE 3rd Year | Risk: 31% | Attd: 69%
23EC0613,Ishan@0613,student,Ishan Saxena,ishan.saxena.23ec0613@univ.edu,+91 9747359140,B.Tech ECE 3rd Year | Risk: 57% | Attd: 46%
24AI0614,Sneha@0614,student,Sneha Menon,sneha.menon.24ai0614@univ.edu,+91 9826481789,B.Tech AI&DS 2nd Year | Risk: 11% | Attd: 96%
24CS0615,Yash@0615,student,Yash Jain,yash.jain.24cs0615@univ.edu,+91 9628381921,B.Tech CSE 2nd Year | Risk: 12% | Attd: 94%
24AI0616,Ankit@0616,student,Ankit Sinha,ankit.sinha.24ai0616@univ.edu,+91 9791431808,B.Tech AI&DS 2nd Year | Risk: 6% | Attd: 92%
23CS0617,Sunita@0617,student,Sunita Chatterjee,sunita.chatterjee.23cs0617@univ.edu,+91 9249006937,B.Tech CSE 3rd Year | Risk: 4% | Attd: 98%
23AI0618,Ankita@0618,student,Ankita Patel,ankita.patel.23ai0618@univ.edu,+91 9531275428,B.Tech AI&DS 3rd Year | Risk: 9% | Attd: 92%
24AI0619,Pallavi@0619,student,Pallavi Shah,pallavi.shah.24ai0619@univ.edu,+91 9630993734,B.Tech AI&DS 2nd Year | Risk: 13% | Attd: 93%
24AI0620,Bhavana@0620,student,Bhavana Naidu,bhavana.naidu.24ai0620@univ.edu,+91 9667698175,B.Tech AI&DS 2nd Year | Risk: 10% | Attd: 90%
24IT0621,Rohan@0621,student,Rohan Malhotra,rohan.malhotra.24it0621@univ.edu,+91 9326043743,B.Tech IT 2nd Year | Risk: 6% | Attd: 92%
23CS0622,Tanmay@0622,student,Tanmay Verma,tanmay.verma.23cs0622@univ.edu,+91 9462375205,B.Tech CSE 3rd Year | Risk: 31% | Attd: 77%
24EE0623,Siddharth@0623,student,Siddharth Iyer,siddharth.iyer.24ee0623@univ.edu,+91 9287216523,B.Tech EEE 2nd Year | Risk: 12% | Attd: 80%
22CS0624,Payal@0624,student,Payal Naidu,payal.naidu.22cs0624@univ.edu,+91 9654612980,B.Tech CSE 4th Year | Risk: 9% | Attd: 82%
22CS0625,Deepika@0625,student,Deepika Yadav,deepika.yadav.22cs0625@univ.edu,+91 9760384622,B.Tech CSE 4th Year | Risk: 14% | Attd: 90%
24CS0626,Mayank@0626,student,Mayank Saxena,mayank.saxena.24cs0626@univ.edu,+91 9446407987,B.Tech CSE 2nd Year | Risk: 11% | Attd: 82%
23AI0627,Ananya@0627,student,Ananya Kulkarni,ananya.kulkarni.23ai0627@univ.edu,+91 9675856484,B.Tech AI&DS 3rd Year | Risk: 48% | Attd: 53%
24AI0628,Ishita@0628,student,Ishita Tripathi,ishita.tripathi.24ai0628@univ.edu,+91 9853203137,B.Tech AI&DS 2nd Year | Risk: 5% | Attd: 93%
24IT0629,Sneha@0629,student,Sneha Shah,sneha.shah.24it0629@univ.edu,+91 9466081562,B.Tech IT 2nd Year | Risk: 47% | Attd: 52%
24EE0630,Aditya@0630,student,Aditya Singh,aditya.singh.24ee0630@univ.edu,+91 9976279198,B.Tech EEE 2nd Year | Risk: 6% | Attd: 96%
24EE0631,Srikanth@0631,student,Srikanth Tripathi,srikanth.tripathi.24ee0631@univ.edu,+91 9700119488,B.Tech EEE 2nd Year | Risk: 6% | Attd: 96%
23IT0632,Rakesh@0632,student,Rakesh Agarwal,rakesh.agarwal.23it0632@univ.edu,+91 9229495689,B.Tech IT 3rd Year | Risk: 28% | Attd: 71%
23EE0633,Tanmay@0633,student,Tanmay Banerjee,tanmay.banerjee.23ee0633@univ.edu,+91 9893599071,B.Tech EEE 3rd Year | Risk: 44% | Attd: 67%
22CS0634,Nandini@0634,student,Nandini Pandey,nandini.pandey.22cs0634@univ.edu,+91 9133949085,B.Tech CSE 4th Year | Risk: 11% | Attd: 90%
23AI0635,Dev@0635,student,Dev Reddy,dev.reddy.23ai0635@univ.edu,+91 9376171636,B.Tech AI&DS 3rd Year | Risk: 7% | Attd: 96%
24AI0636,Dev@0636,student,Dev Kumar,dev.kumar.24ai0636@univ.edu,+91 9764118082,B.Tech AI&DS 2nd Year | Risk: 13% | Attd: 90%
24CS0637,Ajay@0637,student,Ajay Gupta,ajay.gupta.24cs0637@univ.edu,+91 9631617307,B.Tech CSE 2nd Year | Risk: 29% | Attd: 70%
23EE0638,Aditi@0638,student,Aditi Bose,aditi.bose.23ee0638@univ.edu,+91 9884561220,B.Tech EEE 3rd Year | Risk: 7% | Attd: 94%
23AI0639,Mayank@0639,student,Mayank Kumar,mayank.kumar.23ai0639@univ.edu,+91 9600250339,B.Tech AI&DS 3rd Year | Risk: 54% | Attd: 48%
24AI0640,Hemanth@0640,student,Hemanth Naidu,hemanth.naidu.24ai0640@univ.edu,+91 9402073105,B.Tech AI&DS 2nd Year | Risk: 29% | Attd: 77%
24IT0641,Kunal@0641,student,Kunal Patel,kunal.patel.24it0641@univ.edu,+91 9196577569,B.Tech IT 2nd Year | Risk: 10% | Attd: 88%
22CS0642,Ritika@0642,student,Ritika Reddy,ritika.reddy.22cs0642@univ.edu,+91 9966676114,B.Tech CSE 4th Year | Risk: 9% | Attd: 97%
24EE0643,Akash@0643,student,Akash Malhotra,akash.malhotra.24ee0643@univ.edu,+91 9930231454,B.Tech EEE 2nd Year | Risk: 10% | Attd: 93%
23EE0644,Kavya@0644,student,Kavya Roy,kavya.roy.23ee0644@univ.edu,+91 9297829240,B.Tech EEE 3rd Year | Risk: 28% | Attd: 69%
23EE0645,Tanvi@0645,student,Tanvi Patel,tanvi.patel.23ee0645@univ.edu,+91 9612295241,B.Tech EEE 3rd Year | Risk: 43% | Attd: 61%
24CS0646,Yash@0646,student,Yash Pandey,yash.pandey.24cs0646@univ.edu,+91 9890873441,B.Tech CSE 2nd Year | Risk: 11% | Attd: 87%
22CS0647,Rashmi@0647,student,Rashmi Shah,rashmi.shah.22cs0647@univ.edu,+91 9365025573,B.Tech CSE 4th Year | Risk: 10% | Attd: 94%
23EE0648,Ajay@0648,student,Ajay Patel,ajay.patel.23ee0648@univ.edu,+91 9196139268,B.Tech EEE 3rd Year | Risk: 53% | Attd: 45%
23EC0649,Rohan@0649,student,Rohan Singh,rohan.singh.23ec0649@univ.edu,+91 9320001194,B.Tech ECE 3rd Year | Risk: 16% | Attd: 89%
23AI0650,Sanjay@0650,student,Sanjay Singh,sanjay.singh.23ai0650@univ.edu,+91 9529332643,B.Tech AI&DS 3rd Year | Risk: 48% | Attd: 49%
23CS0651,Mayank@0651,student,Mayank Chauhan,mayank.chauhan.23cs0651@univ.edu,+91 9680259788,B.Tech CSE 3rd Year | Risk: 14% | Attd: 81%
24EE0652,Arjun@0652,student,Arjun Das,arjun.das.24ee0652@univ.edu,+91 9840612700,B.Tech EEE 2nd Year | Risk: 27% | Attd: 75%
24IT0653,Preethi@0653,student,Preethi Dubey,preethi.dubey.24it0653@univ.edu,+91 9310579235,B.Tech IT 2nd Year | Risk: 11% | Attd: 79%
23CS0654,Tanvi@0654,student,Tanvi Reddy,tanvi.reddy.23cs0654@univ.edu,+91 9228443009,B.Tech CSE 3rd Year | Risk: 5% | Attd: 91%
24CS0655,Payal@0655,student,Payal Chatterjee,payal.chatterjee.24cs0655@univ.edu,+91 9778542046,B.Tech CSE 2nd Year | Risk: 56% | Attd: 44%
23IT0656,Samyuktha@0656,student,Samyuktha Jain,samyuktha.jain.23it0656@univ.edu,+91 9366822211,B.Tech IT 3rd Year | Risk: 12% | Attd: 93%
22CS0657,Ishan@0657,student,Ishan Hegde,ishan.hegde.22cs0657@univ.edu,+91 9596775664,B.Tech CSE 4th Year | Risk: 14% | Attd: 79%
24EE0658,Ritika@0658,student,Ritika Agarwal,ritika.agarwal.24ee0658@univ.edu,+91 9379025201,B.Tech EEE 2nd Year | Risk: 41% | Attd: 68%
23EC0659,Ritu@0659,student,Ritu Naidu,ritu.naidu.23ec0659@univ.edu,+91 9797945277,B.Tech ECE 3rd Year | Risk: 14% | Attd: 85%
24IT0660,Srikanth@0660,student,Srikanth Shetty,srikanth.shetty.24it0660@univ.edu,+91 9529180636,B.Tech IT 2nd Year | Risk: 28% | Attd: 76%
24CS0661,Soundarya@0661,student,Soundarya Menon,soundarya.menon.24cs0661@univ.edu,+91 9592474835,B.Tech CSE 2nd Year | Risk: 10% | Attd: 97%
24EE0662,Dev@0662,student,Dev Naidu,dev.naidu.24ee0662@univ.edu,+91 9918563539,B.Tech EEE 2nd Year | Risk: 14% | Attd: 83%
24IT0663,Nikhil@0663,student,Nikhil Das,nikhil.das.24it0663@univ.edu,+91 9688232308,B.Tech IT 2nd Year | Risk: 28% | Attd: 77%
23AI0664,Priya@0664,student,Priya Bhat,priya.bhat.23ai0664@univ.edu,+91 9948975640,B.Tech AI&DS 3rd Year | Risk: 13% | Attd: 90%
23AI0665,Priya@0665,student,Priya Das,priya.das.23ai0665@univ.edu,+91 9242266216,B.Tech AI&DS 3rd Year | Risk: 31% | Attd: 70%
24IT0666,Nandini@0666,student,Nandini Rao,nandini.rao.24it0666@univ.edu,+91 9867646831,B.Tech IT 2nd Year | Risk: 48% | Attd: 62%
24IT0667,Deepak@0667,student,Deepak Bose,deepak.bose.24it0667@univ.edu,+91 9078287411,B.Tech IT 2nd Year | Risk: 12% | Attd: 89%
22CS0668,Pavitra@0668,student,Pavitra Shah,pavitra.shah.22cs0668@univ.edu,+91 9955720128,B.Tech CSE 4th Year | Risk: 50% | Attd: 43%
23CS0669,Divya@0669,student,Divya Kumar,divya.kumar.23cs0669@univ.edu,+91 9600498762,B.Tech CSE 3rd Year | Risk: 20% | Attd: 81%
22CS0670,Akash@0670,student,Akash Agarwal,akash.agarwal.22cs0670@univ.edu,+91 9498440715,B.Tech CSE 4th Year | Risk: 11% | Attd: 98%
23CS0671,Pavitra@0671,student,Pavitra Roy,pavitra.roy.23cs0671@univ.edu,+91 9013194760,B.Tech CSE 3rd Year | Risk: 12% | Attd: 97%
24IT0672,Divya@0672,student,Divya Ghosh,divya.ghosh.24it0672@univ.edu,+91 9261082984,B.Tech IT 2nd Year | Risk: 26% | Attd: 76%
23IT0673,Aditya@0673,student,Aditya Verma,aditya.verma.23it0673@univ.edu,+91 9832682132,B.Tech IT 3rd Year | Risk: 11% | Attd: 90%
23EE0674,Yash@0674,student,Yash Banerjee,yash.banerjee.23ee0674@univ.edu,+91 9879591893,B.Tech EEE 3rd Year | Risk: 16% | Attd: 83%
24EC0675,Priya@0675,student,Priya Jain,priya.jain.24ec0675@univ.edu,+91 9743473702,B.Tech ECE 2nd Year | Risk: 26% | Attd: 76%
23EC0676,Dhruv@0676,student,Dhruv Sinha,dhruv.sinha.23ec0676@univ.edu,+91 9987792653,B.Tech ECE 3rd Year | Risk: 40% | Attd: 67%
24AI0677,Siddharth@0677,student,Siddharth Deshmukh,siddharth.deshmukh.24ai0677@univ.edu,+91 9887001282,B.Tech AI&DS 2nd Year | Risk: 14% | Attd: 91%
23CS0678,Preethi@0678,student,Preethi Reddy,preethi.reddy.23cs0678@univ.edu,+91 9047142443,B.Tech CSE 3rd Year | Risk: 27% | Attd: 76%
24EC0679,Swati@0679,student,Swati Joshi,swati.joshi.24ec0679@univ.edu,+91 9189061692,B.Tech ECE 2nd Year | Risk: 29% | Attd: 77%
23IT0680,Deepika@0680,student,Deepika Patel,deepika.patel.23it0680@univ.edu,+91 9869180872,B.Tech IT 3rd Year | Risk: 12% | Attd: 88%
23EE0681,Gautam@0681,student,Gautam Tripathi,gautam.tripathi.23ee0681@univ.edu,+91 9406084357,B.Tech EEE 3rd Year | Risk: 30% | Attd: 71%
24AI0682,Lavanya@0682,student,Lavanya Naidu,lavanya.naidu.24ai0682@univ.edu,+91 9265398542,B.Tech AI&DS 2nd Year | Risk: 30% | Attd: 77%
23EE0683,Srikanth@0683,student,Srikanth Kumar,srikanth.kumar.23ee0683@univ.edu,+91 9416736210,B.Tech EEE 3rd Year | Risk: 10% | Attd: 98%
23AI0684,Payal@0684,student,Payal Pillai,payal.pillai.23ai0684@univ.edu,+91 9508693948,B.Tech AI&DS 3rd Year | Risk: 7% | Attd: 94%
24CS0685,Suraj@0685,student,Suraj Ghosh,suraj.ghosh.24cs0685@univ.edu,+91 9954243944,B.Tech CSE 2nd Year | Risk: 12% | Attd: 91%
24EC0686,Gautam@0686,student,Gautam Pillai,gautam.pillai.24ec0686@univ.edu,+91 9499561727,B.Tech ECE 2nd Year | Risk: 15% | Attd: 90%
23AI0687,Deepak@0687,student,Deepak Jain,deepak.jain.23ai0687@univ.edu,+91 9192807232,B.Tech AI&DS 3rd Year | Risk: 16% | Attd: 89%
24EC0688,Gopi@0688,student,Gopi Rao,gopi.rao.24ec0688@univ.edu,+91 9105665981,B.Tech ECE 2nd Year | Risk: 14% | Attd: 81%
24EE0689,Vishal@0689,student,Vishal Sharma,vishal.sharma.24ee0689@univ.edu,+91 9794376757,B.Tech EEE 2nd Year | Risk: 32% | Attd: 73%
23EC0690,Gopi@0690,student,Gopi Reddy,gopi.reddy.23ec0690@univ.edu,+91 9817289898,B.Tech ECE 3rd Year | Risk: 14% | Attd: 79%
24IT0691,Aditi@0691,student,Aditi Deshmukh,aditi.deshmukh.24it0691@univ.edu,+91 9365780431,B.Tech IT 2nd Year | Risk: 6% | Attd: 96%
23AI0692,Lavanya@0692,student,Lavanya Joshi,lavanya.joshi.23ai0692@univ.edu,+91 9938182144,B.Tech AI&DS 3rd Year | Risk: 14% | Attd: 79%
23EC0693,Aarav@0693,student,Aarav Saxena,aarav.saxena.23ec0693@univ.edu,+91 9321733001,B.Tech ECE 3rd Year | Risk: 7% | Attd: 91%
24CS0694,Arjun@0694,student,Arjun Sinha,arjun.sinha.24cs0694@univ.edu,+91 9930874844,B.Tech CSE 2nd Year | Risk: 3% | Attd: 98%
24AI0695,Akash@0695,student,Akash Menon,akash.menon.24ai0695@univ.edu,+91 9686124569,B.Tech AI&DS 2nd Year | Risk: 10% | Attd: 89%
22CS0696,Kavya@0696,student,Kavya Chowdary,kavya.chowdary.22cs0696@univ.edu,+91 9213673270,B.Tech CSE 4th Year | Risk: 9% | Attd: 98%
24IT0697,Akash@0697,student,Akash Chatterjee,akash.chatterjee.24it0697@univ.edu,+91 9350868832,B.Tech IT 2nd Year | Risk: 12% | Attd: 90%
24IT0698,Simran@0698,student,Simran Agarwal,simran.agarwal.24it0698@univ.edu,+91 9139513727,B.Tech IT 2nd Year | Risk: 17% | Attd: 81%
24AI0699,Harini@0699,student,Harini Jain,harini.jain.24ai0699@univ.edu,+91 9295752497,B.Tech AI&DS 2nd Year | Risk: 7% | Attd: 95%
23CS0700,Varun@0700,student,Varun Shah,varun.shah.23cs0700@univ.edu,+91 9618617836,B.Tech CSE 3rd Year | Risk: 24% | Attd: 78%
23AI0701,Rohan@0701,student,Rohan Chatterjee,rohan.chatterjee.23ai0701@univ.edu,+91 9966329654,B.Tech AI&DS 3rd Year | Risk: 15% | Attd: 84%
24AI0702,Nandini@0702,student,Nandini Kapoor,nandini.kapoor.24ai0702@univ.edu,+91 9947637108,B.Tech AI&DS 2nd Year | Risk: 33% | Attd: 69%
23IT0703,Keerthi@0703,student,Keerthi Rao,keerthi.rao.23it0703@univ.edu,+91 9823065067,B.Tech IT 3rd Year | Risk: 12% | Attd: 81%
23IT0704,Simran@0704,student,Simran Shah,simran.shah.23it0704@univ.edu,+91 9409262673,B.Tech IT 3rd Year | Risk: 13% | Attd: 81%
24AI0705,Suraj@0705,student,Suraj Joshi,suraj.joshi.24ai0705@univ.edu,+91 9520506264,B.Tech AI&DS 2nd Year | Risk: 14% | Attd: 83%
23IT0706,Rohan@0706,student,Rohan Yadav,rohan.yadav.23it0706@univ.edu,+91 9107927292,B.Tech IT 3rd Year | Risk: 9% | Attd: 84%
24AI0707,Hemanth@0707,student,Hemanth Dubey,hemanth.dubey.24ai0707@univ.edu,+91 9571551491,B.Tech AI&DS 2nd Year | Risk: 32% | Attd: 74%
23CS0708,Sai@0708,student,Sai Tripathi,sai.tripathi.23cs0708@univ.edu,+91 9997313476,B.Tech CSE 3rd Year | Risk: 57% | Attd: 42%
24CS0709,Manish@0709,student,Manish Joshi,manish.joshi.24cs0709@univ.edu,+91 9947347447,B.Tech CSE 2nd Year | Risk: 31% | Attd: 72%
23CS0710,Gautam@0710,student,Gautam Chowdary,gautam.chowdary.23cs0710@univ.edu,+91 9459432973,B.Tech CSE 3rd Year | Risk: 27% | Attd: 72%
23EC0711,Pranav@0711,student,Pranav Nair,pranav.nair.23ec0711@univ.edu,+91 9236326489,B.Tech ECE 3rd Year | Risk: 15% | Attd: 79%
24EC0712,Srikanth@0712,student,Srikanth Roy,srikanth.roy.24ec0712@univ.edu,+91 9575720531,B.Tech ECE 2nd Year | Risk: 29% | Attd: 78%
24EC0713,Archana@0713,student,Archana Chowdary,archana.chowdary.24ec0713@univ.edu,+91 9817886628,B.Tech ECE 2nd Year | Risk: 13% | Attd: 83%
23CS0714,Lavanya@0714,student,Lavanya Malhotra,lavanya.malhotra.23cs0714@univ.edu,+91 9540543154,B.Tech CSE 3rd Year | Risk: 9% | Attd: 95%
22CS0715,Ananya@0715,student,Ananya Deshmukh,ananya.deshmukh.22cs0715@univ.edu,+91 9147699074,B.Tech CSE 4th Year | Risk: 29% | Attd: 75%
23IT0716,Ankit@0716,student,Ankit Joshi,ankit.joshi.23it0716@univ.edu,+91 9793769688,B.Tech IT 3rd Year | Risk: 4% | Attd: 98%
24EC0717,Rhea@0717,student,Rhea Das,rhea.das.24ec0717@univ.edu,+91 9368001834,B.Tech ECE 2nd Year | Risk: 10% | Attd: 86%
24IT0718,Shreyas@0718,student,Shreyas Verma,shreyas.verma.24it0718@univ.edu,+91 9075145733,B.Tech IT 2nd Year | Risk: 29% | Attd: 76%
24IT0719,Priya@0719,student,Priya Singh,priya.singh.24it0719@univ.edu,+91 9457671519,B.Tech IT 2nd Year | Risk: 17% | Attd: 85%
24IT0720,Harini@0720,student,Harini Chowdary,harini.chowdary.24it0720@univ.edu,+91 9926022356,B.Tech IT 2nd Year | Risk: 30% | Attd: 73%
23AI0721,Kavya@0721,student,Kavya Pillai,kavya.pillai.23ai0721@univ.edu,+91 9880042882,B.Tech AI&DS 3rd Year | Risk: 8% | Attd: 98%
23AI0722,Megha@0722,student,Megha Patel,megha.patel.23ai0722@univ.edu,+91 9408505332,B.Tech AI&DS 3rd Year | Risk: 8% | Attd: 96%
23AI0723,Lokesh@0723,student,Lokesh Chatterjee,lokesh.chatterjee.23ai0723@univ.edu,+91 9004488833,B.Tech AI&DS 3rd Year | Risk: 17% | Attd: 85%
23AI0724,Mayank@0724,student,Mayank Pillai,mayank.pillai.23ai0724@univ.edu,+91 9438932325,B.Tech AI&DS 3rd Year | Risk: 26% | Attd: 73%
24EE0725,Shreya@0725,student,Shreya Chauhan,shreya.chauhan.24ee0725@univ.edu,+91 9681804304,B.Tech EEE 2nd Year | Risk: 10% | Attd: 90%
24AI0726,Priya@0726,student,Priya Chauhan,priya.chauhan.24ai0726@univ.edu,+91 9748904238,B.Tech AI&DS 2nd Year | Risk: 13% | Attd: 90%
23EE0727,Ishita@0727,student,Ishita Bose,ishita.bose.23ee0727@univ.edu,+91 9125338571,B.Tech EEE 3rd Year | Risk: 26% | Attd: 78%
24EE0728,Ritu@0728,student,Ritu Agarwal,ritu.agarwal.24ee0728@univ.edu,+91 9572520551,B.Tech EEE 2nd Year | Risk: 29% | Attd: 75%
23EC0729,Ritu@0729,student,Ritu Ghosh,ritu.ghosh.23ec0729@univ.edu,+91 9803942799,B.Tech ECE 3rd Year | Risk: 9% | Attd: 90%
24CS0730,Suraj@0730,student,Suraj Banerjee,suraj.banerjee.24cs0730@univ.edu,+91 9787098105,B.Tech CSE 2nd Year | Risk: 45% | Attd: 64%
24IT0731,Naveen@0731,student,Naveen Pillai,naveen.pillai.24it0731@univ.edu,+91 9199327335,B.Tech IT 2nd Year | Risk: 16% | Attd: 82%
23EC0732,Naveen@0732,student,Naveen Joshi,naveen.joshi.23ec0732@univ.edu,+91 9405582930,B.Tech ECE 3rd Year | Risk: 19% | Attd: 84%
22CS0733,Rahul@0733,student,Rahul Hegde,rahul.hegde.22cs0733@univ.edu,+91 9807237702,B.Tech CSE 4th Year | Risk: 18% | Attd: 82%
24CS0734,Rashmi@0734,student,Rashmi Sharma,rashmi.sharma.24cs0734@univ.edu,+91 9812727686,B.Tech CSE 2nd Year | Risk: 8% | Attd: 87%
23EC0735,Harish@0735,student,Harish Hegde,harish.hegde.23ec0735@univ.edu,+91 9937459758,B.Tech ECE 3rd Year | Risk: 10% | Attd: 91%
23AI0736,Vikram@0736,student,Vikram Reddy,vikram.reddy.23ai0736@univ.edu,+91 9395598590,B.Tech AI&DS 3rd Year | Risk: 11% | Attd: 95%
24AI0737,Yash@0737,student,Yash Pandey,yash.pandey.24ai0737@univ.edu,+91 9727921175,B.Tech AI&DS 2nd Year | Risk: 12% | Attd: 80%
24AI0738,Ishan@0738,student,Ishan Saxena,ishan.saxena.24ai0738@univ.edu,+91 9651947912,B.Tech AI&DS 2nd Year | Risk: 13% | Attd: 82%
24EE0739,Varun@0739,student,Varun Tripathi,varun.tripathi.24ee0739@univ.edu,+91 9962511379,B.Tech EEE 2nd Year | Risk: 24% | Attd: 77%
24EE0740,Hemanth@0740,student,Hemanth Malhotra,hemanth.malhotra.24ee0740@univ.edu,+91 9172051317,B.Tech EEE 2nd Year | Risk: 20% | Attd: 81%
24EC0741,Lavanya@0741,student,Lavanya Chauhan,lavanya.chauhan.24ec0741@univ.edu,+91 9680267188,B.Tech ECE 2nd Year | Risk: 11% | Attd: 82%
24IT0742,Kavya@0742,student,Kavya Hegde,kavya.hegde.24it0742@univ.edu,+91 9919274413,B.Tech IT 2nd Year | Risk: 8% | Attd: 91%
24EC0743,Siddharth@0743,student,Siddharth Deshmukh,siddharth.deshmukh.24ec0743@univ.edu,+91 9615081202,B.Tech ECE 2nd Year | Risk: 45% | Attd: 65%
24EE0744,Sanjay@0744,student,Sanjay Chauhan,sanjay.chauhan.24ee0744@univ.edu,+91 9828156566,B.Tech EEE 2nd Year | Risk: 7% | Attd: 91%
24EE0745,Karthik@0745,student,Karthik Tripathi,karthik.tripathi.24ee0745@univ.edu,+91 9898954542,B.Tech EEE 2nd Year | Risk: 12% | Attd: 93%
23EE0746,Lokesh@0746,student,Lokesh Singh,lokesh.singh.23ee0746@univ.edu,+91 9910177938,B.Tech EEE 3rd Year | Risk: 27% | Attd: 77%
23AI0747,Megha@0747,student,Megha Menon,megha.menon.23ai0747@univ.edu,+91 9910608173,B.Tech AI&DS 3rd Year | Risk: 15% | Attd: 89%
23IT0748,Aishwarya@0748,student,Aishwarya Verma,aishwarya.verma.23it0748@univ.edu,+91 9421213424,B.Tech IT 3rd Year | Risk: 8% | Attd: 84%
23AI0749,Yash@0749,student,Yash Shetty,yash.shetty.23ai0749@univ.edu,+91 9104496093,B.Tech AI&DS 3rd Year | Risk: 27% | Attd: 72%
23EC0750,Dhruv@0750,student,Dhruv Verma,dhruv.verma.23ec0750@univ.edu,+91 9234222252,B.Tech ECE 3rd Year | Risk: 30% | Attd: 76%
24EC0751,Swati@0751,student,Swati Reddy,swati.reddy.24ec0751@univ.edu,+91 9994269189,B.Tech ECE 2nd Year | Risk: 10% | Attd: 92%
24IT0752,Rakesh@0752,student,Rakesh Malhotra,rakesh.malhotra.24it0752@univ.edu,+91 9263067825,B.Tech IT 2nd Year | Risk: 13% | Attd: 83%
23AI0753,Manish@0753,student,Manish Agarwal,manish.agarwal.23ai0753@univ.edu,+91 9835082100,B.Tech AI&DS 3rd Year | Risk: 11% | Attd: 91%
23AI0754,Akash@0754,student,Akash Das,akash.das.23ai0754@univ.edu,+91 9024724799,B.Tech AI&DS 3rd Year | Risk: 46% | Attd: 57%
24EC0755,Archana@0755,student,Archana Malhotra,archana.malhotra.24ec0755@univ.edu,+91 9106774236,B.Tech ECE 2nd Year | Risk: 13% | Attd: 92%
24AI0756,Shreyas@0756,student,Shreyas Mishra,shreyas.mishra.24ai0756@univ.edu,+91 9898876461,B.Tech AI&DS 2nd Year | Risk: 8% | Attd: 95%
24CS0757,Shreya@0757,student,Shreya Menon,shreya.menon.24cs0757@univ.edu,+91 9617488556,B.Tech CSE 2nd Year | Risk: 16% | Attd: 89%
23EE0758,Gautam@0758,student,Gautam Gupta,gautam.gupta.23ee0758@univ.edu,+91 9184257535,B.Tech EEE 3rd Year | Risk: 9% | Attd: 95%
24EC0759,Aarav@0759,student,Aarav Kulkarni,aarav.kulkarni.24ec0759@univ.edu,+91 9561208623,B.Tech ECE 2nd Year | Risk: 8% | Attd: 97%
24EE0760,Pallavi@0760,student,Pallavi Naidu,pallavi.naidu.24ee0760@univ.edu,+91 9646547614,B.Tech EEE 2nd Year | Risk: 32% | Attd: 72%
24EC0761,Rashmi@0761,student,Rashmi Shetty,rashmi.shetty.24ec0761@univ.edu,+91 9429560480,B.Tech ECE 2nd Year | Risk: 50% | Attd: 50%
24IT0762,Gopi@0762,student,Gopi Jain,gopi.jain.24it0762@univ.edu,+91 9649554418,B.Tech IT 2nd Year | Risk: 6% | Attd: 97%
23AI0763,Varun@0763,student,Varun Bhat,varun.bhat.23ai0763@univ.edu,+91 9436778058,B.Tech AI&DS 3rd Year | Risk: 50% | Attd: 45%
23EC0764,Rohan@0764,student,Rohan Pillai,rohan.pillai.23ec0764@univ.edu,+91 9112745817,B.Tech ECE 3rd Year | Risk: 47% | Attd: 54%
23EE0765,Shreya@0765,student,Shreya Mishra,shreya.mishra.23ee0765@univ.edu,+91 9291041983,B.Tech EEE 3rd Year | Risk: 4% | Attd: 97%
23EC0766,Priya@0766,student,Priya Chowdary,priya.chowdary.23ec0766@univ.edu,+91 9278164668,B.Tech ECE 3rd Year | Risk: 12% | Attd: 91%
24IT0767,Mayank@0767,student,Mayank Singh,mayank.singh.24it0767@univ.edu,+91 9728228055,B.Tech IT 2nd Year | Risk: 44% | Attd: 65%
23AI0768,Vaishnavi@0768,student,Vaishnavi Mishra,vaishnavi.mishra.23ai0768@univ.edu,+91 9682508147,B.Tech AI&DS 3rd Year | Risk: 29% | Attd: 75%
24EC0769,Harini@0769,student,Harini Mehta,harini.mehta.24ec0769@univ.edu,+91 9090822582,B.Tech ECE 2nd Year | Risk: 19% | Attd: 81%
23CS0770,Sunita@0770,student,Sunita Saxena,sunita.saxena.23cs0770@univ.edu,+91 9749345045,B.Tech CSE 3rd Year | Risk: 6% | Attd: 95%
24IT0771,Aarav@0771,student,Aarav Roy,aarav.roy.24it0771@univ.edu,+91 9734523269,B.Tech IT 2nd Year | Risk: 8% | Attd: 86%
24IT0772,Soundarya@0772,student,Soundarya Shah,soundarya.shah.24it0772@univ.edu,+91 9453894576,B.Tech IT 2nd Year | Risk: 12% | Attd: 95%
23CS0773,Gautam@0773,student,Gautam Pillai,gautam.pillai.23cs0773@univ.edu,+91 9315191584,B.Tech CSE 3rd Year | Risk: 15% | Attd: 82%
24AI0774,Aarav@0774,student,Aarav Sinha,aarav.sinha.24ai0774@univ.edu,+91 9381977286,B.Tech AI&DS 2nd Year | Risk: 8% | Attd: 98%
23EC0775,Lokesh@0775,student,Lokesh Hegde,lokesh.hegde.23ec0775@univ.edu,+91 9108810611,B.Tech ECE 3rd Year | Risk: 17% | Attd: 84%
24EE0776,Abhishek@0776,student,Abhishek Gupta,abhishek.gupta.24ee0776@univ.edu,+91 9424513309,B.Tech EEE 2nd Year | Risk: 44% | Attd: 66%
23IT0777,Vishal@0777,student,Vishal Jain,vishal.jain.23it0777@univ.edu,+91 9948732786,B.Tech IT 3rd Year | Risk: 30% | Attd: 74%
23IT0778,Swati@0778,student,Swati Iyer,swati.iyer.23it0778@univ.edu,+91 9715331979,B.Tech IT 3rd Year | Risk: 10% | Attd: 89%
23CS0779,Yash@0779,student,Yash Das,yash.das.23cs0779@univ.edu,+91 9538866546,B.Tech CSE 3rd Year | Risk: 15% | Attd: 83%
24CS0780,Ritu@0780,student,Ritu Kumar,ritu.kumar.24cs0780@univ.edu,+91 9728330158,B.Tech CSE 2nd Year | Risk: 30% | Attd: 69%
23CS0781,Nandini@0781,student,Nandini Naidu,nandini.naidu.23cs0781@univ.edu,+91 9783024695,B.Tech CSE 3rd Year | Risk: 14% | Attd: 92%
23CS0782,Manish@0782,student,Manish Das,manish.das.23cs0782@univ.edu,+91 9194549403,B.Tech CSE 3rd Year | Risk: 28% | Attd: 70%
24IT0783,Dhruv@0783,student,Dhruv Singh,dhruv.singh.24it0783@univ.edu,+91 9661926785,B.Tech IT 2nd Year | Risk: 27% | Attd: 72%
23AI0784,Sai@0784,student,Sai Chauhan,sai.chauhan.23ai0784@univ.edu,+91 9055464661,B.Tech AI&DS 3rd Year | Risk: 29% | Attd: 76%
23EC0785,Srikanth@0785,student,Srikanth Pillai,srikanth.pillai.23ec0785@univ.edu,+91 9709132123,B.Tech ECE 3rd Year | Risk: 34% | Attd: 69%
23AI0786,Neha@0786,student,Neha Chatterjee,neha.chatterjee.23ai0786@univ.edu,+91 9104031858,B.Tech AI&DS 3rd Year | Risk: 29% | Attd: 76%
23EC0787,Sunita@0787,student,Sunita Kumar,sunita.kumar.23ec0787@univ.edu,+91 9225521538,B.Tech ECE 3rd Year | Risk: 14% | Attd: 90%
24IT0788,Kavya@0788,student,Kavya Nair,kavya.nair.24it0788@univ.edu,+91 9664657323,B.Tech IT 2nd Year | Risk: 28% | Attd: 76%
24EE0789,Yash@0789,student,Yash Joshi,yash.joshi.24ee0789@univ.edu,+91 9372952982,B.Tech EEE 2nd Year | Risk: 8% | Attd: 87%
24AI0790,Komal@0790,student,Komal Iyer,komal.iyer.24ai0790@univ.edu,+91 9643336344,B.Tech AI&DS 2nd Year | Risk: 8% | Attd: 95%
22CS0791,Karthik@0791,student,Karthik Chatterjee,karthik.chatterjee.22cs0791@univ.edu,+91 9177723833,B.Tech CSE 4th Year | Risk: 8% | Attd: 96%
23EE0792,Mayank@0792,student,Mayank Chauhan,mayank.chauhan.23ee0792@univ.edu,+91 9748099284,B.Tech EEE 3rd Year | Risk: 33% | Attd: 69%
23EE0793,Mayank@0793,student,Mayank Kapoor,mayank.kapoor.23ee0793@univ.edu,+91 9048976013,B.Tech EEE 3rd Year | Risk: 12% | Attd: 96%
23IT0794,Ankit@0794,student,Ankit Sharma,ankit.sharma.23it0794@univ.edu,+91 9574016932,B.Tech IT 3rd Year | Risk: 10% | Attd: 86%
23EC0795,Rakesh@0795,student,Rakesh Naidu,rakesh.naidu.23ec0795@univ.edu,+91 9348574326,B.Tech ECE 3rd Year | Risk: 8% | Attd: 92%
23IT0796,Ananya@0796,student,Ananya Shetty,ananya.shetty.23it0796@univ.edu,+91 9702038944,B.Tech IT 3rd Year | Risk: 11% | Attd: 97%
23IT0797,Ishan@0797,student,Ishan Yadav,ishan.yadav.23it0797@univ.edu,+91 9779843791,B.Tech IT 3rd Year | Risk: 30% | Attd: 75%
23CS0798,Varun@0798,student,Varun Malhotra,varun.malhotra.23cs0798@univ.edu,+91 9783273181,B.Tech CSE 3rd Year | Risk: 15% | Attd: 84%
24EC0799,Ankit@0799,student,Ankit Patel,ankit.patel.24ec0799@univ.edu,+91 9976172033,B.Tech ECE 2nd Year | Risk: 32% | Attd: 71%
24EE0800,Aditi@0800,student,Aditi Nair,aditi.nair.24ee0800@univ.edu,+91 9141926172,B.Tech EEE 2nd Year | Risk: 55% | Attd: 54%
24IT0801,Rohan@0801,student,Rohan Das,rohan.das.24it0801@univ.edu,+91 9217241211,B.Tech IT 2nd Year | Risk: 11% | Attd: 89%
23IT0802,Dev@0802,student,Dev Shah,dev.shah.23it0802@univ.edu,+91 9022771813,B.Tech IT 3rd Year | Risk: 25% | Attd: 77%
24EC0803,Deepika@0803,student,Deepika Dubey,deepika.dubey.24ec0803@univ.edu,+91 9158244325,B.Tech ECE 2nd Year | Risk: 54% | Attd: 49%
24AI0804,Ankit@0804,student,Ankit Deshmukh,ankit.deshmukh.24ai0804@univ.edu,+91 9387076952,B.Tech AI&DS 2nd Year | Risk: 30% | Attd: 73%
24EE0805,Kavya@0805,student,Kavya Sharma,kavya.sharma.24ee0805@univ.edu,+91 9737833207,B.Tech EEE 2nd Year | Risk: 30% | Attd: 71%
23CS0806,Ankit@0806,student,Ankit Shetty,ankit.shetty.23cs0806@univ.edu,+91 9835139248,B.Tech CSE 3rd Year | Risk: 14% | Attd: 81%
23AI0807,Lavanya@0807,student,Lavanya Singh,lavanya.singh.23ai0807@univ.edu,+91 9097116745,B.Tech AI&DS 3rd Year | Risk: 46% | Attd: 55%
23AI0808,Karthik@0808,student,Karthik Mishra,karthik.mishra.23ai0808@univ.edu,+91 9358055473,B.Tech AI&DS 3rd Year | Risk: 7% | Attd: 92%
23AI0809,Manish@0809,student,Manish Chauhan,manish.chauhan.23ai0809@univ.edu,+91 9767640638,B.Tech AI&DS 3rd Year | Risk: 12% | Attd: 86%
24CS0810,Dev@0810,student,Dev Deshmukh,dev.deshmukh.24cs0810@univ.edu,+91 9143444042,B.Tech CSE 2nd Year | Risk: 15% | Attd: 79%
24EC0811,Priya@0811,student,Priya Shetty,priya.shetty.24ec0811@univ.edu,+91 9260379610,B.Tech ECE 2nd Year | Risk: 5% | Attd: 96%
24IT0812,Siddharth@0812,student,Siddharth Verma,siddharth.verma.24it0812@univ.edu,+91 9711619517,B.Tech IT 2nd Year | Risk: 13% | Attd: 92%
24IT0813,Megha@0813,student,Megha Naidu,megha.naidu.24it0813@univ.edu,+91 9821861006,B.Tech IT 2nd Year | Risk: 56% | Attd: 44%
23EC0814,Karthik@0814,student,Karthik Tripathi,karthik.tripathi.23ec0814@univ.edu,+91 9064425366,B.Tech ECE 3rd Year | Risk: 19% | Attd: 79%
24IT0815,Pooja@0815,student,Pooja Naidu,pooja.naidu.24it0815@univ.edu,+91 9986930045,B.Tech IT 2nd Year | Risk: 10% | Attd: 93%
24AI0816,Harini@0816,student,Harini Deshmukh,harini.deshmukh.24ai0816@univ.edu,+91 9060126132,B.Tech AI&DS 2nd Year | Risk: 28% | Attd: 71%
24EE0817,Naveen@0817,student,Naveen Yadav,naveen.yadav.24ee0817@univ.edu,+91 9862578964,B.Tech EEE 2nd Year | Risk: 28% | Attd: 75%
24EC0818,Harish@0818,student,Harish Joshi,harish.joshi.24ec0818@univ.edu,+91 9174762655,B.Tech ECE 2nd Year | Risk: 15% | Attd: 89%
24EE0819,Rahul@0819,student,Rahul Menon,rahul.menon.24ee0819@univ.edu,+91 9612164669,B.Tech EEE 2nd Year | Risk: 19% | Attd: 80%
24CS0820,Archana@0820,student,Archana Malhotra,archana.malhotra.24cs0820@univ.edu,+91 9209254786,B.Tech CSE 2nd Year | Risk: 48% | Attd: 53%
24IT0821,Suraj@0821,student,Suraj Shetty,suraj.shetty.24it0821@univ.edu,+91 9854772900,B.Tech IT 2nd Year | Risk: 45% | Attd: 67%
24EC0822,Dhruv@0822,student,Dhruv Sharma,dhruv.sharma.24ec0822@univ.edu,+91 9949619495,B.Tech ECE 2nd Year | Risk: 12% | Attd: 81%
23EE0823,Varun@0823,student,Varun Chowdary,varun.chowdary.23ee0823@univ.edu,+91 9956360294,B.Tech EEE 3rd Year | Risk: 25% | Attd: 78%
24IT0824,Ritu@0824,student,Ritu Kulkarni,ritu.kulkarni.24it0824@univ.edu,+91 9931507186,B.Tech IT 2nd Year | Risk: 57% | Attd: 42%
23CS0825,Kavya@0825,student,Kavya Saxena,kavya.saxena.23cs0825@univ.edu,+91 9076379467,B.Tech CSE 3rd Year | Risk: 28% | Attd: 73%
23AI0826,Lokesh@0826,student,Lokesh Bose,lokesh.bose.23ai0826@univ.edu,+91 9922347724,B.Tech AI&DS 3rd Year | Risk: 8% | Attd: 97%
23IT0827,Ajay@0827,student,Ajay Roy,ajay.roy.23it0827@univ.edu,+91 9543251546,B.Tech IT 3rd Year | Risk: 13% | Attd: 90%
22CS0828,Aditya@0828,student,Aditya Roy,aditya.roy.22cs0828@univ.edu,+91 9428724081,B.Tech CSE 4th Year | Risk: 32% | Attd: 70%
24AI0829,Aishwarya@0829,student,Aishwarya Chauhan,aishwarya.chauhan.24ai0829@univ.edu,+91 9785740776,B.Tech AI&DS 2nd Year | Risk: 14% | Attd: 93%
23IT0830,Suraj@0830,student,Suraj Jain,suraj.jain.23it0830@univ.edu,+91 9298902947,B.Tech IT 3rd Year | Risk: 26% | Attd: 78%
24AI0831,Shreyas@0831,student,Shreyas Singh,shreyas.singh.24ai0831@univ.edu,+91 9868156321,B.Tech AI&DS 2nd Year | Risk: 8% | Attd: 98%
24IT0832,Harish@0832,student,Harish Malhotra,harish.malhotra.24it0832@univ.edu,+91 9434938971,B.Tech IT 2nd Year | Risk: 34% | Attd: 71%
24EE0833,Prakash@0833,student,Prakash Mehta,prakash.mehta.24ee0833@univ.edu,+91 9367240263,B.Tech EEE 2nd Year | Risk: 11% | Attd: 81%
23IT0834,Harini@0834,student,Harini Chowdary,harini.chowdary.23it0834@univ.edu,+91 9380848036,B.Tech IT 3rd Year | Risk: 10% | Attd: 84%
22CS0835,Archana@0835,student,Archana Chauhan,archana.chauhan.22cs0835@univ.edu,+91 9713032149,B.Tech CSE 4th Year | Risk: 8% | Attd: 97%
23IT0836,Lavanya@0836,student,Lavanya Reddy,lavanya.reddy.23it0836@univ.edu,+91 9483784000,B.Tech IT 3rd Year | Risk: 45% | Attd: 63%
24EE0837,Rhea@0837,student,Rhea Shah,rhea.shah.24ee0837@univ.edu,+91 9405398280,B.Tech EEE 2nd Year | Risk: 5% | Attd: 96%
24EE0838,Pranav@0838,student,Pranav Joshi,pranav.joshi.24ee0838@univ.edu,+91 9535937468,B.Tech EEE 2nd Year | Risk: 31% | Attd: 73%
23AI0839,Vaishnavi@0839,student,Vaishnavi Mehta,vaishnavi.mehta.23ai0839@univ.edu,+91 9492658048,B.Tech AI&DS 3rd Year | Risk: 16% | Attd: 89%
24EE0840,Naveen@0840,student,Naveen Yadav,naveen.yadav.24ee0840@univ.edu,+91 9865371229,B.Tech EEE 2nd Year | Risk: 29% | Attd: 75%
23EE0841,Kavya@0841,student,Kavya Patel,kavya.patel.23ee0841@univ.edu,+91 9624094803,B.Tech EEE 3rd Year | Risk: 12% | Attd: 82%
24IT0842,Keerthi@0842,student,Keerthi Mehta,keerthi.mehta.24it0842@univ.edu,+91 9852283874,B.Tech IT 2nd Year | Risk: 30% | Attd: 72%
23CS0843,Simran@0843,student,Simran Agarwal,simran.agarwal.23cs0843@univ.edu,+91 9259367110,B.Tech CSE 3rd Year | Risk: 29% | Attd: 73%
24CS0844,Ajay@0844,student,Ajay Sharma,ajay.sharma.24cs0844@univ.edu,+91 9614381587,B.Tech CSE 2nd Year | Risk: 11% | Attd: 98%
24AI0845,Shruti@0845,student,Shruti Yadav,shruti.yadav.24ai0845@univ.edu,+91 9419201365,B.Tech AI&DS 2nd Year | Risk: 6% | Attd: 97%
24EC0846,Meera@0846,student,Meera Agarwal,meera.agarwal.24ec0846@univ.edu,+91 9619477895,B.Tech ECE 2nd Year | Risk: 11% | Attd: 83%
23IT0847,Anushka@0847,student,Anushka Yadav,anushka.yadav.23it0847@univ.edu,+91 9029869705,B.Tech IT 3rd Year | Risk: 51% | Attd: 42%
23EE0848,Shalini@0848,student,Shalini Gupta,shalini.gupta.23ee0848@univ.edu,+91 9964122707,B.Tech EEE 3rd Year | Risk: 11% | Attd: 90%
23IT0849,Abhishek@0849,student,Abhishek Dubey,abhishek.dubey.23it0849@univ.edu,+91 9119111815,B.Tech IT 3rd Year | Risk: 27% | Attd: 71%
24CS0850,Ishan@0850,student,Ishan Iyer,ishan.iyer.24cs0850@univ.edu,+91 9108095435,B.Tech CSE 2nd Year | Risk: 47% | Attd: 57%
23CS0851,Arjun@0851,student,Arjun Mehta,arjun.mehta.23cs0851@univ.edu,+91 9975282275,B.Tech CSE 3rd Year | Risk: 6% | Attd: 91%
24EC0852,Gautam@0852,student,Gautam Mishra,gautam.mishra.24ec0852@univ.edu,+91 9519595468,B.Tech ECE 2nd Year | Risk: 11% | Attd: 82%
24CS0853,Soundarya@0853,student,Soundarya Dubey,soundarya.dubey.24cs0853@univ.edu,+91 9817075631,B.Tech CSE 2nd Year | Risk: 29% | Attd: 69%
24IT0854,Vishal@0854,student,Vishal Iyer,vishal.iyer.24it0854@univ.edu,+91 9517087085,B.Tech IT 2nd Year | Risk: 43% | Attd: 64%
23EE0855,Rohan@0855,student,Rohan Shetty,rohan.shetty.23ee0855@univ.edu,+91 9185713869,B.Tech EEE 3rd Year | Risk: 8% | Attd: 91%
22CS0856,Srikanth@0856,student,Srikanth Agarwal,srikanth.agarwal.22cs0856@univ.edu,+91 9947960840,B.Tech CSE 4th Year | Risk: 26% | Attd: 72%
24EC0857,Ishan@0857,student,Ishan Das,ishan.das.24ec0857@univ.edu,+91 9179582303,B.Tech ECE 2nd Year | Risk: 31% | Attd: 74%
23EE0858,Payal@0858,student,Payal Bose,payal.bose.23ee0858@univ.edu,+91 9849218518,B.Tech EEE 3rd Year | Risk: 32% | Attd: 69%
23IT0859,Manish@0859,student,Manish Rao,manish.rao.23it0859@univ.edu,+91 9499694347,B.Tech IT 3rd Year | Risk: 28% | Attd: 74%
24EE0860,Lavanya@0860,student,Lavanya Deshmukh,lavanya.deshmukh.24ee0860@univ.edu,+91 9652732351,B.Tech EEE 2nd Year | Risk: 32% | Attd: 72%
23AI0861,Divya@0861,student,Divya Sinha,divya.sinha.23ai0861@univ.edu,+91 9128053407,B.Tech AI&DS 3rd Year | Risk: 28% | Attd: 76%
23EC0862,Gautam@0862,student,Gautam Naidu,gautam.naidu.23ec0862@univ.edu,+91 9140722504,B.Tech ECE 3rd Year | Risk: 24% | Attd: 78%
24EE0863,Aditi@0863,student,Aditi Sharma,aditi.sharma.24ee0863@univ.edu,+91 9340579806,B.Tech EEE 2nd Year | Risk: 9% | Attd: 92%
23EE0864,Aditi@0864,student,Aditi Gupta,aditi.gupta.23ee0864@univ.edu,+91 9663547759,B.Tech EEE 3rd Year | Risk: 30% | Attd: 76%
24CS0865,Siddharth@0865,student,Siddharth Verma,siddharth.verma.24cs0865@univ.edu,+91 9005305741,B.Tech CSE 2nd Year | Risk: 31% | Attd: 70%
24CS0866,Priya@0866,student,Priya Bose,priya.bose.24cs0866@univ.edu,+91 9750185649,B.Tech CSE 2nd Year | Risk: 25% | Attd: 78%
24AI0867,Karthik@0867,student,Karthik Ghosh,karthik.ghosh.24ai0867@univ.edu,+91 9560239511,B.Tech AI&DS 2nd Year | Risk: 11% | Attd: 92%
23AI0868,Dev@0868,student,Dev Malhotra,dev.malhotra.23ai0868@univ.edu,+91 9599701160,B.Tech AI&DS 3rd Year | Risk: 48% | Attd: 66%
24CS0869,Shruti@0869,student,Shruti Menon,shruti.menon.24cs0869@univ.edu,+91 9523605451,B.Tech CSE 2nd Year | Risk: 51% | Attd: 48%
23EE0870,Pranav@0870,student,Pranav Ghosh,pranav.ghosh.23ee0870@univ.edu,+91 9234918423,B.Tech EEE 3rd Year | Risk: 13% | Attd: 95%
24EE0871,Ritu@0871,student,Ritu Shah,ritu.shah.24ee0871@univ.edu,+91 9696195906,B.Tech EEE 2nd Year | Risk: 51% | Attd: 55%
24CS0872,Lokesh@0872,student,Lokesh Nair,lokesh.nair.24cs0872@univ.edu,+91 9285162989,B.Tech CSE 2nd Year | Risk: 26% | Attd: 76%
23EC0873,Tanmay@0873,student,Tanmay Gupta,tanmay.gupta.23ec0873@univ.edu,+91 9292690066,B.Tech ECE 3rd Year | Risk: 9% | Attd: 95%
24AI0874,Sai@0874,student,Sai Chauhan,sai.chauhan.24ai0874@univ.edu,+91 9465537242,B.Tech AI&DS 2nd Year | Risk: 28% | Attd: 73%
24CS0875,Sai@0875,student,Sai Kulkarni,sai.kulkarni.24cs0875@univ.edu,+91 9295772367,B.Tech CSE 2nd Year | Risk: 18% | Attd: 86%
23AI0876,Samar@0876,student,Samar Agarwal,samar.agarwal.23ai0876@univ.edu,+91 9683865325,B.Tech AI&DS 3rd Year | Risk: 11% | Attd: 84%
24CS0877,Ishan@0877,student,Ishan Chatterjee,ishan.chatterjee.24cs0877@univ.edu,+91 9182785838,B.Tech CSE 2nd Year | Risk: 10% | Attd: 88%
23IT0878,Rahul@0878,student,Rahul Chowdary,rahul.chowdary.23it0878@univ.edu,+91 9283287655,B.Tech IT 3rd Year | Risk: 13% | Attd: 92%
23EE0879,Tanvi@0879,student,Tanvi Reddy,tanvi.reddy.23ee0879@univ.edu,+91 9879315574,B.Tech EEE 3rd Year | Risk: 15% | Attd: 86%
24EE0880,Ankit@0880,student,Ankit Deshmukh,ankit.deshmukh.24ee0880@univ.edu,+91 9789001603,B.Tech EEE 2nd Year | Risk: 42% | Attd: 67%
23AI0881,Shreyas@0881,student,Shreyas Bose,shreyas.bose.23ai0881@univ.edu,+91 9831641272,B.Tech AI&DS 3rd Year | Risk: 9% | Attd: 88%
23CS0882,Soundarya@0882,student,Soundarya Malhotra,soundarya.malhotra.23cs0882@univ.edu,+91 9534543293,B.Tech CSE 3rd Year | Risk: 28% | Attd: 75%
24EC0883,Dev@0883,student,Dev Jain,dev.jain.24ec0883@univ.edu,+91 9941826234,B.Tech ECE 2nd Year | Risk: 10% | Attd: 91%
24EE0884,Shalini@0884,student,Shalini Shah,shalini.shah.24ee0884@univ.edu,+91 9204625841,B.Tech EEE 2nd Year | Risk: 27% | Attd: 75%
24EE0885,Nikhil@0885,student,Nikhil Hegde,nikhil.hegde.24ee0885@univ.edu,+91 9535718802,B.Tech EEE 2nd Year | Risk: 15% | Attd: 90%
23IT0886,Ishita@0886,student,Ishita Kapoor,ishita.kapoor.23it0886@univ.edu,+91 9487326515,B.Tech IT 3rd Year | Risk: 31% | Attd: 73%
24CS0887,Ankit@0887,student,Ankit Ghosh,ankit.ghosh.24cs0887@univ.edu,+91 9376043961,B.Tech CSE 2nd Year | Risk: 20% | Attd: 79%
24IT0888,Payal@0888,student,Payal Yadav,payal.yadav.24it0888@univ.edu,+91 9312246300,B.Tech IT 2nd Year | Risk: 16% | Attd: 85%
23IT0889,Yash@0889,student,Yash Shetty,yash.shetty.23it0889@univ.edu,+91 9605491190,B.Tech IT 3rd Year | Risk: 13% | Attd: 88%
24IT0890,Sanjay@0890,student,Sanjay Ghosh,sanjay.ghosh.24it0890@univ.edu,+91 9608452006,B.Tech IT 2nd Year | Risk: 14% | Attd: 88%
23IT0891,Vaishnavi@0891,student,Vaishnavi Dubey,vaishnavi.dubey.23it0891@univ.edu,+91 9502917984,B.Tech IT 3rd Year | Risk: 11% | Attd: 89%
23AI0892,Lokesh@0892,student,Lokesh Mehta,lokesh.mehta.23ai0892@univ.edu,+91 9660575149,B.Tech AI&DS 3rd Year | Risk: 15% | Attd: 92%
23EE0893,Shruti@0893,student,Shruti Ghosh,shruti.ghosh.23ee0893@univ.edu,+91 9135222578,B.Tech EEE 3rd Year | Risk: 15% | Attd: 88%
23EE0894,Aarav@0894,student,Aarav Kapoor,aarav.kapoor.23ee0894@univ.edu,+91 9607140225,B.Tech EEE 3rd Year | Risk: 33% | Attd: 70%
22CS0895,Deepak@0895,student,Deepak Verma,deepak.verma.22cs0895@univ.edu,+91 9146461343,B.Tech CSE 4th Year | Risk: 10% | Attd: 95%
24EC0896,Varun@0896,student,Varun Banerjee,varun.banerjee.24ec0896@univ.edu,+91 9104006538,B.Tech ECE 2nd Year | Risk: 58% | Attd: 42%
22CS0897,Vikram@0897,student,Vikram Malhotra,vikram.malhotra.22cs0897@univ.edu,+91 9880759236,B.Tech CSE 4th Year | Risk: 14% | Attd: 88%
23EE0898,Shreyas@0898,student,Shreyas Bose,shreyas.bose.23ee0898@univ.edu,+91 9183368785,B.Tech EEE 3rd Year | Risk: 19% | Attd: 79%
23AI0899,Shreyas@0899,student,Shreyas Joshi,shreyas.joshi.23ai0899@univ.edu,+91 9420036225,B.Tech AI&DS 3rd Year | Risk: 11% | Attd: 94%
23AI0900,Vikram@0900,student,Vikram Kapoor,vikram.kapoor.23ai0900@univ.edu,+91 9325087766,B.Tech AI&DS 3rd Year | Risk: 7% | Attd: 97%
23CS0901,Samar@0901,student,Samar Shah,samar.shah.23cs0901@univ.edu,+91 9374557738,B.Tech CSE 3rd Year | Risk: 29% | Attd: 71%
24EE0902,Ankita@0902,student,Ankita Chauhan,ankita.chauhan.24ee0902@univ.edu,+91 9298865449,B.Tech EEE 2nd Year | Risk: 11% | Attd: 97%
22CS0903,Harini@0903,student,Harini Agarwal,harini.agarwal.22cs0903@univ.edu,+91 9832577261,B.Tech CSE 4th Year | Risk: 12% | Attd: 84%
23EC0904,Anushka@0904,student,Anushka Kumar,anushka.kumar.23ec0904@univ.edu,+91 9103659505,B.Tech ECE 3rd Year | Risk: 53% | Attd: 42%
24EC0905,Ritika@0905,student,Ritika Malhotra,ritika.malhotra.24ec0905@univ.edu,+91 9811548967,B.Tech ECE 2nd Year | Risk: 11% | Attd: 84%
23EE0906,Divya@0906,student,Divya Verma,divya.verma.23ee0906@univ.edu,+91 9991655172,B.Tech EEE 3rd Year | Risk: 13% | Attd: 90%
24AI0907,Vikram@0907,student,Vikram Shah,vikram.shah.24ai0907@univ.edu,+91 9216029059,B.Tech AI&DS 2nd Year | Risk: 29% | Attd: 73%
24IT0908,Nandini@0908,student,Nandini Tripathi,nandini.tripathi.24it0908@univ.edu,+91 9610202137,B.Tech IT 2nd Year | Risk: 28% | Attd: 71%
23IT0909,Rahul@0909,student,Rahul Hegde,rahul.hegde.23it0909@univ.edu,+91 9966105387,B.Tech IT 3rd Year | Risk: 8% | Attd: 95%
23AI0910,Rhea@0910,student,Rhea Rao,rhea.rao.23ai0910@univ.edu,+91 9108354512,B.Tech AI&DS 3rd Year | Risk: 12% | Attd: 83%
23EE0911,Siddharth@0911,student,Siddharth Verma,siddharth.verma.23ee0911@univ.edu,+91 9072963783,B.Tech EEE 3rd Year | Risk: 13% | Attd: 87%
22CS0912,Tanvi@0912,student,Tanvi Chatterjee,tanvi.chatterjee.22cs0912@univ.edu,+91 9060825536,B.Tech CSE 4th Year | Risk: 8% | Attd: 95%
23AI0913,Hemanth@0913,student,Hemanth Ghosh,hemanth.ghosh.23ai0913@univ.edu,+91 9219293841,B.Tech AI&DS 3rd Year | Risk: 32% | Attd: 73%
23IT0914,Deepak@0914,student,Deepak Verma,deepak.verma.23it0914@univ.edu,+91 9446934486,B.Tech IT 3rd Year | Risk: 18% | Attd: 80%
23EE0915,Pavitra@0915,student,Pavitra Gupta,pavitra.gupta.23ee0915@univ.edu,+91 9463336308,B.Tech EEE 3rd Year | Risk: 46% | Attd: 57%
24CS0916,Siddharth@0916,student,Siddharth Patel,siddharth.patel.24cs0916@univ.edu,+91 9593238019,B.Tech CSE 2nd Year | Risk: 12% | Attd: 91%
23IT0917,Akash@0917,student,Akash Chauhan,akash.chauhan.23it0917@univ.edu,+91 9207925415,B.Tech IT 3rd Year | Risk: 29% | Attd: 76%
24IT0918,Sai@0918,student,Sai Kulkarni,sai.kulkarni.24it0918@univ.edu,+91 9937651285,B.Tech IT 2nd Year | Risk: 11% | Attd: 96%
24CS0919,Priya@0919,student,Priya Rao,priya.rao.24cs0919@univ.edu,+91 9139281757,B.Tech CSE 2nd Year | Risk: 50% | Attd: 53%
24CS0920,Megha@0920,student,Megha Iyer,megha.iyer.24cs0920@univ.edu,+91 9476249422,B.Tech CSE 2nd Year | Risk: 9% | Attd: 90%
24EC0921,Preethi@0921,student,Preethi Yadav,preethi.yadav.24ec0921@univ.edu,+91 9966824388,B.Tech ECE 2nd Year | Risk: 12% | Attd: 95%
24EC0922,Samar@0922,student,Samar Saxena,samar.saxena.24ec0922@univ.edu,+91 9876581035,B.Tech ECE 2nd Year | Risk: 28% | Attd: 77%
23AI0923,Pooja@0923,student,Pooja Kulkarni,pooja.kulkarni.23ai0923@univ.edu,+91 9322565839,B.Tech AI&DS 3rd Year | Risk: 13% | Attd: 87%
23EC0924,Kavya@0924,student,Kavya Verma,kavya.verma.23ec0924@univ.edu,+91 9708589816,B.Tech ECE 3rd Year | Risk: 31% | Attd: 69%
22CS0925,Sai@0925,student,Sai Banerjee,sai.banerjee.22cs0925@univ.edu,+91 9869992528,B.Tech CSE 4th Year | Risk: 9% | Attd: 89%
23EC0926,Neha@0926,student,Neha Patel,neha.patel.23ec0926@univ.edu,+91 9497682057,B.Tech ECE 3rd Year | Risk: 8% | Attd: 88%
24EC0927,Dev@0927,student,Dev Tripathi,dev.tripathi.24ec0927@univ.edu,+91 9268363101,B.Tech ECE 2nd Year | Risk: 32% | Attd: 69%
23EE0928,Keerthi@0928,student,Keerthi Hegde,keerthi.hegde.23ee0928@univ.edu,+91 9329526162,B.Tech EEE 3rd Year | Risk: 30% | Attd: 73%
23IT0929,Lavanya@0929,student,Lavanya Bose,lavanya.bose.23it0929@univ.edu,+91 9233906600,B.Tech IT 3rd Year | Risk: 49% | Attd: 43%
23EC0930,Dhruv@0930,student,Dhruv Gupta,dhruv.gupta.23ec0930@univ.edu,+91 9244189202,B.Tech ECE 3rd Year | Risk: 29% | Attd: 73%
24CS0931,Ishita@0931,student,Ishita Roy,ishita.roy.24cs0931@univ.edu,+91 9594217022,B.Tech CSE 2nd Year | Risk: 12% | Attd: 93%
24EC0932,Priya@0932,student,Priya Bose,priya.bose.24ec0932@univ.edu,+91 9083192595,B.Tech ECE 2nd Year | Risk: 12% | Attd: 98%
24CS0933,Hemanth@0933,student,Hemanth Pandey,hemanth.pandey.24cs0933@univ.edu,+91 9153630427,B.Tech CSE 2nd Year | Risk: 29% | Attd: 75%
23EC0934,Ishan@0934,student,Ishan Pillai,ishan.pillai.23ec0934@univ.edu,+91 9395461170,B.Tech ECE 3rd Year | Risk: 12% | Attd: 88%
24CS0935,Varun@0935,student,Varun Ghosh,varun.ghosh.24cs0935@univ.edu,+91 9230713535,B.Tech CSE 2nd Year | Risk: 7% | Attd: 95%
23IT0936,Dhruv@0936,student,Dhruv Sharma,dhruv.sharma.23it0936@univ.edu,+91 9676805644,B.Tech IT 3rd Year | Risk: 10% | Attd: 86%
22CS0937,Ajay@0937,student,Ajay Dubey,ajay.dubey.22cs0937@univ.edu,+91 9209404989,B.Tech CSE 4th Year | Risk: 10% | Attd: 95%
24EC0938,Keerthi@0938,student,Keerthi Kulkarni,keerthi.kulkarni.24ec0938@univ.edu,+91 9786836215,B.Tech ECE 2nd Year | Risk: 12% | Attd: 82%
23CS0939,Simran@0939,student,Simran Pillai,simran.pillai.23cs0939@univ.edu,+91 9844287643,B.Tech CSE 3rd Year | Risk: 8% | Attd: 94%
24EE0940,Dev@0940,student,Dev Kumar,dev.kumar.24ee0940@univ.edu,+91 9366759935,B.Tech EEE 2nd Year | Risk: 10% | Attd: 98%
24AI0941,Rohan@0941,student,Rohan Mehta,rohan.mehta.24ai0941@univ.edu,+91 9449495817,B.Tech AI&DS 2nd Year | Risk: 15% | Attd: 93%
24CS0942,Tanmay@0942,student,Tanmay Malhotra,tanmay.malhotra.24cs0942@univ.edu,+91 9986363938,B.Tech CSE 2nd Year | Risk: 16% | Attd: 81%
23IT0943,Harish@0943,student,Harish Shetty,harish.shetty.23it0943@univ.edu,+91 9635094668,B.Tech IT 3rd Year | Risk: 16% | Attd: 82%
22CS0944,Deepika@0944,student,Deepika Sharma,deepika.sharma.22cs0944@univ.edu,+91 9751741358,B.Tech CSE 4th Year | Risk: 11% | Attd: 92%
24EE0945,Naveen@0945,student,Naveen Ghosh,naveen.ghosh.24ee0945@univ.edu,+91 9189754082,B.Tech EEE 2nd Year | Risk: 10% | Attd: 93%
24CS0946,Dhruv@0946,student,Dhruv Das,dhruv.das.24cs0946@univ.edu,+91 9906308344,B.Tech CSE 2nd Year | Risk: 43% | Attd: 58%
23AI0947,Keerthi@0947,student,Keerthi Bhat,keerthi.bhat.23ai0947@univ.edu,+91 9462286280,B.Tech AI&DS 3rd Year | Risk: 39% | Attd: 65%
24EC0948,Dev@0948,student,Dev Roy,dev.roy.24ec0948@univ.edu,+91 9309751772,B.Tech ECE 2nd Year | Risk: 52% | Attd: 50%
24CS0949,Anushka@0949,student,Anushka Naidu,anushka.naidu.24cs0949@univ.edu,+91 9029366972,B.Tech CSE 2nd Year | Risk: 42% | Attd: 59%
24EE0950,Pooja@0950,student,Pooja Dubey,pooja.dubey.24ee0950@univ.edu,+91 9786075025,B.Tech EEE 2nd Year | Risk: 25% | Attd: 73%
24EC0951,Karthik@0951,student,Karthik Kapoor,karthik.kapoor.24ec0951@univ.edu,+91 9298986845,B.Tech ECE 2nd Year | Risk: 13% | Attd: 94%
22CS0952,Shreya@0952,student,Shreya Shetty,shreya.shetty.22cs0952@univ.edu,+91 9834346335,B.Tech CSE 4th Year | Risk: 28% | Attd: 74%
24AI0953,Sanjay@0953,student,Sanjay Sharma,sanjay.sharma.24ai0953@univ.edu,+91 9673542196,B.Tech AI&DS 2nd Year | Risk: 29% | Attd: 77%
24AI0954,Karthik@0954,student,Karthik Ghosh,karthik.ghosh.24ai0954@univ.edu,+91 9303439088,B.Tech AI&DS 2nd Year | Risk: 6% | Attd: 94%
24IT0955,Rohan@0955,student,Rohan Tripathi,rohan.tripathi.24it0955@univ.edu,+91 9448995177,B.Tech IT 2nd Year | Risk: 14% | Attd: 85%
24EE0956,Pavitra@0956,student,Pavitra Chauhan,pavitra.chauhan.24ee0956@univ.edu,+91 9939566054,B.Tech EEE 2nd Year | Risk: 12% | Attd: 84%
23AI0957,Kunal@0957,student,Kunal Saxena,kunal.saxena.23ai0957@univ.edu,+91 9450535651,B.Tech AI&DS 3rd Year | Risk: 46% | Attd: 45%
24AI0958,Lavanya@0958,student,Lavanya Kulkarni,lavanya.kulkarni.24ai0958@univ.edu,+91 9830734482,B.Tech AI&DS 2nd Year | Risk: 11% | Attd: 90%
24AI0959,Ritika@0959,student,Ritika Naidu,ritika.naidu.24ai0959@univ.edu,+91 9280896497,B.Tech AI&DS 2nd Year | Risk: 13% | Attd: 92%
23AI0960,Simran@0960,student,Simran Agarwal,simran.agarwal.23ai0960@univ.edu,+91 9480645869,B.Tech AI&DS 3rd Year | Risk: 32% | Attd: 72%
24EE0961,Dev@0961,student,Dev Chowdary,dev.chowdary.24ee0961@univ.edu,+91 9775487184,B.Tech EEE 2nd Year | Risk: 16% | Attd: 83%
23EC0962,Akash@0962,student,Akash Gupta,akash.gupta.23ec0962@univ.edu,+91 9213073127,B.Tech ECE 3rd Year | Risk: 9% | Attd: 95%
23IT0963,Shalini@0963,student,Shalini Agarwal,shalini.agarwal.23it0963@univ.edu,+91 9038735200,B.Tech IT 3rd Year | Risk: 10% | Attd: 96%
23EE0964,Ankita@0964,student,Ankita Nair,ankita.nair.23ee0964@univ.edu,+91 9292549808,B.Tech EEE 3rd Year | Risk: 32% | Attd: 69%
23IT0965,Ritu@0965,student,Ritu Agarwal,ritu.agarwal.23it0965@univ.edu,+91 9649476211,B.Tech IT 3rd Year | Risk: 12% | Attd: 92%
24AI0966,Deepika@0966,student,Deepika Ghosh,deepika.ghosh.24ai0966@univ.edu,+91 9217611709,B.Tech AI&DS 2nd Year | Risk: 16% | Attd: 79%
23AI0967,Dev@0967,student,Dev Malhotra,dev.malhotra.23ai0967@univ.edu,+91 9974598680,B.Tech AI&DS 3rd Year | Risk: 11% | Attd: 96%
24AI0968,Payal@0968,student,Payal Kulkarni,payal.kulkarni.24ai0968@univ.edu,+91 9026727441,B.Tech AI&DS 2nd Year | Risk: 13% | Attd: 82%
23EC0969,Siddharth@0969,student,Siddharth Shah,siddharth.shah.23ec0969@univ.edu,+91 9928601684,B.Tech ECE 3rd Year | Risk: 33% | Attd: 70%
24CS0970,Rashmi@0970,student,Rashmi Kulkarni,rashmi.kulkarni.24cs0970@univ.edu,+91 9823998576,B.Tech CSE 2nd Year | Risk: 9% | Attd: 97%
24EC0971,Ajay@0971,student,Ajay Banerjee,ajay.banerjee.24ec0971@univ.edu,+91 9810715800,B.Tech ECE 2nd Year | Risk: 18% | Attd: 79%
23AI0972,Ritika@0972,student,Ritika Dubey,ritika.dubey.23ai0972@univ.edu,+91 9989163602,B.Tech AI&DS 3rd Year | Risk: 11% | Attd: 94%
24IT0973,Rahul@0973,student,Rahul Chauhan,rahul.chauhan.24it0973@univ.edu,+91 9950801429,B.Tech IT 2nd Year | Risk: 28% | Attd: 76%
24AI0974,Gautam@0974,student,Gautam Tripathi,gautam.tripathi.24ai0974@univ.edu,+91 9989957980,B.Tech AI&DS 2nd Year | Risk: 31% | Attd: 73%
23EC0975,Samyuktha@0975,student,Samyuktha Tripathi,samyuktha.tripathi.23ec0975@univ.edu,+91 9649096026,B.Tech ECE 3rd Year | Risk: 28% | Attd: 72%
24EC0976,Lokesh@0976,student,Lokesh Menon,lokesh.menon.24ec0976@univ.edu,+91 9006015564,B.Tech ECE 2nd Year | Risk: 50% | Attd: 55%
22CS0977,Abhishek@0977,student,Abhishek Joshi,abhishek.joshi.22cs0977@univ.edu,+91 9683268661,B.Tech CSE 4th Year | Risk: 50% | Attd: 56%
24CS0978,Aishwarya@0978,student,Aishwarya Shetty,aishwarya.shetty.24cs0978@univ.edu,+91 9273535066,B.Tech CSE 2nd Year | Risk: 12% | Attd: 88%
24EE0979,Swati@0979,student,Swati Rao,swati.rao.24ee0979@univ.edu,+91 9692381075,B.Tech EEE 2nd Year | Risk: 27% | Attd: 78%
23EE0980,Bhavana@0980,student,Bhavana Sinha,bhavana.sinha.23ee0980@univ.edu,+91 9998093609,B.Tech EEE 3rd Year | Risk: 30% | Attd: 69%
23IT0981,Ishita@0981,student,Ishita Singh,ishita.singh.23it0981@univ.edu,+91 9456775928,B.Tech IT 3rd Year | Risk: 17% | Attd: 80%
24EE0982,Lavanya@0982,student,Lavanya Banerjee,lavanya.banerjee.24ee0982@univ.edu,+91 9900492963,B.Tech EEE 2nd Year | Risk: 27% | Attd: 75%
24EE0983,Nikhil@0983,student,Nikhil Gupta,nikhil.gupta.24ee0983@univ.edu,+91 9735907840,B.Tech EEE 2nd Year | Risk: 10% | Attd: 96%
24IT0984,Harish@0984,student,Harish Shetty,harish.shetty.24it0984@univ.edu,+91 9410660521,B.Tech IT 2nd Year | Risk: 13% | Attd: 85%
23AI0985,Aarav@0985,student,Aarav Joshi,aarav.joshi.23ai0985@univ.edu,+91 9983340385,B.Tech AI&DS 3rd Year | Risk: 14% | Attd: 89%
24EC0986,Aarav@0986,student,Aarav Naidu,aarav.naidu.24ec0986@univ.edu,+91 9884039248,B.Tech ECE 2nd Year | Risk: 32% | Attd: 73%
23AI0987,Yash@0987,student,Yash Naidu,yash.naidu.23ai0987@univ.edu,+91 9960209876,B.Tech AI&DS 3rd Year | Risk: 14% | Attd: 80%
23CS0988,Meera@0988,student,Meera Kumar,meera.kumar.23cs0988@univ.edu,+91 9297939907,B.Tech CSE 3rd Year | Risk: 15% | Attd: 80%
23CS0989,Swati@0989,student,Swati Roy,swati.roy.23cs0989@univ.edu,+91 9554416338,B.Tech CSE 3rd Year | Risk: 7% | Attd: 97%
24CS0990,Suraj@0990,student,Suraj Mehta,suraj.mehta.24cs0990@univ.edu,+91 9295843204,B.Tech CSE 2nd Year | Risk: 19% | Attd: 81%
24IT0991,Payal@0991,student,Payal Mehta,payal.mehta.24it0991@univ.edu,+91 9998872869,B.Tech IT 2nd Year | Risk: 31% | Attd: 74%
24IT0992,Hemanth@0992,student,Hemanth Gupta,hemanth.gupta.24it0992@univ.edu,+91 9233566606,B.Tech IT 2nd Year | Risk: 16% | Attd: 79%
23IT0993,Vaishnavi@0993,student,Vaishnavi Gupta,vaishnavi.gupta.23it0993@univ.edu,+91 9150781347,B.Tech IT 3rd Year | Risk: 29% | Attd: 75%
23IT0994,Simran@0994,student,Simran Deshmukh,simran.deshmukh.23it0994@univ.edu,+91 9621370276,B.Tech IT 3rd Year | Risk: 27% | Attd: 76%
24IT0995,Nikhil@0995,student,Nikhil Shah,nikhil.shah.24it0995@univ.edu,+91 9372504153,B.Tech IT 2nd Year | Risk: 9% | Attd: 85%
23EC0996,Keerthi@0996,student,Keerthi Menon,keerthi.menon.23ec0996@univ.edu,+91 9706878792,B.Tech ECE 3rd Year | Risk: 31% | Attd: 76%
23AI0997,Megha@0997,student,Megha Kumar,megha.kumar.23ai0997@univ.edu,+91 9675890502,B.Tech AI&DS 3rd Year | Risk: 18% | Attd: 80%
23AI0998,Aarav@0998,student,Aarav Chowdary,aarav.chowdary.23ai0998@univ.edu,+91 9199888553,B.Tech AI&DS 3rd Year | Risk: 28% | Attd: 74%
23AI0999,Komal@0999,student,Komal Roy,komal.roy.23ai0999@univ.edu,+91 9362794021,B.Tech AI&DS 3rd Year | Risk: 9% | Attd: 87%
24CS1000,Suraj@1000,student,Suraj Banerjee,suraj.banerjee.24cs1000@univ.edu,+91 9636810563,B.Tech CSE 2nd Year | Risk: 9% | Attd: 87%
