id,name,gender,course,year,cgpa,credits,attendance,lms_score,risk,father,mother,mother_tongue,place,region,country,email,phone,password
24IT0001,Sneha Das,Female,B.Tech IT,2nd Year,4.56,19,55,32,54,Vikram Das,Shalini Das,Kannada,Bengaluru,Karnataka,India,sneha.das.24it0001@univ.edu,+91 9249817734,Sneha@0001
23IT0002,Arjun Yadav,Male,B.Tech IT,3rd Year,7.41,24,69,63,31,Prakash Yadav,Rashmi Yadav,Tamil,Coimbatore,Tamil Nadu,India,arjun.yadav.23it0002@univ.edu,+91 9453778756,Arjun@0002
24EC0003,Varun Menon,Male,B.Tech ECE,2nd Year,7.22,24,74,59,30,Akash Menon,Deepika Menon,Telugu,Vijayawada,Andhra Pradesh,India,varun.menon.24ec0003@univ.edu,+91 9493303705,Varun@0003
23EE0004,Akash Gupta,Male,B.Tech EEE,3rd Year,7.89,24,81,85,19,Samar Gupta,Preethi Gupta,Bengali,Kolkata,West Bengal,India,akash.gupta.23ee0004@univ.edu,+91 9830075810,Akash@0004
23CS0005,Rohan Deshmukh,Male,B.Tech CSE,3rd Year,6.75,24,74,66,30,Lokesh Deshmukh,Preethi Deshmukh,Tamil,Madurai,Tamil Nadu,India,rohan.deshmukh.23cs0005@univ.edu,+91 9733953718,Rohan@0005
24EE0006,Soundarya Chowdary,Female,B.Tech EEE,2nd Year,6.76,22,77,68,29,Lokesh Chowdary,Ritu Chowdary,Kannada,Mysuru,Karnataka,India,soundarya.chowdary.24ee0006@univ.edu,+91 9245938494,Soundarya@0006
24EC0007,Lavanya Agarwal,Female,B.Tech ECE,2nd Year,6.97,22,76,72,27,Dev Agarwal,Lavanya Agarwal,Tamil,Chennai,Tamil Nadu,India,lavanya.agarwal.24ec0007@univ.edu,+91 9284412919,Lavanya@0007
23EC0008,Tanmay Dubey,Male,B.Tech ECE,3rd Year,7.11,22,71,60,32,Suraj Dubey,Preethi Dubey,Hindi,Noida,Uttar Pradesh,India,tanmay.dubey.23ec0008@univ.edu,+91 9924602213,Tanmay@0008
24EE0009,Gautam Jain,Male,B.Tech EEE,2nd Year,8.3,24,95,95,9,Akash Jain,Soundarya Jain,Marathi,Pune,Maharashtra,India,gautam.jain.24ee0009@univ.edu,+91 9924255163,Gautam@0009
23EC0010,Shreya Dubey,Female,B.Tech ECE,3rd Year,7.64,24,69,66,29,Ankit Dubey,Nandini Dubey,Telugu,Warangal,Telangana,India,shreya.dubey.23ec0010@univ.edu,+91 9818150683,Shreya@0010
24EE0011,Vikram Banerjee,Male,B.Tech EEE,2nd Year,9.64,24,95,97,4,Vishal Banerjee,Tanvi Banerjee,Kannada,Bengaluru,Karnataka,India,vikram.banerjee.24ee0011@univ.edu,+91 9348059918,Vikram@0011
24EC0012,Hemanth Pillai,Male,B.Tech ECE,2nd Year,9.26,24,81,80,15,Manish Pillai,Archana Pillai,Telugu,Visakhapatnam,Andhra Pradesh,India,hemanth.pillai.24ec0012@univ.edu,+91 9816690353,Hemanth@0012
24AI0013,Karthik Kumar,Male,B.Tech AI&DS,2nd Year,9.66,24,85,84,11,Nikhil Kumar,Soundarya Kumar,Tamil,Madurai,Tamil Nadu,India,karthik.kumar.24ai0013@univ.edu,+91 9765523129,Karthik@0013
23EE0014,Vishal Shah,Male,B.Tech EEE,3rd Year,5.62,22,42,37,54,Manish Shah,Aishwarya Shah,Telugu,Warangal,Telangana,India,vishal.shah.23ee0014@univ.edu,+91 9236456621,Vishal@0014
24CS0015,Sai Deshmukh,Male,B.Tech CSE,2nd Year,6.76,24,76,62,30,Rahul Deshmukh,Payal Deshmukh,Malayalam,Thiruvananthapuram,Kerala,India,sai.deshmukh.24cs0015@univ.edu,+91 9947451608,Sai@0015
23AI0016,Megha Kulkarni,Female,B.Tech AI&DS,3rd Year,8.65,24,90,92,11,Vikram Kulkarni,Deepika Kulkarni,Tamil,Chennai,Tamil Nadu,India,megha.kulkarni.23ai0016@univ.edu,+91 9927537643,Megha@0016
23AI0017,Deepika Verma,Female,B.Tech AI&DS,3rd Year,6.67,23,76,63,31,Manish Verma,Swati Verma,Telugu,Warangal,Telangana,India,deepika.verma.23ai0017@univ.edu,+91 9496743109,Deepika@0017
24EE0018,Rahul Shah,Male,B.Tech EEE,2nd Year,8.13,24,86,93,14,Shreyas Shah,Ananya Shah,Telugu,Visakhapatnam,Andhra Pradesh,India,rahul.shah.24ee0018@univ.edu,+91 9516854671,Rahul@0018
23IT0019,Suraj Verma,Male,B.Tech IT,3rd Year,8.37,24,93,95,10,Akash Verma,Anushka Verma,Telugu,Hyderabad,Telangana,India,suraj.verma.23it0019@univ.edu,+91 9710678904,Suraj@0019
24EC0020,Ishita Joshi,Female,B.Tech ECE,2nd Year,4.61,21,52,48,51,Dhruv Joshi,Shalini Joshi,Telugu,Visakhapatnam,Andhra Pradesh,India,ishita.joshi.24ec0020@univ.edu,+91 9539931481,Ishita@0020
22CS0021,Ankita Chowdary,Female,B.Tech CSE,4th Year,8.61,24,86,96,11,Naveen Chowdary,Divya Chowdary,Telugu,Vijayawada,Andhra Pradesh,India,ankita.chowdary.22cs0021@univ.edu,+91 9264371717,Ankita@0021
23CS0022,Pooja Roy,Female,B.Tech CSE,3rd Year,8.21,24,87,88,14,Dhruv Roy,Archana Roy,Odia,Bhubaneswar,Odisha,India,pooja.roy.23cs0022@univ.edu,+91 9256287095,Pooja@0022
23AI0023,Karthik Banerjee,Male,B.Tech AI&DS,3rd Year,9.79,24,97,80,7,Rahul Banerjee,Ananya Banerjee,Hindi,Indore,Madhya Pradesh,India,karthik.banerjee.23ai0023@univ.edu,+91 9577280546,Karthik@0023
24EC0024,Gopi Kumar,Male,B.Tech ECE,2nd Year,7.34,22,77,74,25,Vishal Kumar,Keerthi Kumar,Tamil,Coimbatore,Tamil Nadu,India,gopi.kumar.24ec0024@univ.edu,+91 9717112652,Gopi@0024
23IT0025,Harini Nair,Female,B.Tech IT,3rd Year,7.23,22,73,68,28,Vikram Nair,Sunita Nair,Telugu,Warangal,Telangana,India,harini.nair.23it0025@univ.edu,+91 9738194420,Harini@0025
23AI0026,Anushka Pandey,Female,B.Tech AI&DS,3rd Year,7.81,24,80,82,20,Rohan Pandey,Nandini Pandey,Telugu,Visakhapatnam,Andhra Pradesh,India,anushka.pandey.23ai0026@univ.edu,+91 9684095277,Anushka@0026
23EE0027,Tanvi Shah,Female,B.Tech EEE,3rd Year,6.22,18,64,47,41,Aarav Shah,Shreya Shah,Hindi,Delhi,Delhi NCR,India,tanvi.shah.23ee0027@univ.edu,+91 9896139578,Tanvi@0027
24AI0028,Tanmay Singh,Male,B.Tech AI&DS,2nd Year,9.6,24,80,84,13,Tarun Singh,Preethi Singh,Telugu,Visakhapatnam,Andhra Pradesh,India,tanmay.singh.24ai0028@univ.edu,+91 9732363533,Tanmay@0028
23EE0029,Vikram Shetty,Male,B.Tech EEE,3rd Year,9.56,24,84,78,13,Varun Shetty,Shruti Shetty,Hindi,Lucknow,Uttar Pradesh,India,vikram.shetty.23ee0029@univ.edu,+91 9192587044,Vikram@0029
23IT0030,Bhavana Mehta,Female,B.Tech IT,3rd Year,8.24,24,94,92,11,Vikram Mehta,Ritu Mehta,Kannada,Mysuru,Karnataka,India,bhavana.mehta.23it0030@univ.edu,+91 9375442872,Bhavana@0030
22CS0031,Siddharth Deshmukh,Male,B.Tech CSE,4th Year,7.66,23,70,66,29,Suraj Deshmukh,Bhavana Deshmukh,Tamil,Chennai,Tamil Nadu,India,siddharth.deshmukh.22cs0031@univ.edu,+91 9688785773,Siddharth@0031
24CS0032,Shreyas Hegde,Male,B.Tech CSE,2nd Year,7.88,24,87,97,13,Naveen Hegde,Rashmi Hegde,Tamil,Madurai,Tamil Nadu,India,shreyas.hegde.24cs0032@univ.edu,+91 9466609283,Shreyas@0032
24EE0033,Sanjay Jain,Male,B.Tech EEE,2nd Year,6.5,24,75,75,28,Dev Jain,Swati Jain,Marathi,Pune,Maharashtra,India,sanjay.jain.24ee0033@univ.edu,+91 9772482077,Sanjay@0033
24AI0034,Swati Pillai,Female,B.Tech AI&DS,2nd Year,7.36,24,70,67,29,Deepak Pillai,Pavitra Pillai,Odia,Bhubaneswar,Odisha,India,swati.pillai.24ai0034@univ.edu,+91 9332091877,Swati@0034
24EC0035,Lavanya Agarwal,Female,B.Tech ECE,2nd Year,9.03,24,84,87,13,Ajay Agarwal,Ritu Agarwal,Tamil,Chennai,Tamil Nadu,India,lavanya.agarwal.24ec0035@univ.edu,+91 9436019893,Lavanya@0035
24EC0036,Aarav Banerjee,Male,B.Tech ECE,2nd Year,8.68,24,93,84,11,Dhruv Banerjee,Soundarya Banerjee,Marathi,Nagpur,Maharashtra,India,aarav.banerjee.24ec0036@univ.edu,+91 9548868899,Aarav@0036
23EC0037,Gautam Gupta,Male,B.Tech ECE,3rd Year,6.68,22,72,59,33,Manish Gupta,Harini Gupta,Telugu,Vijayawada,Andhra Pradesh,India,gautam.gupta.23ec0037@univ.edu,+91 9510173760,Gautam@0037
24AI0038,Divya Kapoor,Female,B.Tech AI&DS,2nd Year,7.29,22,71,58,32,Akash Kapoor,Ritika Kapoor,Hindi,Patna,Bihar,India,divya.kapoor.24ai0038@univ.edu,+91 9835822550,Divya@0038
24AI0039,Naveen Tripathi,Male,B.Tech AI&DS,2nd Year,9.14,24,93,95,7,Manish Tripathi,Shreya Tripathi,Hindi,Delhi,Delhi NCR,India,naveen.tripathi.24ai0039@univ.edu,+91 9639362057,Naveen@0039
23EE0040,Prakash Roy,Male,B.Tech EEE,3rd Year,8.7,24,94,85,11,Prakash Roy,Tanvi Roy,Hindi,Delhi,Delhi NCR,India,prakash.roy.23ee0040@univ.edu,+91 9901795907,Prakash@0040
23IT0041,Ankita Saxena,Female,B.Tech IT,3rd Year,6.88,22,74,75,28,Rahul Saxena,Keerthi Saxena,Gujarati,Ahmedabad,Gujarat,India,ankita.saxena.23it0041@univ.edu,+91 9148578017,Ankita@0041
24IT0042,Akash Singh,Male,B.Tech IT,2nd Year,7.92,24,92,91,13,Ajay Singh,Bhavana Singh,Marathi,Nagpur,Maharashtra,India,akash.singh.24it0042@univ.edu,+91 9418197538,Akash@0042
23EE0043,Rashmi Patel,Female,B.Tech EEE,3rd Year,7.52,24,75,71,26,Aarav Patel,Pallavi Patel,Gujarati,Surat,Gujarat,India,rashmi.patel.23ee0043@univ.edu,+91 9802638839,Rashmi@0043
24AI0044,Soundarya Deshmukh,Female,B.Tech AI&DS,2nd Year,5.77,21,52,55,45,Harish Deshmukh,Ritika Deshmukh,Tamil,Madurai,Tamil Nadu,India,soundarya.deshmukh.24ai0044@univ.edu,+91 9777583839,Soundarya@0044
24EE0045,Lokesh Kumar,Male,B.Tech EEE,2nd Year,9.09,24,81,82,15,Dhruv Kumar,Archana Kumar,Marathi,Pune,Maharashtra,India,lokesh.kumar.24ee0045@univ.edu,+91 9930774552,Lokesh@0045
23AI0046,Sai Bose,Male,B.Tech AI&DS,3rd Year,6.83,23,75,71,28,Lokesh Bose,Lavanya Bose,Tamil,Chennai,Tamil Nadu,India,sai.bose.23ai0046@univ.edu,+91 9896478772,Sai@0046
23CS0047,Arjun Dubey,Male,B.Tech CSE,3rd Year,8.2,24,86,78,17,Rahul Dubey,Pooja Dubey,Tamil,Coimbatore,Tamil Nadu,India,arjun.dubey.23cs0047@univ.edu,+91 9667154083,Arjun@0047
22CS0048,Karthik Malhotra,Male,B.Tech CSE,4th Year,9.01,24,84,81,15,Lokesh Malhotra,Anushka Malhotra,Tamil,Chennai,Tamil Nadu,India,karthik.malhotra.22cs0048@univ.edu,+91 9835147672,Karthik@0048
24EE0049,Harini Nair,Female,B.Tech EEE,2nd Year,6.59,22,72,65,32,Dev Nair,Ritu Nair,Malayalam,Kochi,Kerala,India,harini.nair.24ee0049@univ.edu,+91 9748605284,Harini@0049
24EE0050,Soundarya Iyer,Female,B.Tech EEE,2nd Year,8.81,24,81,88,15,Shreyas Iyer,Nandini Iyer,Marathi,Mumbai,Maharashtra,India,soundarya.iyer.24ee0050@univ.edu,+91 9013585139,Soundarya@0050
23AI0051,Ritika Nair,Female,B.Tech AI&DS,3rd Year,9.73,24,95,86,6,Lokesh Nair,Ishita Nair,Bengali,Kolkata,West Bengal,India,ritika.nair.23ai0051@univ.edu,+91 9661330848,Ritika@0051
23AI0052,Shalini Malhotra,Female,B.Tech AI&DS,3rd Year,7.5,23,72,60,30,Dhruv Malhotra,Samyuktha Malhotra,Punjabi,Chandigarh,Punjab,India,shalini.malhotra.23ai0052@univ.edu,+91 9946644279,Shalini@0052
23EE0053,Lokesh Sinha,Male,B.Tech EEE,3rd Year,8.78,24,84,89,13,Arjun Sinha,Ritika Sinha,Malayalam,Thiruvananthapuram,Kerala,India,lokesh.sinha.23ee0053@univ.edu,+91 9856665975,Lokesh@0053
24EC0054,Srikanth Naidu,Male,B.Tech ECE,2nd Year,7.09,24,75,65,29,Abhishek Naidu,Kavya Naidu,Hindi,Jaipur,Rajasthan,India,srikanth.naidu.24ec0054@univ.edu,+91 9511201082,Srikanth@0054
24CS0055,Ritika Shah,Female,B.Tech CSE,2nd Year,9.13,24,88,89,11,Siddharth Shah,Aditi Shah,Malayalam,Kochi,Kerala,India,ritika.shah.24cs0055@univ.edu,+91 9508159580,Ritika@0055
23EE0056,Pallavi Jain,Female,B.Tech EEE,3rd Year,6.64,23,72,64,32,Lokesh Jain,Samyuktha Jain,Marathi,Mumbai,Maharashtra,India,pallavi.jain.23ee0056@univ.edu,+91 9128370927,Pallavi@0056
23IT0057,Meera Joshi,Female,B.Tech IT,3rd Year,9.47,24,82,87,12,Dhruv Joshi,Ankita Joshi,Tamil,Madurai,Tamil Nadu,India,meera.joshi.23it0057@univ.edu,+91 9244258191,Meera@0057
24EE0058,Tarun Reddy,Male,B.Tech EEE,2nd Year,9.08,24,83,93,12,Aditya Reddy,Priya Reddy,Tamil,Madurai,Tamil Nadu,India,tarun.reddy.24ee0058@univ.edu,+91 9110152642,Tarun@0058
23AI0059,Archana Chatterjee,Female,B.Tech AI&DS,3rd Year,9.68,24,87,93,8,Deepak Chatterjee,Meera Chatterjee,Gujarati,Ahmedabad,Gujarat,India,archana.chatterjee.23ai0059@univ.edu,+91 9122500131,Archana@0059
22CS0060,Aditi Saxena,Female,B.Tech CSE,4th Year,7.64,22,78,60,27,Sai Saxena,Ishita Saxena,Bengali,Kolkata,West Bengal,India,aditi.saxena.22cs0060@univ.edu,+91 9127186396,Aditi@0060
24EE0061,Simran Naidu,Female,B.Tech EEE,2nd Year,8.39,24,93,96,9,Nikhil Naidu,Ritu Naidu,Hindi,Indore,Madhya Pradesh,India,simran.naidu.24ee0061@univ.edu,+91 9460452529,Simran@0061
24EE0062,Samar Verma,Male,B.Tech EEE,2nd Year,6.69,24,70,63,33,Pranav Verma,Neha Verma,Hindi,Indore,Madhya Pradesh,India,samar.verma.24ee0062@univ.edu,+91 9080600295,Samar@0062
23EE0063,Ajay Shah,Male,B.Tech EEE,3rd Year,7.34,22,73,72,27,Aditya Shah,Aishwarya Shah,Malayalam,Kochi,Kerala,India,ajay.shah.23ee0063@univ.edu,+91 9738073939,Ajay@0063
23IT0064,Gopi Ghosh,Male,B.Tech IT,3rd Year,9.45,24,87,80,12,Shreyas Ghosh,Aishwarya Ghosh,Telugu,Warangal,Telangana,India,gopi.ghosh.23it0064@univ.edu,+91 9064035859,Gopi@0064
23EE0065,Tarun Naidu,Male,B.Tech EEE,3rd Year,9.69,24,91,94,6,Hemanth Naidu,Vaishnavi Naidu,Gujarati,Ahmedabad,Gujarat,India,tarun.naidu.23ee0065@univ.edu,+91 9579800791,Tarun@0065
23CS0066,Rohan Naidu,Male,B.Tech CSE,3rd Year,6.77,24,70,76,29,Sanjay Naidu,Soundarya Naidu,Punjabi,Chandigarh,Punjab,India,rohan.naidu.23cs0066@univ.edu,+91 9022275263,Rohan@0066
24CS0067,Samyuktha Sinha,Female,B.Tech CSE,2nd Year,9.79,24,84,91,9,Nikhil Sinha,Komal Sinha,Gujarati,Surat,Gujarat,India,samyuktha.sinha.24cs0067@univ.edu,+91 9681594897,Samyuktha@0067
23EC0068,Kavya Malhotra,Female,B.Tech ECE,3rd Year,8.62,24,89,93,11,Sanjay Malhotra,Deepika Malhotra,Malayalam,Thiruvananthapuram,Kerala,India,kavya.malhotra.23ec0068@univ.edu,+91 9309471503,Kavya@0068
23CS0069,Aditi Yadav,Female,B.Tech CSE,3rd Year,7.54,24,75,58,29,Sanjay Yadav,Anushka Yadav,Telugu,Vijayawada,Andhra Pradesh,India,aditi.yadav.23cs0069@univ.edu,+91 9933476226,Aditi@0069
23IT0070,Ajay Verma,Male,B.Tech IT,3rd Year,8.33,24,85,82,16,Kunal Verma,Komal Verma,Hindi,Lucknow,Uttar Pradesh,India,ajay.verma.23it0070@univ.edu,+91 9996081045,Ajay@0070
22CS0071,Kunal Iyer,Male,B.Tech CSE,4th Year,7.16,22,69,60,32,Manish Iyer,Tanvi Iyer,Hindi,Lucknow,Uttar Pradesh,India,kunal.iyer.22cs0071@univ.edu,+91 9903452470,Kunal@0071
23IT0072,Vaishnavi Iyer,Female,B.Tech IT,3rd Year,9.47,24,92,93,7,Ankit Iyer,Payal Iyer,Hindi,Patna,Bihar,India,vaishnavi.iyer.23it0072@univ.edu,+91 9261704064,Vaishnavi@0072
24IT0073,Varun Chauhan,Male,B.Tech IT,2nd Year,6.82,23,77,58,31,Srikanth Chauhan,Simran Chauhan,Telugu,Vijayawada,Andhra Pradesh,India,varun.chauhan.24it0073@univ.edu,+91 9779591310,Varun@0073
24AI0074,Dhruv Ghosh,Male,B.Tech AI&DS,2nd Year,7.42,23,77,70,26,Shreyas Ghosh,Megha Ghosh,Gujarati,Ahmedabad,Gujarat,India,dhruv.ghosh.24ai0074@univ.edu,+91 9345505799,Dhruv@0074
24AI0075,Shruti Sinha,Female,B.Tech AI&DS,2nd Year,7.35,23,76,70,26,Ajay Sinha,Pooja Sinha,Hindi,Indore,Madhya Pradesh,India,shruti.sinha.24ai0075@univ.edu,+91 9712630453,Shruti@0075
24CS0076,Ishita Saxena,Female,B.Tech CSE,2nd Year,8.0,24,93,92,12,Dhruv Saxena,Bhavana Saxena,Hindi,Jaipur,Rajasthan,India,ishita.saxena.24cs0076@univ.edu,+91 9016479358,Ishita@0076
23CS0077,Simran Singh,Female,B.Tech CSE,3rd Year,9.5,24,81,95,11,Deepak Singh,Pavitra Singh,Tamil,Madurai,Tamil Nadu,India,simran.singh.23cs0077@univ.edu,+91 9408031980,Simran@0077
22CS0078,Ritika Dubey,Female,B.Tech CSE,4th Year,8.67,24,81,81,17,Manish Dubey,Keerthi Dubey,Telugu,Vijayawada,Andhra Pradesh,India,ritika.dubey.22cs0078@univ.edu,+91 9816440738,Ritika@0078
23IT0079,Deepika Shah,Female,B.Tech IT,3rd Year,8.52,24,88,91,12,Aditya Shah,Lavanya Shah,Telugu,Hyderabad,Telangana,India,deepika.shah.23it0079@univ.edu,+91 9156304376,Deepika@0079
24IT0080,Ajay Sinha,Male,B.Tech IT,2nd Year,9.17,24,98,93,5,Rohan Sinha,Pavitra Sinha,Kannada,Mysuru,Karnataka,India,ajay.sinha.24it0080@univ.edu,+91 9980142695,Ajay@0080
23EC0081,Aishwarya Kapoor,Female,B.Tech ECE,3rd Year,8.12,24,96,92,10,Aarav Kapoor,Vaishnavi Kapoor,Tamil,Madurai,Tamil Nadu,India,aishwarya.kapoor.23ec0081@univ.edu,+91 9371048258,Aishwarya@0081
23EC0082,Harini Jain,Female,B.Tech ECE,3rd Year,8.27,24,82,96,14,Abhishek Jain,Ritu Jain,Malayalam,Kochi,Kerala,India,harini.jain.23ec0082@univ.edu,+91 9385429460,Harini@0082
23AI0083,Keerthi Patel,Female,B.Tech AI&DS,3rd Year,9.47,24,94,87,8,Dev Patel,Priya Patel,Telugu,Hyderabad,Telangana,India,keerthi.patel.23ai0083@univ.edu,+91 9832945529,Keerthi@0083
24IT0084,Soundarya Shetty,Female,B.Tech IT,2nd Year,8.42,24,80,92,16,Gopi Shetty,Rhea Shetty,Hindi,Lucknow,Uttar Pradesh,India,soundarya.shetty.24it0084@univ.edu,+91 9035824891,Soundarya@0084
23EC0085,Rhea Gupta,Female,B.Tech ECE,3rd Year,7.55,24,77,69,26,Ajay Gupta,Meera Gupta,Punjabi,Chandigarh,Punjab,India,rhea.gupta.23ec0085@univ.edu,+91 9538798023,Rhea@0085
23AI0086,Tanvi Bose,Female,B.Tech AI&DS,3rd Year,8.08,24,81,85,18,Deepak Bose,Shreya Bose,Punjabi,Chandigarh,Punjab,India,tanvi.bose.23ai0086@univ.edu,+91 9923568933,Tanvi@0086
24EC0087,Aditi Yadav,Female,B.Tech ECE,2nd Year,8.54,24,93,86,11,Aarav Yadav,Anushka Yadav,Marathi,Pune,Maharashtra,India,aditi.yadav.24ec0087@univ.edu,+91 9627666622,Aditi@0087
23IT0088,Vishal Nair,Male,B.Tech IT,3rd Year,6.77,24,78,60,30,Samar Nair,Sunita Nair,Telugu,Hyderabad,Telangana,India,vishal.nair.23it0088@univ.edu,+91 9884607950,Vishal@0088
24CS0089,Tarun Mehta,Male,B.Tech CSE,2nd Year,7.99,24,82,95,15,Aditya Mehta,Harini Mehta,Telugu,Visakhapatnam,Andhra Pradesh,India,tarun.mehta.24cs0089@univ.edu,+91 9145668163,Tarun@0089
24AI0090,Vishal Dubey,Male,B.Tech AI&DS,2nd Year,7.87,24,87,89,15,Vikram Dubey,Ritika Dubey,Marathi,Nagpur,Maharashtra,India,vishal.dubey.24ai0090@univ.edu,+91 9233291547,Vishal@0090
22CS0091,Manish Pillai,Male,B.Tech CSE,4th Year,4.86,21,50,33,55,Shreyas Pillai,Pallavi Pillai,Marathi,Mumbai,Maharashtra,India,manish.pillai.22cs0091@univ.edu,+91 9098433586,Manish@0091
23CS0092,Soundarya Patel,Female,B.Tech CSE,3rd Year,6.75,22,77,64,30,Karthik Patel,Archana Patel,Tamil,Coimbatore,Tamil Nadu,India,soundarya.patel.23cs0092@univ.edu,+91 9352788129,Soundarya@0092
24EC0093,Soundarya Reddy,Female,B.Tech ECE,2nd Year,9.12,24,82,78,16,Shreyas Reddy,Anushka Reddy,Kannada,Bengaluru,Karnataka,India,soundarya.reddy.24ec0093@univ.edu,+91 9141522640,Soundarya@0093
24EC0094,Manish Ghosh,Male,B.Tech ECE,2nd Year,7.13,23,75,60,30,Gopi Ghosh,Priya Ghosh,Kannada,Mysuru,Karnataka,India,manish.ghosh.24ec0094@univ.edu,+91 9481331845,Manish@0094
23CS0095,Payal Ghosh,Female,B.Tech CSE,3rd Year,6.23,22,67,51,39,Siddharth Ghosh,Pavitra Ghosh,Hindi,Jaipur,Rajasthan,India,payal.ghosh.23cs0095@univ.edu,+91 9323873102,Payal@0095
23AI0096,Arjun Verma,Male,B.Tech AI&DS,3rd Year,7.95,24,93,80,15,Vikram Verma,Ritika Verma,Marathi,Nagpur,Maharashtra,India,arjun.verma.23ai0096@univ.edu,+91 9345864933,Arjun@0096
23EC0097,Divya Kumar,Female,B.Tech ECE,3rd Year,7.23,24,77,61,29,Ishan Kumar,Ankita Kumar,Marathi,Pune,Maharashtra,India,divya.kumar.23ec0097@univ.edu,+91 9122851168,Divya@0097
23AI0098,Sunita Menon,Female,B.Tech AI&DS,3rd Year,8.63,24,91,81,13,Ajay Menon,Bhavana Menon,Tamil,Coimbatore,Tamil Nadu,India,sunita.menon.23ai0098@univ.edu,+91 9335596237,Sunita@0098
23IT0099,Gopi Pillai,Male,B.Tech IT,3rd Year,5.91,19,45,41,51,Rohan Pillai,Kavya Pillai,Telugu,Vijayawada,Andhra Pradesh,India,gopi.pillai.23it0099@univ.edu,+91 9597398528,Gopi@0099
24EC0100,Tanmay Yadav,Male,B.Tech ECE,2nd Year,9.74,24,80,97,10,Rakesh Yadav,Nandini Yadav,Marathi,Nagpur,Maharashtra,India,tanmay.yadav.24ec0100@univ.edu,+91 9335489452,Tanmay@0100
24IT0101,Dev Pandey,Male,B.Tech IT,2nd Year,9.49,24,90,89,9,Yash Pandey,Aishwarya Pandey,Odia,Bhubaneswar,Odisha,India,dev.pandey.24it0101@univ.edu,+91 9123357166,Dev@0101
24AI0102,Archana Deshmukh,Female,B.Tech AI&DS,2nd Year,7.61,22,73,69,27,Srikanth Deshmukh,Sneha Deshmukh,Hindi,Lucknow,Uttar Pradesh,India,archana.deshmukh.24ai0102@univ.edu,+91 9194782734,Archana@0102
24CS0103,Archana Agarwal,Female,B.Tech CSE,2nd Year,8.55,24,85,92,13,Arjun Agarwal,Kavya Agarwal,Punjabi,Chandigarh,Punjab,India,archana.agarwal.24cs0103@univ.edu,+91 9366034277,Archana@0103
24EE0104,Tarun Bhat,Male,B.Tech EEE,2nd Year,9.15,24,80,86,14,Varun Bhat,Tanvi Bhat,Telugu,Visakhapatnam,Andhra Pradesh,India,tarun.bhat.24ee0104@univ.edu,+91 9475788930,Tarun@0104
23AI0105,Ritika Naidu,Female,B.Tech AI&DS,3rd Year,4.71,22,55,51,49,Pranav Naidu,Payal Naidu,Tamil,Madurai,Tamil Nadu,India,ritika.naidu.23ai0105@univ.edu,+91 9522517939,Ritika@0105
23IT0106,Tarun Sharma,Male,B.Tech IT,3rd Year,7.42,23,72,66,29,Sai Sharma,Ananya Sharma,Hindi,Lucknow,Uttar Pradesh,India,tarun.sharma.23it0106@univ.edu,+91 9352318696,Tarun@0106
24IT0107,Kunal Jain,Male,B.Tech IT,2nd Year,7.94,24,90,79,16,Shreyas Jain,Aishwarya Jain,Marathi,Pune,Maharashtra,India,kunal.jain.24it0107@univ.edu,+91 9468387228,Kunal@0107
23EE0108,Rahul Bhat,Male,B.Tech EEE,3rd Year,6.53,22,75,68,30,Suraj Bhat,Simran Bhat,Hindi,Noida,Uttar Pradesh,India,rahul.bhat.23ee0108@univ.edu,+91 9860413104,Rahul@0108
23CS0109,Vaishnavi Pillai,Female,B.Tech CSE,3rd Year,7.96,24,95,87,12,Manish Pillai,Nandini Pillai,Telugu,Warangal,Telangana,India,vaishnavi.pillai.23cs0109@univ.edu,+91 9800801837,Vaishnavi@0109
22CS0110,Deepak Chowdary,Male,B.Tech CSE,4th Year,8.5,24,90,98,10,Hemanth Chowdary,Ankita Chowdary,Bengali,Kolkata,West Bengal,India,deepak.chowdary.22cs0110@univ.edu,+91 9875139327,Deepak@0110
24EC0111,Vikram Singh,Male,B.Tech ECE,2nd Year,8.15,24,81,98,15,Ishan Singh,Ishita Singh,Kannada,Mysuru,Karnataka,India,vikram.singh.24ec0111@univ.edu,+91 9530554118,Vikram@0111
23AI0112,Dev Ghosh,Male,B.Tech AI&DS,3rd Year,8.68,24,94,87,10,Sanjay Ghosh,Ishita Ghosh,Bengali,Kolkata,West Bengal,India,dev.ghosh.23ai0112@univ.edu,+91 9855052486,Dev@0112
24EE0113,Sai Shetty,Male,B.Tech EEE,2nd Year,6.08,18,53,32,50,Lokesh Shetty,Komal Shetty,Malayalam,Kochi,Kerala,India,sai.shetty.24ee0113@univ.edu,+91 9660360225,Sai@0113
24EE0114,Ritu Kapoor,Female,B.Tech EEE,2nd Year,7.1,23,76,59,30,Dev Kapoor,Swati Kapoor,Gujarati,Ahmedabad,Gujarat,India,ritu.kapoor.24ee0114@univ.edu,+91 9111134294,Ritu@0114
24EE0115,Bhavana Gupta,Female,B.Tech EEE,2nd Year,8.85,24,95,83,10,Manish Gupta,Komal Gupta,Telugu,Visakhapatnam,Andhra Pradesh,India,bhavana.gupta.24ee0115@univ.edu,+91 9390732457,Bhavana@0115
23AI0116,Ankit Chauhan,Male,B.Tech AI&DS,3rd Year,7.93,24,89,81,16,Ishan Chauhan,Priya Chauhan,Odia,Bhubaneswar,Odisha,India,ankit.chauhan.23ai0116@univ.edu,+91 9599108439,Ankit@0116
24EE0117,Keerthi Bose,Female,B.Tech EEE,2nd Year,8.42,24,90,98,10,Rohan Bose,Rashmi Bose,Malayalam,Thiruvananthapuram,Kerala,India,keerthi.bose.24ee0117@univ.edu,+91 9749987147,Keerthi@0117
23CS0118,Rhea Naidu,Female,B.Tech CSE,3rd Year,7.99,24,95,91,11,Akash Naidu,Bhavana Naidu,Hindi,Delhi,Delhi NCR,India,rhea.naidu.23cs0118@univ.edu,+91 9545985356,Rhea@0118
24IT0119,Vishal Banerjee,Male,B.Tech IT,2nd Year,6.69,22,71,67,31,Kunal Banerjee,Swati Banerjee,Malayalam,Thiruvananthapuram,Kerala,India,vishal.banerjee.24it0119@univ.edu,+91 9545127678,Vishal@0119
24EC0120,Ankita Sharma,Female,B.Tech ECE,2nd Year,7.47,24,78,63,27,Akash Sharma,Ishita Sharma,Hindi,Lucknow,Uttar Pradesh,India,ankita.sharma.24ec0120@univ.edu,+91 9469948247,Ankita@0120
23AI0121,Vishal Kulkarni,Male,B.Tech AI&DS,3rd Year,9.73,24,88,93,7,Prakash Kulkarni,Aishwarya Kulkarni,Hindi,Indore,Madhya Pradesh,India,vishal.kulkarni.23ai0121@univ.edu,+91 9970635050,Vishal@0121
23AI0122,Preethi Sinha,Female,B.Tech AI&DS,3rd Year,9.73,24,92,84,8,Ankit Sinha,Ritu Sinha,Hindi,Indore,Madhya Pradesh,India,preethi.sinha.23ai0122@univ.edu,+91 9860345542,Preethi@0122
23AI0123,Anushka Verma,Female,B.Tech AI&DS,3rd Year,7.97,24,88,83,16,Vikram Verma,Ankita Verma,Hindi,Delhi,Delhi NCR,India,anushka.verma.23ai0123@univ.edu,+91 9292907427,Anushka@0123
24AI0124,Mayank Singh,Male,B.Tech AI&DS,2nd Year,7.91,24,92,94,12,Prakash Singh,Pallavi Singh,Tamil,Coimbatore,Tamil Nadu,India,mayank.singh.24ai0124@univ.edu,+91 9401538092,Mayank@0124
24IT0125,Rohan Pillai,Male,B.Tech IT,2nd Year,7.88,24,83,93,16,Vikram Pillai,Bhavana Pillai,Malayalam,Thiruvananthapuram,Kerala,India,rohan.pillai.24it0125@univ.edu,+91 9747401602,Rohan@0125
24EE0126,Megha Shah,Female,B.Tech EEE,2nd Year,7.16,23,71,74,28,Arjun Shah,Anushka Shah,Telugu,Vijayawada,Andhra Pradesh,India,megha.shah.24ee0126@univ.edu,+91 9119385981,Megha@0126
24CS0127,Shruti Banerjee,Female,B.Tech CSE,2nd Year,9.47,24,82,93,11,Ajay Banerjee,Pavitra Banerjee,Tamil,Coimbatore,Tamil Nadu,India,shruti.banerjee.24cs0127@univ.edu,+91 9640743666,Shruti@0127
24IT0128,Mayank Sinha,Male,B.Tech IT,2nd Year,8.94,24,86,83,14,Harish Sinha,Ananya Sinha,Malayalam,Kochi,Kerala,India,mayank.sinha.24it0128@univ.edu,+91 9713363254,Mayank@0128
22CS0129,Ankita Pillai,Female,B.Tech CSE,4th Year,9.55,24,91,79,10,Mayank Pillai,Payal Pillai,Hindi,Delhi,Delhi NCR,India,ankita.pillai.22cs0129@univ.edu,+91 9682546314,Ankita@0129
23CS0130,Vishal Bose,Male,B.Tech CSE,3rd Year,9.34,24,82,88,13,Rakesh Bose,Shruti Bose,Telugu,Vijayawada,Andhra Pradesh,India,vishal.bose.23cs0130@univ.edu,+91 9143247463,Vishal@0130
23IT0131,Shreyas Hegde,Male,B.Tech IT,3rd Year,9.23,24,81,92,12,Yash Hegde,Meera Hegde,Hindi,Patna,Bihar,India,shreyas.hegde.23it0131@univ.edu,+91 9039711044,Shreyas@0131
23CS0132,Aditya Joshi,Male,B.Tech CSE,3rd Year,8.75,24,96,79,11,Mayank Joshi,Aditi Joshi,Malayalam,Kochi,Kerala,India,aditya.joshi.23cs0132@univ.edu,+91 9808839964,Aditya@0132
22CS0133,Keerthi Shetty,Female,B.Tech CSE,4th Year,9.58,24,92,92,7,Srikanth Shetty,Shreya Shetty,Malayalam,Thiruvananthapuram,Kerala,India,keerthi.shetty.22cs0133@univ.edu,+91 9960609692,Keerthi@0133
23AI0134,Bhavana Mishra,Female,B.Tech AI&DS,3rd Year,7.96,24,92,97,11,Nikhil Mishra,Samyuktha Mishra,Marathi,Mumbai,Maharashtra,India,bhavana.mishra.23ai0134@univ.edu,+91 9882982227,Bhavana@0134
24CS0135,Ankit Bhat,Male,B.Tech CSE,2nd Year,8.13,24,92,92,12,Ankit Bhat,Harini Bhat,Malayalam,Thiruvananthapuram,Kerala,India,ankit.bhat.24cs0135@univ.edu,+91 9377470703,Ankit@0135
23AI0136,Rakesh Roy,Male,B.Tech AI&DS,3rd Year,8.53,24,91,83,13,Sai Roy,Divya Roy,Bengali,Kolkata,West Bengal,India,rakesh.roy.23ai0136@univ.edu,+91 9033436988,Rakesh@0136
24CS0137,Ishan Shah,Male,B.Tech CSE,2nd Year,6.54,24,78,62,30,Manish Shah,Preethi Shah,Telugu,Vijayawada,Andhra Pradesh,India,ishan.shah.24cs0137@univ.edu,+91 9483100677,Ishan@0137
22CS0138,Preethi Shah,Female,B.Tech CSE,4th Year,6.8,22,73,61,32,Nikhil Shah,Preethi Shah,Kannada,Bengaluru,Karnataka,India,preethi.shah.22cs0138@univ.edu,+91 9789924866,Preethi@0138
24EE0139,Nikhil Chauhan,Male,B.Tech EEE,2nd Year,6.84,22,78,73,27,Gopi Chauhan,Komal Chauhan,Tamil,Madurai,Tamil Nadu,India,nikhil.chauhan.24ee0139@univ.edu,+91 9131680929,Nikhil@0139
23IT0140,Rahul Shah,Male,B.Tech IT,3rd Year,8.88,24,96,87,9,Sanjay Shah,Pallavi Shah,Telugu,Vijayawada,Andhra Pradesh,India,rahul.shah.23it0140@univ.edu,+91 9914143043,Rahul@0140
24EE0141,Naveen Pillai,Male,B.Tech EEE,2nd Year,6.53,24,76,75,28,Abhishek Pillai,Rhea Pillai,Telugu,Warangal,Telangana,India,naveen.pillai.24ee0141@univ.edu,+91 9396115351,Naveen@0141
24EE0142,Tanmay Kumar,Male,B.Tech EEE,2nd Year,8.85,24,94,91,9,Tarun Kumar,Aditi Kumar,Telugu,Vijayawada,Andhra Pradesh,India,tanmay.kumar.24ee0142@univ.edu,+91 9884053945,Tanmay@0142
23CS0143,Rhea Bhat,Female,B.Tech CSE,3rd Year,7.27,22,77,63,28,Nikhil Bhat,Pallavi Bhat,Gujarati,Ahmedabad,Gujarat,India,rhea.bhat.23cs0143@univ.edu,+91 9464520346,Rhea@0143
24EE0144,Sai Iyer,Male,B.Tech EEE,2nd Year,6.92,23,72,74,28,Gautam Iyer,Tanvi Iyer,Malayalam,Kochi,Kerala,India,sai.iyer.24ee0144@univ.edu,+91 9908314405,Sai@0144
24EC0145,Abhishek Yadav,Male,B.Tech ECE,2nd Year,9.08,24,95,96,6,Tarun Yadav,Pavitra Yadav,Bengali,Kolkata,West Bengal,India,abhishek.yadav.24ec0145@univ.edu,+91 9623464439,Abhishek@0145
24EC0146,Samar Naidu,Male,B.Tech ECE,2nd Year,8.33,24,97,84,11,Rohan Naidu,Pooja Naidu,Telugu,Hyderabad,Telangana,India,samar.naidu.24ec0146@univ.edu,+91 9823515952,Samar@0146
23AI0147,Pavitra Patel,Female,B.Tech AI&DS,3rd Year,6.86,24,75,60,31,Tarun Patel,Megha Patel,Bengali,Kolkata,West Bengal,India,pavitra.patel.23ai0147@univ.edu,+91 9064331134,Pavitra@0147
24AI0148,Ajay Malhotra,Male,B.Tech AI&DS,2nd Year,7.38,23,74,69,27,Ishan Malhotra,Ishita Malhotra,Malayalam,Thiruvananthapuram,Kerala,India,ajay.malhotra.24ai0148@univ.edu,+91 9140409084,Ajay@0148
23CS0149,Payal Yadav,Female,B.Tech CSE,3rd Year,6.67,23,72,59,33,Lokesh Yadav,Shreya Yadav,Tamil,Coimbatore,Tamil Nadu,India,payal.yadav.23cs0149@univ.edu,+91 9412477736,Payal@0149
23IT0150,Simran Kulkarni,Female,B.Tech IT,3rd Year,9.79,24,94,92,5,Sanjay Kulkarni,Swati Kulkarni,Hindi,Noida,Uttar Pradesh,India,simran.kulkarni.23it0150@univ.edu,+91 9535539154,Simran@0150
23CS0151,Ritika Patel,Female,B.Tech CSE,3rd Year,6.56,23,74,67,31,Lokesh Patel,Shruti Patel,Hindi,Jaipur,Rajasthan,India,ritika.patel.23cs0151@univ.edu,+91 9641580895,Ritika@0151
24EE0152,Megha Chatterjee,Female,B.Tech EEE,2nd Year,9.33,24,90,89,9,Harish Chatterjee,Rhea Chatterjee,Telugu,Warangal,Telangana,India,megha.chatterjee.24ee0152@univ.edu,+91 9048578655,Megha@0152
23IT0153,Dev Yadav,Male,B.Tech IT,3rd Year,7.42,24,76,66,27,Ankit Yadav,Divya Yadav,Hindi,Delhi,Delhi NCR,India,dev.yadav.23it0153@univ.edu,+91 9730572478,Dev@0153
23AI0154,Rhea Nair,Female,B.Tech AI&DS,3rd Year,9.0,24,85,90,12,Tanmay Nair,Preethi Nair,Malayalam,Thiruvananthapuram,Kerala,India,rhea.nair.23ai0154@univ.edu,+91 9536954564,Rhea@0154
23EC0155,Aditya Kumar,Male,B.Tech ECE,3rd Year,8.08,24,95,97,9,Lokesh Kumar,Ishita Kumar,Hindi,Jaipur,Rajasthan,India,aditya.kumar.23ec0155@univ.edu,+91 9342019016,Aditya@0155
23EE0156,Samar Banerjee,Male,B.Tech EEE,3rd Year,8.4,24,97,78,12,Mayank Banerjee,Shalini Banerjee,Hindi,Jaipur,Rajasthan,India,samar.banerjee.23ee0156@univ.edu,+91 9395521185,Samar@0156
23EE0157,Hemanth Mehta,Male,B.Tech EEE,3rd Year,8.96,24,97,79,10,Arjun Mehta,Soundarya Mehta,Punjabi,Chandigarh,Punjab,India,hemanth.mehta.23ee0157@univ.edu,+91 9626553348,Hemanth@0157
24AI0158,Nikhil Roy,Male,B.Tech AI&DS,2nd Year,8.18,24,82,92,16,Manish Roy,Pooja Roy,Odia,Bhubaneswar,Odisha,India,nikhil.roy.24ai0158@univ.edu,+91 9336824737,Nikhil@0158
23AI0159,Ajay Menon,Male,B.Tech AI&DS,3rd Year,8.45,24,96,93,9,Sai Menon,Rhea Menon,Punjabi,Chandigarh,Punjab,India,ajay.menon.23ai0159@univ.edu,+91 9564226794,Ajay@0159
23EE0160,Naveen Kapoor,Male,B.Tech EEE,3rd Year,9.71,24,85,86,11,Rakesh Kapoor,Anushka Kapoor,Hindi,Delhi,Delhi NCR,India,naveen.kapoor.23ee0160@univ.edu,+91 9599240979,Naveen@0160
23IT0161,Tarun Chatterjee,Male,B.Tech IT,3rd Year,8.38,24,87,96,12,Yash Chatterjee,Pallavi Chatterjee,Malayalam,Thiruvananthapuram,Kerala,India,tarun.chatterjee.23it0161@univ.edu,+91 9726517607,Tarun@0161
23IT0162,Suraj Shetty,Male,B.Tech IT,3rd Year,7.29,22,76,73,26,Ankit Shetty,Kavya Shetty,Telugu,Visakhapatnam,Andhra Pradesh,India,suraj.shetty.23it0162@univ.edu,+91 9216968866,Suraj@0162
24EC0163,Samyuktha Yadav,Female,B.Tech ECE,2nd Year,7.3,22,69,74,28,Samar Yadav,Rashmi Yadav,Telugu,Warangal,Telangana,India,samyuktha.yadav.24ec0163@univ.edu,+91 9684987769,Samyuktha@0163
23EC0164,Vikram Mehta,Male,B.Tech ECE,3rd Year,8.61,24,84,93,13,Karthik Mehta,Ananya Mehta,Telugu,Warangal,Telangana,India,vikram.mehta.23ec0164@univ.edu,+91 9512656440,Vikram@0164
24EC0165,Keerthi Bhat,Female,B.Tech ECE,2nd Year,7.6,23,69,63,30,Rohan Bhat,Archana Bhat,Hindi,Indore,Madhya Pradesh,India,keerthi.bhat.24ec0165@univ.edu,+91 9947303322,Keerthi@0165
24AI0166,Pooja Agarwal,Female,B.Tech AI&DS,2nd Year,5.65,20,60,40,46,Ankit Agarwal,Pooja Agarwal,Punjabi,Chandigarh,Punjab,India,pooja.agarwal.24ai0166@univ.edu,+91 9487853601,Pooja@0166
24AI0167,Shalini Tripathi,Female,B.Tech AI&DS,2nd Year,6.9,24,70,72,30,Lokesh Tripathi,Samyuktha Tripathi,Hindi,Jaipur,Rajasthan,India,shalini.tripathi.24ai0167@univ.edu,+91 9276236056,Shalini@0167
24EC0168,Ananya Hegde,Female,B.Tech ECE,2nd Year,8.46,24,95,90,10,Samar Hegde,Aditi Hegde,Kannada,Mysuru,Karnataka,India,ananya.hegde.24ec0168@univ.edu,+91 9718608005,Ananya@0168
24EC0169,Karthik Malhotra,Male,B.Tech ECE,2nd Year,7.64,24,73,67,27,Gopi Malhotra,Ritu Malhotra,Telugu,Hyderabad,Telangana,India,karthik.malhotra.24ec0169@univ.edu,+91 9776189202,Karthik@0169
24IT0170,Anushka Pillai,Female,B.Tech IT,2nd Year,7.32,24,75,67,28,Hemanth Pillai,Vaishnavi Pillai,Odia,Bhubaneswar,Odisha,India,anushka.pillai.24it0170@univ.edu,+91 9126074193,Anushka@0170
24EE0171,Keerthi Pillai,Female,B.Tech EEE,2nd Year,6.95,23,78,75,26,Karthik Pillai,Megha Pillai,Tamil,Coimbatore,Tamil Nadu,India,keerthi.pillai.24ee0171@univ.edu,+91 9813198930,Keerthi@0171
24EE0172,Pranav Kulkarni,Male,B.Tech EEE,2nd Year,9.63,24,81,81,14,Prakash Kulkarni,Ankita Kulkarni,Hindi,Jaipur,Rajasthan,India,pranav.kulkarni.24ee0172@univ.edu,+91 9066312199,Pranav@0172
24EE0173,Payal Joshi,Female,B.Tech EEE,2nd Year,9.23,24,85,93,10,Sanjay Joshi,Ankita Joshi,Kannada,Mysuru,Karnataka,India,payal.joshi.24ee0173@univ.edu,+91 9097647841,Payal@0173
24AI0174,Komal Verma,Female,B.Tech AI&DS,2nd Year,8.72,24,96,87,9,Ajay Verma,Vaishnavi Verma,Hindi,Jaipur,Rajasthan,India,komal.verma.24ai0174@univ.edu,+91 9776616079,Komal@0174
24IT0175,Gopi Reddy,Male,B.Tech IT,2nd Year,9.79,24,96,80,7,Harish Reddy,Pallavi Reddy,Telugu,Visakhapatnam,Andhra Pradesh,India,gopi.reddy.24it0175@univ.edu,+91 9506882594,Gopi@0175
23IT0176,Ajay Mishra,Male,B.Tech IT,3rd Year,8.55,24,91,95,10,Akash Mishra,Komal Mishra,Marathi,Mumbai,Maharashtra,India,ajay.mishra.23it0176@univ.edu,+91 9142796714,Ajay@0176
23IT0177,Pallavi Iyer,Female,B.Tech IT,3rd Year,9.76,24,79,92,11,Karthik Iyer,Aishwarya Iyer,Hindi,Jaipur,Rajasthan,India,pallavi.iyer.23it0177@univ.edu,+91 9723164961,Pallavi@0177
24AI0178,Nandini Dubey,Female,B.Tech AI&DS,2nd Year,7.62,22,72,61,29,Lokesh Dubey,Pallavi Dubey,Tamil,Coimbatore,Tamil Nadu,India,nandini.dubey.24ai0178@univ.edu,+91 9869170578,Nandini@0178
24IT0179,Pavitra Patel,Female,B.Tech IT,2nd Year,5.78,19,61,31,48,Vikram Patel,Soundarya Patel,Telugu,Vijayawada,Andhra Pradesh,India,pavitra.patel.24it0179@univ.edu,+91 9795149930,Pavitra@0179
24EE0180,Prakash Deshmukh,Male,B.Tech EEE,2nd Year,8.27,24,88,96,12,Sai Deshmukh,Rhea Deshmukh,Hindi,Indore,Madhya Pradesh,India,prakash.deshmukh.24ee0180@univ.edu,+91 9342420233,Prakash@0180
24EC0181,Lavanya Kulkarni,Female,B.Tech ECE,2nd Year,7.92,24,87,96,13,Nikhil Kulkarni,Aishwarya Kulkarni,Odia,Bhubaneswar,Odisha,India,lavanya.kulkarni.24ec0181@univ.edu,+91 9944585599,Lavanya@0181
23EE0182,Meera Jain,Female,B.Tech EEE,3rd Year,9.19,24,89,91,9,Rakesh Jain,Ritu Jain,Telugu,Visakhapatnam,Andhra Pradesh,India,meera.jain.23ee0182@univ.edu,+91 9160221190,Meera@0182
24AI0183,Naveen Dubey,Male,B.Tech AI&DS,2nd Year,8.92,24,80,91,14,Tarun Dubey,Ishita Dubey,Tamil,Coimbatore,Tamil Nadu,India,naveen.dubey.24ai0183@univ.edu,+91 9598382096,Naveen@0183
24EC0184,Akash Kulkarni,Male,B.Tech ECE,2nd Year,8.87,24,81,84,16,Rohan Kulkarni,Komal Kulkarni,Malayalam,Thiruvananthapuram,Kerala,India,akash.kulkarni.24ec0184@univ.edu,+91 9055337035,Akash@0184
24CS0185,Ishan Naidu,Male,B.Tech CSE,2nd Year,7.54,23,72,68,28,Dhruv Naidu,Sunita Naidu,Tamil,Chennai,Tamil Nadu,India,ishan.naidu.24cs0185@univ.edu,+91 9976025048,Ishan@0185
24AI0186,Abhishek Iyer,Male,B.Tech AI&DS,2nd Year,7.16,23,72,67,29,Ishan Iyer,Neha Iyer,Hindi,Patna,Bihar,India,abhishek.iyer.24ai0186@univ.edu,+91 9500632621,Abhishek@0186
23EC0187,Rakesh Banerjee,Male,B.Tech ECE,3rd Year,5.39,19,65,40,45,Kunal Banerjee,Vaishnavi Banerjee,Hindi,Jaipur,Rajasthan,India,rakesh.banerjee.23ec0187@univ.edu,+91 9398041381,Rakesh@0187
24IT0188,Aditya Sinha,Male,B.Tech IT,2nd Year,9.24,24,97,87,7,Gopi Sinha,Sunita Sinha,Telugu,Hyderabad,Telangana,India,aditya.sinha.24it0188@univ.edu,+91 9163650505,Aditya@0188
24EE0189,Siddharth Chauhan,Male,B.Tech EEE,2nd Year,7.66,23,76,73,25,Tanmay Chauhan,Bhavana Chauhan,Gujarati,Surat,Gujarat,India,siddharth.chauhan.24ee0189@univ.edu,+91 9180639501,Siddharth@0189
23IT0190,Pallavi Chowdary,Female,B.Tech IT,3rd Year,9.69,24,81,79,14,Shreyas Chowdary,Priya Chowdary,Kannada,Mysuru,Karnataka,India,pallavi.chowdary.23it0190@univ.edu,+91 9820702588,Pallavi@0190
22CS0191,Karthik Deshmukh,Male,B.Tech CSE,4th Year,7.92,24,90,98,12,Aarav Deshmukh,Neha Deshmukh,Kannada,Bengaluru,Karnataka,India,karthik.deshmukh.22cs0191@univ.edu,+91 9715922437,Karthik@0191
24CS0192,Megha Saxena,Female,B.Tech CSE,2nd Year,5.87,20,58,47,45,Tanmay Saxena,Simran Saxena,Hindi,Delhi,Delhi NCR,India,megha.saxena.24cs0192@univ.edu,+91 9018406723,Megha@0192
24CS0193,Harish Mishra,Male,B.Tech CSE,2nd Year,6.8,23,77,69,28,Varun Mishra,Shruti Mishra,Hindi,Jaipur,Rajasthan,India,harish.mishra.24cs0193@univ.edu,+91 9853556386,Harish@0193
24AI0194,Vishal Agarwal,Male,B.Tech AI&DS,2nd Year,9.11,24,81,98,11,Siddharth Agarwal,Harini Agarwal,Hindi,Patna,Bihar,India,vishal.agarwal.24ai0194@univ.edu,+91 9815599098,Vishal@0194
23AI0195,Suraj Chauhan,Male,B.Tech AI&DS,3rd Year,5.73,22,55,40,48,Aarav Chauhan,Tanvi Chauhan,Telugu,Visakhapatnam,Andhra Pradesh,India,suraj.chauhan.23ai0195@univ.edu,+91 9921227867,Suraj@0195
24IT0196,Ankita Sharma,Female,B.Tech IT,2nd Year,7.32,24,70,66,30,Dev Sharma,Megha Sharma,Hindi,Patna,Bihar,India,ankita.sharma.24it0196@univ.edu,+91 9605064109,Ankita@0196
24CS0197,Meera Bhat,Female,B.Tech CSE,2nd Year,8.12,24,88,85,15,Varun Bhat,Aditi Bhat,Hindi,Noida,Uttar Pradesh,India,meera.bhat.24cs0197@univ.edu,+91 9608485104,Meera@0197
23EC0198,Ritu Dubey,Female,B.Tech ECE,3rd Year,7.91,24,90,91,14,Karthik Dubey,Kavya Dubey,Hindi,Indore,Madhya Pradesh,India,ritu.dubey.23ec0198@univ.edu,+91 9249262723,Ritu@0198
23EE0199,Bhavana Naidu,Female,B.Tech EEE,3rd Year,8.78,24,93,89,10,Sanjay Naidu,Sneha Naidu,Hindi,Indore,Madhya Pradesh,India,bhavana.naidu.23ee0199@univ.edu,+91 9593819730,Bhavana@0199
23EE0200,Nandini Mishra,Female,B.Tech EEE,3rd Year,7.96,24,81,82,19,Samar Mishra,Keerthi Mishra,Telugu,Vijayawada,Andhra Pradesh,India,nandini.mishra.23ee0200@univ.edu,+91 9408021882,Nandini@0200
23EC0201,Ishita Chauhan,Female,B.Tech ECE,3rd Year,8.52,24,93,86,11,Rohan Chauhan,Ananya Chauhan,Telugu,Warangal,Telangana,India,ishita.chauhan.23ec0201@univ.edu,+91 9109770151,Ishita@0201
23AI0202,Naveen Jain,Male,B.Tech AI&DS,3rd Year,7.22,23,70,68,30,Arjun Jain,Kavya Jain,Telugu,Warangal,Telangana,India,naveen.jain.23ai0202@univ.edu,+91 9013250637,Naveen@0202
24EE0203,Akash Gupta,Male,B.Tech EEE,2nd Year,8.08,24,84,87,16,Nikhil Gupta,Tanvi Gupta,Hindi,Noida,Uttar Pradesh,India,akash.gupta.24ee0203@univ.edu,+91 9288199600,Akash@0203
23AI0204,Rahul Chowdary,Male,B.Tech AI&DS,3rd Year,8.3,24,90,85,14,Tarun Chowdary,Megha Chowdary,Marathi,Nagpur,Maharashtra,India,rahul.chowdary.23ai0204@univ.edu,+91 9774059895,Rahul@0204
23IT0205,Soundarya Roy,Female,B.Tech IT,3rd Year,5.13,21,54,49,48,Karthik Roy,Harini Roy,Telugu,Warangal,Telangana,India,soundarya.roy.23it0205@univ.edu,+91 9863370520,Soundarya@0205
24AI0206,Komal Hegde,Female,B.Tech AI&DS,2nd Year,8.76,24,85,83,15,Sanjay Hegde,Soundarya Hegde,Malayalam,Kochi,Kerala,India,komal.hegde.24ai0206@univ.edu,+91 9427606494,Komal@0206
24EE0207,Keerthi Saxena,Female,B.Tech EEE,2nd Year,8.53,24,91,96,10,Akash Saxena,Samyuktha Saxena,Malayalam,Thiruvananthapuram,Kerala,India,keerthi.saxena.24ee0207@univ.edu,+91 9214533665,Keerthi@0207
24EE0208,Shalini Mishra,Female,B.Tech EEE,2nd Year,9.46,24,88,80,12,Lokesh Mishra,Neha Mishra,Punjabi,Chandigarh,Punjab,India,shalini.mishra.24ee0208@univ.edu,+91 9879357576,Shalini@0208
23IT0209,Simran Saxena,Female,B.Tech IT,3rd Year,7.95,24,91,97,12,Gopi Saxena,Ishita Saxena,Tamil,Coimbatore,Tamil Nadu,India,simran.saxena.23it0209@univ.edu,+91 9514574336,Simran@0209
24AI0210,Shalini Pandey,Female,B.Tech AI&DS,2nd Year,8.02,24,81,85,18,Shreyas Pandey,Soundarya Pandey,Marathi,Mumbai,Maharashtra,India,shalini.pandey.24ai0210@univ.edu,+91 9706094391,Shalini@0210
22CS0211,Tanvi Roy,Female,B.Tech CSE,4th Year,8.01,24,92,81,15,Suraj Roy,Bhavana Roy,Bengali,Kolkata,West Bengal,India,tanvi.roy.22cs0211@univ.edu,+91 9277818215,Tanvi@0211
24EE0212,Nikhil Yadav,Male,B.Tech EEE,2nd Year,9.18,24,97,82,9,Vishal Yadav,Aditi Yadav,Gujarati,Ahmedabad,Gujarat,India,nikhil.yadav.24ee0212@univ.edu,+91 9370405910,Nikhil@0212
23EC0213,Megha Nair,Female,B.Tech ECE,3rd Year,7.05,24,74,64,30,Hemanth Nair,Ishita Nair,Telugu,Vijayawada,Andhra Pradesh,India,megha.nair.23ec0213@univ.edu,+91 9518537844,Megha@0213
23AI0214,Vikram Shah,Male,B.Tech AI&DS,3rd Year,7.85,24,82,88,18,Tarun Shah,Pooja Shah,Telugu,Vijayawada,Andhra Pradesh,India,vikram.shah.23ai0214@univ.edu,+91 9695752405,Vikram@0214
24EE0215,Gautam Kulkarni,Male,B.Tech EEE,2nd Year,8.26,24,93,90,11,Gautam Kulkarni,Bhavana Kulkarni,Hindi,Delhi,Delhi NCR,India,gautam.kulkarni.24ee0215@univ.edu,+91 9676199993,Gautam@0215
22CS0216,Harish Agarwal,Male,B.Tech CSE,4th Year,7.81,24,91,84,15,Abhishek Agarwal,Komal Agarwal,Hindi,Lucknow,Uttar Pradesh,India,harish.agarwal.22cs0216@univ.edu,+91 9220959407,Harish@0216
22CS0217,Rahul Sinha,Male,B.Tech CSE,4th Year,6.81,24,70,73,30,Vishal Sinha,Lavanya Sinha,Kannada,Mysuru,Karnataka,India,rahul.sinha.22cs0217@univ.edu,+91 9686237617,Rahul@0217
24AI0218,Akash Roy,Male,B.Tech AI&DS,2nd Year,9.64,24,88,96,7,Rakesh Roy,Vaishnavi Roy,Marathi,Mumbai,Maharashtra,India,akash.roy.24ai0218@univ.edu,+91 9091001735,Akash@0218
23IT0219,Lavanya Iyer,Female,B.Tech IT,3rd Year,8.58,24,95,97,8,Naveen Iyer,Preethi Iyer,Telugu,Warangal,Telangana,India,lavanya.iyer.23it0219@univ.edu,+91 9148033880,Lavanya@0219
24AI0220,Nandini Mishra,Female,B.Tech AI&DS,2nd Year,6.88,24,71,72,30,Gautam Mishra,Ritika Mishra,Hindi,Delhi,Delhi NCR,India,nandini.mishra.24ai0220@univ.edu,+91 9057564650,Nandini@0220
24IT0221,Ananya Saxena,Female,B.Tech IT,2nd Year,9.17,24,92,91,8,Tanmay Saxena,Payal Saxena,Marathi,Pune,Maharashtra,India,ananya.saxena.24it0221@univ.edu,+91 9762509565,Ananya@0221
22CS0222,Ritika Chowdary,Female,B.Tech CSE,4th Year,5.52,21,49,35,52,Siddharth Chowdary,Keerthi Chowdary,Telugu,Hyderabad,Telangana,India,ritika.chowdary.22cs0222@univ.edu,+91 9607362554,Ritika@0222
24EE0223,Ritika Yadav,Female,B.Tech EEE,2nd Year,8.88,24,90,79,13,Hemanth Yadav,Samyuktha Yadav,Hindi,Noida,Uttar Pradesh,India,ritika.yadav.24ee0223@univ.edu,+91 9816048218,Ritika@0223
24AI0224,Shalini Menon,Female,B.Tech AI&DS,2nd Year,8.7,24,80,89,15,Manish Menon,Harini Menon,Punjabi,Chandigarh,Punjab,India,shalini.menon.24ai0224@univ.edu,+91 9925779799,Shalini@0224
24IT0225,Komal Iyer,Female,B.Tech IT,2nd Year,9.07,24,98,83,8,Dhruv Iyer,Pallavi Iyer,Punjabi,Chandigarh,Punjab,India,komal.iyer.24it0225@univ.edu,+91 9661587312,Komal@0225
22CS0226,Pranav Menon,Male,B.Tech CSE,4th Year,8.45,24,84,87,15,Shreyas Menon,Samyuktha Menon,Marathi,Mumbai,Maharashtra,India,pranav.menon.22cs0226@univ.edu,+91 9310669201,Pranav@0226
23IT0227,Payal Nair,Female,B.Tech IT,3rd Year,8.3,24,83,88,16,Srikanth Nair,Rhea Nair,Telugu,Visakhapatnam,Andhra Pradesh,India,payal.nair.23it0227@univ.edu,+91 9889575564,Payal@0227
23IT0228,Suraj Saxena,Male,B.Tech IT,3rd Year,8.61,24,81,86,16,Ajay Saxena,Ritu Saxena,Bengali,Kolkata,West Bengal,India,suraj.saxena.23it0228@univ.edu,+91 9745932321,Suraj@0228
23AI0229,Preethi Kapoor,Female,B.Tech AI&DS,3rd Year,9.07,24,93,89,9,Aarav Kapoor,Kavya Kapoor,Hindi,Noida,Uttar Pradesh,India,preethi.kapoor.23ai0229@univ.edu,+91 9912794625,Preethi@0229
23IT0230,Shreyas Agarwal,Male,B.Tech IT,3rd Year,6.91,22,73,76,28,Kunal Agarwal,Samyuktha Agarwal,Tamil,Chennai,Tamil Nadu,India,shreyas.agarwal.23it0230@univ.edu,+91 9607890457,Shreyas@0230
24CS0231,Bhavana Verma,Female,B.Tech CSE,2nd Year,7.03,23,71,58,32,Lokesh Verma,Sneha Verma,Bengali,Kolkata,West Bengal,India,bhavana.verma.24cs0231@univ.edu,+91 9217237515,Bhavana@0231
23IT0232,Rhea Banerjee,Female,B.Tech IT,3rd Year,6.22,18,63,35,44,Vishal Banerjee,Anushka Banerjee,Telugu,Vijayawada,Andhra Pradesh,India,rhea.banerjee.23it0232@univ.edu,+91 9425568516,Rhea@0232
22CS0233,Aishwarya Jain,Female,B.Tech CSE,4th Year,8.99,24,83,94,12,Aarav Jain,Neha Jain,Telugu,Warangal,Telangana,India,aishwarya.jain.22cs0233@univ.edu,+91 9730125895,Aishwarya@0233
23CS0234,Aarav Hegde,Male,B.Tech CSE,3rd Year,4.67,18,54,55,48,Karthik Hegde,Megha Hegde,Hindi,Patna,Bihar,India,aarav.hegde.23cs0234@univ.edu,+91 9110811807,Aarav@0234
24AI0235,Tarun Kumar,Male,B.Tech AI&DS,2nd Year,9.02,24,79,83,16,Varun Kumar,Divya Kumar,Bengali,Kolkata,West Bengal,India,tarun.kumar.24ai0235@univ.edu,+91 9472553155,Tarun@0235
23AI0236,Pranav Singh,Male,B.Tech AI&DS,3rd Year,7.21,23,70,70,29,Rohan Singh,Deepika Singh,Tamil,Chennai,Tamil Nadu,India,pranav.singh.23ai0236@univ.edu,+91 9461052655,Pranav@0236
24EC0237,Karthik Kulkarni,Male,B.Tech ECE,2nd Year,8.37,24,98,78,12,Tanmay Kulkarni,Soundarya Kulkarni,Tamil,Coimbatore,Tamil Nadu,India,karthik.kulkarni.24ec0237@univ.edu,+91 9910417210,Karthik@0237
24EE0238,Harini Menon,Female,B.Tech EEE,2nd Year,8.79,24,86,81,15,Suraj Menon,Keerthi Menon,Punjabi,Chandigarh,Punjab,India,harini.menon.24ee0238@univ.edu,+91 9258859561,Harini@0238
24EE0239,Ishan Rao,Male,B.Tech EEE,2nd Year,7.01,24,78,75,26,Sanjay Rao,Rhea Rao,Marathi,Mumbai,Maharashtra,India,ishan.rao.24ee0239@univ.edu,+91 9185510711,Ishan@0239
24EE0240,Divya Patel,Female,B.Tech EEE,2nd Year,6.3,22,43,42,50,Gopi Patel,Neha Patel,Telugu,Hyderabad,Telangana,India,divya.patel.24ee0240@univ.edu,+91 9307613928,Divya@0240
23AI0241,Payal Mehta,Female,B.Tech AI&DS,3rd Year,7.97,24,87,80,17,Shreyas Mehta,Shalini Mehta,Telugu,Vijayawada,Andhra Pradesh,India,payal.mehta.23ai0241@univ.edu,+91 9549009234,Payal@0241
23EC0242,Ishita Dubey,Female,B.Tech ECE,3rd Year,7.92,24,86,80,18,Rahul Dubey,Harini Dubey,Hindi,Noida,Uttar Pradesh,India,ishita.dubey.23ec0242@univ.edu,+91 9992811491,Ishita@0242
24EE0243,Lokesh Roy,Male,B.Tech EEE,2nd Year,5.83,21,46,35,52,Naveen Roy,Shreya Roy,Malayalam,Kochi,Kerala,India,lokesh.roy.24ee0243@univ.edu,+91 9372271797,Lokesh@0243
24EC0244,Gopi Chowdary,Male,B.Tech ECE,2nd Year,8.47,24,79,91,16,Srikanth Chowdary,Shreya Chowdary,Punjabi,Chandigarh,Punjab,India,gopi.chowdary.24ec0244@univ.edu,+91 9292036942,Gopi@0244
23CS0245,Gopi Sinha,Male,B.Tech CSE,3rd Year,4.82,20,60,35,50,Mayank Sinha,Preethi Sinha,Gujarati,Ahmedabad,Gujarat,India,gopi.sinha.23cs0245@univ.edu,+91 9830355646,Gopi@0245
24IT0246,Dev Iyer,Male,B.Tech IT,2nd Year,5.23,19,53,34,52,Aarav Iyer,Shruti Iyer,Telugu,Visakhapatnam,Andhra Pradesh,India,dev.iyer.24it0246@univ.edu,+91 9999825515,Dev@0246
24AI0247,Pooja Yadav,Female,B.Tech AI&DS,2nd Year,8.34,24,89,80,15,Manish Yadav,Simran Yadav,Malayalam,Thiruvananthapuram,Kerala,India,pooja.yadav.24ai0247@univ.edu,+91 9613682070,Pooja@0247
24IT0248,Mayank Verma,Male,B.Tech IT,2nd Year,6.15,20,56,54,43,Aditya Verma,Aditi Verma,Hindi,Jaipur,Rajasthan,India,mayank.verma.24it0248@univ.edu,+91 9351436694,Mayank@0248
24EC0249,Lokesh Reddy,Male,B.Tech ECE,2nd Year,8.73,24,86,96,11,Dev Reddy,Harini Reddy,Malayalam,Kochi,Kerala,India,lokesh.reddy.24ec0249@univ.edu,+91 9529741991,Lokesh@0249
24IT0250,Swati Dubey,Female,B.Tech IT,2nd Year,7.26,23,74,58,30,Ajay Dubey,Sneha Dubey,Telugu,Hyderabad,Telangana,India,swati.dubey.24it0250@univ.edu,+91 9001569849,Swati@0250
24CS0251,Ritu Banerjee,Female,B.Tech CSE,2nd Year,9.75,24,80,82,13,Manish Banerjee,Simran Banerjee,Hindi,Jaipur,Rajasthan,India,ritu.banerjee.24cs0251@univ.edu,+91 9764131026,Ritu@0251
23EE0252,Aditya Deshmukh,Male,B.Tech EEE,3rd Year,8.96,24,81,94,13,Vishal Deshmukh,Vaishnavi Deshmukh,Hindi,Patna,Bihar,India,aditya.deshmukh.23ee0252@univ.edu,+91 9143359401,Aditya@0252
24EE0253,Aditi Rao,Female,B.Tech EEE,2nd Year,7.61,24,74,70,26,Karthik Rao,Shruti Rao,Marathi,Nagpur,Maharashtra,India,aditi.rao.24ee0253@univ.edu,+91 9893245640,Aditi@0253
24EC0254,Lavanya Shah,Female,B.Tech ECE,2nd Year,8.02,24,97,81,13,Abhishek Shah,Rhea Shah,Telugu,Vijayawada,Andhra Pradesh,India,lavanya.shah.24ec0254@univ.edu,+91 9176496293,Lavanya@0254
22CS0255,Sanjay Mehta,Male,B.Tech CSE,4th Year,7.52,22,73,60,29,Pranav Mehta,Komal Mehta,Marathi,Mumbai,Maharashtra,India,sanjay.mehta.22cs0255@univ.edu,+91 9867150570,Sanjay@0255
23IT0256,Soundarya Sharma,Female,B.Tech IT,3rd Year,8.83,24,91,87,11,Rohan Sharma,Shruti Sharma,Kannada,Bengaluru,Karnataka,India,soundarya.sharma.23it0256@univ.edu,+91 9279351967,Soundarya@0256
23AI0257,Meera Patel,Female,B.Tech AI&DS,3rd Year,6.03,18,45,34,52,Tanmay Patel,Shruti Patel,Hindi,Delhi,Delhi NCR,India,meera.patel.23ai0257@univ.edu,+91 9012838650,Meera@0257
23IT0258,Siddharth Kumar,Male,B.Tech IT,3rd Year,7.84,24,81,80,20,Rohan Kumar,Rashmi Kumar,Marathi,Mumbai,Maharashtra,India,siddharth.kumar.23it0258@univ.edu,+91 9212332805,Siddharth@0258
23CS0259,Komal Kumar,Female,B.Tech CSE,3rd Year,5.32,21,60,53,44,Aditya Kumar,Vaishnavi Kumar,Telugu,Warangal,Telangana,India,komal.kumar.23cs0259@univ.edu,+91 9532711663,Komal@0259
24EC0260,Harish Mishra,Male,B.Tech ECE,2nd Year,7.87,24,83,97,15,Srikanth Mishra,Samyuktha Mishra,Kannada,Mysuru,Karnataka,India,harish.mishra.24ec0260@univ.edu,+91 9662474187,Harish@0260
23AI0261,Ankit Saxena,Male,B.Tech AI&DS,3rd Year,6.74,22,75,74,28,Rohan Saxena,Samyuktha Saxena,Telugu,Visakhapatnam,Andhra Pradesh,India,ankit.saxena.23ai0261@univ.edu,+91 9677267364,Ankit@0261
23AI0262,Shalini Patel,Female,B.Tech AI&DS,3rd Year,7.1,23,78,70,26,Shreyas Patel,Ritika Patel,Gujarati,Surat,Gujarat,India,shalini.patel.23ai0262@univ.edu,+91 9193075824,Shalini@0262
23CS0263,Ishan Deshmukh,Male,B.Tech CSE,3rd Year,7.7,22,78,63,26,Yash Deshmukh,Ankita Deshmukh,Telugu,Visakhapatnam,Andhra Pradesh,India,ishan.deshmukh.23cs0263@univ.edu,+91 9266134484,Ishan@0263
24CS0264,Samyuktha Dubey,Female,B.Tech CSE,2nd Year,8.15,24,84,96,14,Akash Dubey,Pallavi Dubey,Hindi,Noida,Uttar Pradesh,India,samyuktha.dubey.24cs0264@univ.edu,+91 9341454588,Samyuktha@0264
22CS0265,Pallavi Ghosh,Female,B.Tech CSE,4th Year,9.7,24,97,93,4,Rakesh Ghosh,Archana Ghosh,Hindi,Patna,Bihar,India,pallavi.ghosh.22cs0265@univ.edu,+91 9582101860,Pallavi@0265
24CS0266,Kunal Sharma,Male,B.Tech CSE,2nd Year,4.5,19,57,49,49,Ishan Sharma,Aishwarya Sharma,Tamil,Coimbatore,Tamil Nadu,India,kunal.sharma.24cs0266@univ.edu,+91 9865914172,Kunal@0266
24CS0267,Naveen Bhat,Male,B.Tech CSE,2nd Year,9.52,24,95,80,9,Dhruv Bhat,Ishita Bhat,Kannada,Bengaluru,Karnataka,India,naveen.bhat.24cs0267@univ.edu,+91 9401140044,Naveen@0267
23CS0268,Aditi Ghosh,Female,B.Tech CSE,3rd Year,9.38,24,92,93,7,Sanjay Ghosh,Rhea Ghosh,Malayalam,Kochi,Kerala,India,aditi.ghosh.23cs0268@univ.edu,+91 9697052007,Aditi@0268
24EC0269,Tanmay Roy,Male,B.Tech ECE,2nd Year,6.65,24,73,58,33,Dhruv Roy,Meera Roy,Odia,Bhubaneswar,Odisha,India,tanmay.roy.24ec0269@univ.edu,+91 9615076673,Tanmay@0269
23IT0270,Dev Sharma,Male,B.Tech IT,3rd Year,4.77,18,57,53,47,Siddharth Sharma,Archana Sharma,Hindi,Lucknow,Uttar Pradesh,India,dev.sharma.23it0270@univ.edu,+91 9255546183,Dev@0270
22CS0271,Sanjay Chowdary,Male,B.Tech CSE,4th Year,4.97,20,48,32,55,Deepak Chowdary,Komal Chowdary,Odia,Bhubaneswar,Odisha,India,sanjay.chowdary.22cs0271@univ.edu,+91 9275584366,Sanjay@0271
23AI0272,Ananya Verma,Female,B.Tech AI&DS,3rd Year,9.56,24,94,89,7,Ajay Verma,Tanvi Verma,Punjabi,Chandigarh,Punjab,India,ananya.verma.23ai0272@univ.edu,+91 9586288768,Ananya@0272
24IT0273,Yash Sinha,Male,B.Tech IT,2nd Year,6.81,22,74,61,31,Rahul Sinha,Pooja Sinha,Gujarati,Ahmedabad,Gujarat,India,yash.sinha.24it0273@univ.edu,+91 9367013765,Yash@0273
22CS0274,Akash Chowdary,Male,B.Tech CSE,4th Year,9.21,24,94,91,7,Deepak Chowdary,Soundarya Chowdary,Telugu,Vijayawada,Andhra Pradesh,India,akash.chowdary.22cs0274@univ.edu,+91 9701835431,Akash@0274
24CS0275,Harish Chowdary,Male,B.Tech CSE,2nd Year,9.24,24,96,95,6,Pranav Chowdary,Swati Chowdary,Malayalam,Thiruvananthapuram,Kerala,India,harish.chowdary.24cs0275@univ.edu,+91 9284825874,Harish@0275
24CS0276,Harini Kulkarni,Female,B.Tech CSE,2nd Year,7.91,24,83,78,20,Dev Kulkarni,Sunita Kulkarni,Marathi,Pune,Maharashtra,India,harini.kulkarni.24cs0276@univ.edu,+91 9459138405,Harini@0276
24IT0277,Ishan Malhotra,Male,B.Tech IT,2nd Year,8.75,24,81,81,17,Pranav Malhotra,Tanvi Malhotra,Telugu,Hyderabad,Telangana,India,ishan.malhotra.24it0277@univ.edu,+91 9331091936,Ishan@0277
24EC0278,Megha Saxena,Female,B.Tech ECE,2nd Year,6.94,22,75,72,28,Shreyas Saxena,Ritu Saxena,Bengali,Kolkata,West Bengal,India,megha.saxena.24ec0278@univ.edu,+91 9282711894,Megha@0278
24EC0279,Gopi Deshmukh,Male,B.Tech ECE,2nd Year,8.63,24,96,96,7,Vikram Deshmukh,Kavya Deshmukh,Kannada,Bengaluru,Karnataka,India,gopi.deshmukh.24ec0279@univ.edu,+91 9244289964,Gopi@0279
23AI0280,Ritu Tripathi,Female,B.Tech AI&DS,3rd Year,7.58,24,75,59,29,Manish Tripathi,Megha Tripathi,Hindi,Noida,Uttar Pradesh,India,ritu.tripathi.23ai0280@univ.edu,+91 9613342728,Ritu@0280
24IT0281,Archana Roy,Female,B.Tech IT,2nd Year,9.74,24,84,84,11,Prakash Roy,Meera Roy,Hindi,Indore,Madhya Pradesh,India,archana.roy.24it0281@univ.edu,+91 9135491190,Archana@0281
24IT0282,Rohan Jain,Male,B.Tech IT,2nd Year,7.97,24,81,95,16,Gopi Jain,Lavanya Jain,Hindi,Lucknow,Uttar Pradesh,India,rohan.jain.24it0282@univ.edu,+91 9426656677,Rohan@0282
24AI0283,Samyuktha Tripathi,Female,B.Tech AI&DS,2nd Year,8.03,24,92,82,15,Samar Tripathi,Rashmi Tripathi,Hindi,Patna,Bihar,India,samyuktha.tripathi.24ai0283@univ.edu,+91 9159128258,Samyuktha@0283
22CS0284,Rashmi Nair,Female,B.Tech CSE,4th Year,9.56,24,90,86,9,Vikram Nair,Keerthi Nair,Hindi,Indore,Madhya Pradesh,India,rashmi.nair.22cs0284@univ.edu,+91 9411289794,Rashmi@0284
24AI0285,Archana Naidu,Female,B.Tech AI&DS,2nd Year,7.32,22,78,70,26,Srikanth Naidu,Aditi Naidu,Kannada,Mysuru,Karnataka,India,archana.naidu.24ai0285@univ.edu,+91 9424979220,Archana@0285
22CS0286,Bhavana Kulkarni,Female,B.Tech CSE,4th Year,6.01,20,68,39,42,Srikanth Kulkarni,Preethi Kulkarni,Gujarati,Surat,Gujarat,India,bhavana.kulkarni.22cs0286@univ.edu,+91 9904999611,Bhavana@0286
23IT0287,Vikram Deshmukh,Male,B.Tech IT,3rd Year,7.23,22,75,60,30,Prakash Deshmukh,Lavanya Deshmukh,Punjabi,Chandigarh,Punjab,India,vikram.deshmukh.23it0287@univ.edu,+91 9474289591,Vikram@0287
23EE0288,Ajay Saxena,Male,B.Tech EEE,3rd Year,5.46,22,64,34,47,Mayank Saxena,Tanvi Saxena,Telugu,Visakhapatnam,Andhra Pradesh,India,ajay.saxena.23ee0288@univ.edu,+91 9944176181,Ajay@0288
24IT0289,Meera Joshi,Female,B.Tech IT,2nd Year,5.84,20,53,38,49,Aditya Joshi,Vaishnavi Joshi,Tamil,Coimbatore,Tamil Nadu,India,meera.joshi.24it0289@univ.edu,+91 9884233149,Meera@0289
24CS0290,Suraj Iyer,Male,B.Tech CSE,2nd Year,8.97,24,94,89,9,Kunal Iyer,Soundarya Iyer,Marathi,Mumbai,Maharashtra,India,suraj.iyer.24cs0290@univ.edu,+91 9369634556,Suraj@0290
24EC0291,Gopi Gupta,Male,B.Tech ECE,2nd Year,9.51,24,85,98,8,Sai Gupta,Tanvi Gupta,Marathi,Pune,Maharashtra,India,gopi.gupta.24ec0291@univ.edu,+91 9241712209,Gopi@0291
24EE0292,Samyuktha Mehta,Female,B.Tech EEE,2nd Year,9.0,24,84,78,15,Aarav Mehta,Megha Mehta,Hindi,Indore,Madhya Pradesh,India,samyuktha.mehta.24ee0292@univ.edu,+91 9240271240,Samyuktha@0292
23AI0293,Tarun Das,Male,B.Tech AI&DS,3rd Year,7.31,24,73,70,28,Lokesh Das,Anushka Das,Marathi,Mumbai,Maharashtra,India,tarun.das.23ai0293@univ.edu,+91 9109856785,Tarun@0293
23EE0294,Vishal Yadav,Male,B.Tech EEE,3rd Year,5.72,20,50,38,50,Vikram Yadav,Megha Yadav,Malayalam,Kochi,Kerala,India,vishal.yadav.23ee0294@univ.edu,+91 9704503060,Vishal@0294
24IT0295,Harini Joshi,Female,B.Tech IT,2nd Year,9.24,24,83,98,10,Ishan Joshi,Aditi Joshi,Telugu,Visakhapatnam,Andhra Pradesh,India,harini.joshi.24it0295@univ.edu,+91 9534050001,Harini@0295
23AI0296,Anushka Mehta,Female,B.Tech AI&DS,3rd Year,9.43,24,97,88,6,Aditya Mehta,Rashmi Mehta,Punjabi,Chandigarh,Punjab,India,anushka.mehta.23ai0296@univ.edu,+91 9780126986,Anushka@0296
23EC0297,Shalini Malhotra,Female,B.Tech ECE,3rd Year,6.65,24,76,66,30,Tanmay Malhotra,Meera Malhotra,Kannada,Mysuru,Karnataka,India,shalini.malhotra.23ec0297@univ.edu,+91 9867952618,Shalini@0297
24CS0298,Meera Hegde,Female,B.Tech CSE,2nd Year,8.54,24,89,96,11,Siddharth Hegde,Harini Hegde,Marathi,Mumbai,Maharashtra,India,meera.hegde.24cs0298@univ.edu,+91 9315734988,Meera@0298
22CS0299,Hemanth Malhotra,Male,B.Tech CSE,4th Year,5.45,21,48,51,49,Dhruv Malhotra,Pavitra Malhotra,Hindi,Noida,Uttar Pradesh,India,hemanth.malhotra.22cs0299@univ.edu,+91 9568909764,Hemanth@0299
24IT0300,Sai Singh,Male,B.Tech IT,2nd Year,8.09,24,93,83,14,Ajay Singh,Archana Singh,Malayalam,Thiruvananthapuram,Kerala,India,sai.singh.24it0300@univ.edu,+91 9836381727,Sai@0300
24EC0301,Deepak Mishra,Male,B.Tech ECE,2nd Year,7.19,23,71,63,31,Prakash Mishra,Samyuktha Mishra,Telugu,Hyderabad,Telangana,India,deepak.mishra.24ec0301@univ.edu,+91 9843113786,Deepak@0301
23EE0302,Kavya Kumar,Female,B.Tech EEE,3rd Year,8.57,24,94,79,13,Harish Kumar,Aditi Kumar,Bengali,Kolkata,West Bengal,India,kavya.kumar.23ee0302@univ.edu,+91 9573144707,Kavya@0302
24EC0303,Vishal Reddy,Male,B.Tech ECE,2nd Year,6.87,23,74,61,31,Aarav Reddy,Shruti Reddy,Telugu,Hyderabad,Telangana,India,vishal.reddy.24ec0303@univ.edu,+91 9540453426,Vishal@0303
23CS0304,Tanvi Rao,Female,B.Tech CSE,3rd Year,8.67,24,89,82,14,Lokesh Rao,Ankita Rao,Malayalam,Kochi,Kerala,India,tanvi.rao.23cs0304@univ.edu,+91 9368006578,Tanvi@0304
24IT0305,Ritika Shetty,Female,B.Tech IT,2nd Year,6.75,24,71,58,33,Arjun Shetty,Aishwarya Shetty,Marathi,Pune,Maharashtra,India,ritika.shetty.24it0305@univ.edu,+91 9541846158,Ritika@0305
23AI0306,Vishal Sharma,Male,B.Tech AI&DS,3rd Year,5.76,18,43,50,50,Shreyas Sharma,Pavitra Sharma,Hindi,Indore,Madhya Pradesh,India,vishal.sharma.23ai0306@univ.edu,+91 9051791998,Vishal@0306
24AI0307,Simran Shah,Female,B.Tech AI&DS,2nd Year,9.19,24,85,98,9,Gopi Shah,Megha Shah,Hindi,Delhi,Delhi NCR,India,simran.shah.24ai0307@univ.edu,+91 9009990686,Simran@0307
24EC0308,Vikram Tripathi,Male,B.Tech ECE,2nd Year,8.37,24,82,81,18,Vikram Tripathi,Payal Tripathi,Marathi,Nagpur,Maharashtra,India,vikram.tripathi.24ec0308@univ.edu,+91 9534443249,Vikram@0308
24EE0309,Abhishek Bose,Male,B.Tech EEE,2nd Year,7.1,24,77,64,28,Ajay Bose,Keerthi Bose,Marathi,Mumbai,Maharashtra,India,abhishek.bose.24ee0309@univ.edu,+91 9516108982,Abhishek@0309
24CS0310,Aarav Reddy,Male,B.Tech CSE,2nd Year,7.95,24,95,81,14,Kunal Reddy,Ishita Reddy,Hindi,Noida,Uttar Pradesh,India,aarav.reddy.24cs0310@univ.edu,+91 9971499471,Aarav@0310
23EC0311,Siddharth Kapoor,Male,B.Tech ECE,3rd Year,9.5,24,80,89,12,Sai Kapoor,Deepika Kapoor,Gujarati,Ahmedabad,Gujarat,India,siddharth.kapoor.23ec0311@univ.edu,+91 9860707259,Siddharth@0311
24CS0312,Nandini Iyer,Female,B.Tech CSE,2nd Year,7.65,24,76,66,26,Karthik Iyer,Tanvi Iyer,Telugu,Hyderabad,Telangana,India,nandini.iyer.24cs0312@univ.edu,+91 9099805719,Nandini@0312
23CS0313,Deepak Mishra,Male,B.Tech CSE,3rd Year,9.4,24,94,98,5,Lokesh Mishra,Samyuktha Mishra,Marathi,Pune,Maharashtra,India,deepak.mishra.23cs0313@univ.edu,+91 9951468274,Deepak@0313
24CS0314,Shreya Kumar,Female,B.Tech CSE,2nd Year,9.16,24,97,83,8,Ajay Kumar,Rashmi Kumar,Telugu,Warangal,Telangana,India,shreya.kumar.24cs0314@univ.edu,+91 9656403241,Shreya@0314
22CS0315,Rakesh Roy,Male,B.Tech CSE,4th Year,9.58,24,82,92,11,Karthik Roy,Megha Roy,Punjabi,Chandigarh,Punjab,India,rakesh.roy.22cs0315@univ.edu,+91 9049362414,Rakesh@0315
24EE0316,Sanjay Reddy,Male,B.Tech EEE,2nd Year,7.99,24,98,85,12,Deepak Reddy,Ankita Reddy,Odia,Bhubaneswar,Odisha,India,sanjay.reddy.24ee0316@univ.edu,+91 9517468048,Sanjay@0316
24EE0317,Akash Singh,Male,B.Tech EEE,2nd Year,9.54,24,94,80,9,Gautam Singh,Payal Singh,Telugu,Hyderabad,Telangana,India,akash.singh.24ee0317@univ.edu,+91 9806841821,Akash@0317
24EC0318,Manish Hegde,Male,B.Tech ECE,2nd Year,9.43,24,91,80,11,Siddharth Hegde,Sunita Hegde,Hindi,Jaipur,Rajasthan,India,manish.hegde.24ec0318@univ.edu,+91 9492949064,Manish@0318
23CS0319,Dev Shah,Male,B.Tech CSE,3rd Year,8.01,24,79,91,18,Sanjay Shah,Shreya Shah,Gujarati,Ahmedabad,Gujarat,India,dev.shah.23cs0319@univ.edu,+91 9038474240,Dev@0319
23EE0320,Ananya Gupta,Female,B.Tech EEE,3rd Year,9.7,24,93,89,7,Tanmay Gupta,Neha Gupta,Hindi,Jaipur,Rajasthan,India,ananya.gupta.23ee0320@univ.edu,+91 9886170931,Ananya@0320
23EC0321,Siddharth Kapoor,Male,B.Tech ECE,3rd Year,5.75,20,66,30,46,Vishal Kapoor,Komal Kapoor,Hindi,Patna,Bihar,India,siddharth.kapoor.23ec0321@univ.edu,+91 9381327572,Siddharth@0321
23EE0322,Keerthi Yadav,Female,B.Tech EEE,3rd Year,8.08,24,94,91,11,Vikram Yadav,Pooja Yadav,Hindi,Patna,Bihar,India,keerthi.yadav.23ee0322@univ.edu,+91 9114849044,Keerthi@0322
23CS0323,Abhishek Joshi,Male,B.Tech CSE,3rd Year,9.31,24,82,79,15,Lokesh Joshi,Swati Joshi,Tamil,Chennai,Tamil Nadu,India,abhishek.joshi.23cs0323@univ.edu,+91 9994957657,Abhishek@0323
23AI0324,Rashmi Iyer,Female,B.Tech AI&DS,3rd Year,6.51,24,76,59,32,Dhruv Iyer,Payal Iyer,Odia,Bhubaneswar,Odisha,India,rashmi.iyer.23ai0324@univ.edu,+91 9464726604,Rashmi@0324
24IT0325,Megha Pandey,Female,B.Tech IT,2nd Year,7.23,24,78,68,26,Karthik Pandey,Deepika Pandey,Punjabi,Chandigarh,Punjab,India,megha.pandey.24it0325@univ.edu,+91 9946385913,Megha@0325
23EC0326,Ishan Kulkarni,Male,B.Tech ECE,3rd Year,8.63,24,83,94,13,Ankit Kulkarni,Komal Kulkarni,Malayalam,Thiruvananthapuram,Kerala,India,ishan.kulkarni.23ec0326@univ.edu,+91 9320955532,Ishan@0326
24EE0327,Sunita Bhat,Female,B.Tech EEE,2nd Year,9.64,24,90,82,10,Pranav Bhat,Pavitra Bhat,Tamil,Chennai,Tamil Nadu,India,sunita.bhat.24ee0327@univ.edu,+91 9762782374,Sunita@0327
23EE0328,Meera Pandey,Female,B.Tech EEE,3rd Year,8.94,24,97,91,7,Hemanth Pandey,Pallavi Pandey,Hindi,Patna,Bihar,India,meera.pandey.23ee0328@univ.edu,+91 9723963430,Meera@0328
24AI0329,Shalini Chatterjee,Female,B.Tech AI&DS,2nd Year,7.3,23,69,64,31,Vikram Chatterjee,Sneha Chatterjee,Hindi,Jaipur,Rajasthan,India,shalini.chatterjee.24ai0329@univ.edu,+91 9805505027,Shalini@0329
24IT0330,Keerthi Bose,Female,B.Tech IT,2nd Year,8.52,24,80,92,15,Ankit Bose,Neha Bose,Hindi,Patna,Bihar,India,keerthi.bose.24it0330@univ.edu,+91 9110037068,Keerthi@0330
23EE0331,Sunita Deshmukh,Female,B.Tech EEE,3rd Year,9.65,24,80,90,12,Mayank Deshmukh,Keerthi Deshmukh,Tamil,Coimbatore,Tamil Nadu,India,sunita.deshmukh.23ee0331@univ.edu,+91 9447284589,Sunita@0331
24CS0332,Lavanya Yadav,Female,B.Tech CSE,2nd Year,9.46,24,93,98,5,Gopi Yadav,Swati Yadav,Punjabi,Chandigarh,Punjab,India,lavanya.yadav.24cs0332@univ.edu,+91 9756589701,Lavanya@0332
24EE0333,Preethi Ghosh,Female,B.Tech EEE,2nd Year,8.17,24,81,83,18,Abhishek Ghosh,Keerthi Ghosh,Hindi,Indore,Madhya Pradesh,India,preethi.ghosh.24ee0333@univ.edu,+91 9789285590,Preethi@0333
23AI0334,Akash Sharma,Male,B.Tech AI&DS,3rd Year,6.51,24,73,72,30,Gopi Sharma,Rhea Sharma,Hindi,Delhi,Delhi NCR,India,akash.sharma.23ai0334@univ.edu,+91 9166221352,Akash@0334
22CS0335,Sanjay Naidu,Male,B.Tech CSE,4th Year,8.52,24,96,88,10,Tarun Naidu,Ritika Naidu,Hindi,Lucknow,Uttar Pradesh,India,sanjay.naidu.22cs0335@univ.edu,+91 9564138658,Sanjay@0335
22CS0336,Naveen Tripathi,Male,B.Tech CSE,4th Year,8.5,24,81,84,17,Ajay Tripathi,Shalini Tripathi,Kannada,Mysuru,Karnataka,India,naveen.tripathi.22cs0336@univ.edu,+91 9712249975,Naveen@0336
23IT0337,Vishal Chatterjee,Male,B.Tech IT,3rd Year,8.28,24,93,98,9,Aarav Chatterjee,Shreya Chatterjee,Hindi,Delhi,Delhi NCR,India,vishal.chatterjee.23it0337@univ.edu,+91 9658956535,Vishal@0337
23EC0338,Shruti Sharma,Female,B.Tech ECE,3rd Year,7.85,24,88,94,14,Akash Sharma,Anushka Sharma,Telugu,Warangal,Telangana,India,shruti.sharma.23ec0338@univ.edu,+91 9882732880,Shruti@0338
23AI0339,Payal Pandey,Female,B.Tech AI&DS,3rd Year,7.64,24,70,63,30,Ankit Pandey,Swati Pandey,Telugu,Visakhapatnam,Andhra Pradesh,India,payal.pandey.23ai0339@univ.edu,+91 9572525395,Payal@0339
23IT0340,Rahul Menon,Male,B.Tech IT,3rd Year,9.09,24,92,80,11,Pranav Menon,Shalini Menon,Telugu,Warangal,Telangana,India,rahul.menon.23it0340@univ.edu,+91 9801967913,Rahul@0340
24EC0341,Sneha Kapoor,Female,B.Tech ECE,2nd Year,7.17,22,73,76,27,Rahul Kapoor,Priya Kapoor,Telugu,Vijayawada,Andhra Pradesh,India,sneha.kapoor.24ec0341@univ.edu,+91 9978164385,Sneha@0341
23AI0342,Akash Shah,Male,B.Tech AI&DS,3rd Year,7.81,24,96,97,10,Arjun Shah,Ritu Shah,Malayalam,Thiruvananthapuram,Kerala,India,akash.shah.23ai0342@univ.edu,+91 9067900845,Akash@0342
23CS0343,Rashmi Sharma,Female,B.Tech CSE,3rd Year,9.01,24,88,87,12,Vikram Sharma,Keerthi Sharma,Hindi,Jaipur,Rajasthan,India,rashmi.sharma.23cs0343@univ.edu,+91 9821706952,Rashmi@0343
23CS0344,Ritu Agarwal,Female,B.Tech CSE,3rd Year,7.46,23,75,75,25,Shreyas Agarwal,Aishwarya Agarwal,Kannada,Mysuru,Karnataka,India,ritu.agarwal.23cs0344@univ.edu,+91 9680801356,Ritu@0344
24EE0345,Vishal Reddy,Male,B.Tech EEE,2nd Year,8.87,24,91,80,13,Aditya Reddy,Ananya Reddy,Telugu,Warangal,Telangana,India,vishal.reddy.24ee0345@univ.edu,+91 9327159637,Vishal@0345
24AI0346,Rakesh Menon,Male,B.Tech AI&DS,2nd Year,8.19,24,87,83,16,Naveen Menon,Aishwarya Menon,Kannada,Mysuru,Karnataka,India,rakesh.menon.24ai0346@univ.edu,+91 9720457041,Rakesh@0346
24AI0347,Priya Yadav,Female,B.Tech AI&DS,2nd Year,5.6,20,65,40,44,Rahul Yadav,Anushka Yadav,Malayalam,Kochi,Kerala,India,priya.yadav.24ai0347@univ.edu,+91 9137669962,Priya@0347
24EC0348,Shruti Nair,Female,B.Tech ECE,2nd Year,9.12,24,98,96,5,Sanjay Nair,Ritika Nair,Tamil,Chennai,Tamil Nadu,India,shruti.nair.24ec0348@univ.edu,+91 9163632841,Shruti@0348
24AI0349,Preethi Bhat,Female,B.Tech AI&DS,2nd Year,8.35,24,92,89,12,Sanjay Bhat,Shruti Bhat,Telugu,Hyderabad,Telangana,India,preethi.bhat.24ai0349@univ.edu,+91 9144209787,Preethi@0349
23AI0350,Bhavana Malhotra,Female,B.Tech AI&DS,3rd Year,9.09,24,84,80,15,Tarun Malhotra,Ritika Malhotra,Marathi,Mumbai,Maharashtra,India,bhavana.malhotra.23ai0350@univ.edu,+91 9903868346,Bhavana@0350
23IT0351,Karthik Dubey,Male,B.Tech IT,3rd Year,9.06,24,95,96,6,Rahul Dubey,Divya Dubey,Punjabi,Chandigarh,Punjab,India,karthik.dubey.23it0351@univ.edu,+91 9621589989,Karthik@0351
22CS0352,Dhruv Menon,Male,B.Tech CSE,4th Year,8.53,24,83,85,16,Shreyas Menon,Shalini Menon,Tamil,Madurai,Tamil Nadu,India,dhruv.menon.22cs0352@univ.edu,+91 9957173768,Dhruv@0352
24AI0353,Keerthi Kumar,Female,B.Tech AI&DS,2nd Year,6.11,22,49,55,45,Vishal Kumar,Payal Kumar,Marathi,Pune,Maharashtra,India,keerthi.kumar.24ai0353@univ.edu,+91 9734612989,Keerthi@0353
24AI0354,Mayank Kumar,Male,B.Tech AI&DS,2nd Year,9.27,24,83,93,11,Dev Kumar,Archana Kumar,Kannada,Mysuru,Karnataka,India,mayank.kumar.24ai0354@univ.edu,+91 9385253781,Mayank@0354
23CS0355,Kunal Deshmukh,Male,B.Tech CSE,3rd Year,9.62,24,95,89,6,Siddharth Deshmukh,Pooja Deshmukh,Marathi,Mumbai,Maharashtra,India,kunal.deshmukh.23cs0355@univ.edu,+91 9416711804,Kunal@0355
22CS0356,Lokesh Sharma,Male,B.Tech CSE,4th Year,9.47,24,87,86,11,Vikram Sharma,Ankita Sharma,Malayalam,Thiruvananthapuram,Kerala,India,lokesh.sharma.22cs0356@univ.edu,+91 9621300772,Lokesh@0356
23AI0357,Naveen Chauhan,Male,B.Tech AI&DS,3rd Year,7.12,23,72,69,29,Rahul Chauhan,Ankita Chauhan,Hindi,Noida,Uttar Pradesh,India,naveen.chauhan.23ai0357@univ.edu,+91 9522763616,Naveen@0357
24EE0358,Soundarya Reddy,Female,B.Tech EEE,2nd Year,5.03,19,62,34,49,Gautam Reddy,Aishwarya Reddy,Gujarati,Ahmedabad,Gujarat,India,soundarya.reddy.24ee0358@univ.edu,+91 9168961168,Soundarya@0358
23AI0359,Hemanth Deshmukh,Male,B.Tech AI&DS,3rd Year,8.22,24,94,83,13,Hemanth Deshmukh,Megha Deshmukh,Punjabi,Chandigarh,Punjab,India,hemanth.deshmukh.23ai0359@univ.edu,+91 9694989306,Hemanth@0359
24CS0360,Sneha Kulkarni,Female,B.Tech CSE,2nd Year,6.55,22,77,76,27,Dhruv Kulkarni,Tanvi Kulkarni,Hindi,Noida,Uttar Pradesh,India,sneha.kulkarni.24cs0360@univ.edu,+91 9060035062,Sneha@0360
24AI0361,Naveen Tripathi,Male,B.Tech AI&DS,2nd Year,7.69,22,78,73,24,Ankit Tripathi,Kavya Tripathi,Punjabi,Chandigarh,Punjab,India,naveen.tripathi.24ai0361@univ.edu,+91 9235540097,Naveen@0361
24EE0362,Soundarya Singh,Female,B.Tech EEE,2nd Year,7.61,22,74,76,25,Mayank Singh,Anushka Singh,Hindi,Lucknow,Uttar Pradesh,India,soundarya.singh.24ee0362@univ.edu,+91 9246760672,Soundarya@0362
24CS0363,Karthik Nair,Male,B.Tech CSE,2nd Year,7.99,24,98,93,10,Mayank Nair,Simran Nair,Hindi,Jaipur,Rajasthan,India,karthik.nair.24cs0363@univ.edu,+91 9968094454,Karthik@0363
24EE0364,Pooja Dubey,Female,B.Tech EEE,2nd Year,9.46,24,96,98,4,Yash Dubey,Rhea Dubey,Telugu,Vijayawada,Andhra Pradesh,India,pooja.dubey.24ee0364@univ.edu,+91 9463316186,Pooja@0364
23EE0365,Vishal Sharma,Male,B.Tech EEE,3rd Year,6.62,23,78,62,30,Yash Sharma,Ritu Sharma,Tamil,Coimbatore,Tamil Nadu,India,vishal.sharma.23ee0365@univ.edu,+91 9512326496,Vishal@0365
23EE0366,Kavya Chatterjee,Female,B.Tech EEE,3rd Year,8.96,24,79,81,17,Abhishek Chatterjee,Ananya Chatterjee,Tamil,Madurai,Tamil Nadu,India,kavya.chatterjee.23ee0366@univ.edu,+91 9558090039,Kavya@0366
23AI0367,Pranav Bhat,Male,B.Tech AI&DS,3rd Year,8.32,24,87,95,12,Varun Bhat,Nandini Bhat,Telugu,Warangal,Telangana,India,pranav.bhat.23ai0367@univ.edu,+91 9454795749,Pranav@0367
24AI0368,Pavitra Das,Female,B.Tech AI&DS,2nd Year,8.92,24,90,93,10,Tanmay Das,Sunita Das,Marathi,Nagpur,Maharashtra,India,pavitra.das.24ai0368@univ.edu,+91 9272491666,Pavitra@0368
24AI0369,Archana Shetty,Female,B.Tech AI&DS,2nd Year,8.0,24,84,94,15,Hemanth Shetty,Aishwarya Shetty,Odia,Bhubaneswar,Odisha,India,archana.shetty.24ai0369@univ.edu,+91 9430098998,Archana@0369
24CS0370,Sunita Roy,Female,B.Tech CSE,2nd Year,9.65,24,94,91,6,Aarav Roy,Kavya Roy,Marathi,Pune,Maharashtra,India,sunita.roy.24cs0370@univ.edu,+91 9094640346,Sunita@0370
22CS0371,Siddharth Pillai,Male,B.Tech CSE,4th Year,8.37,24,95,97,8,Akash Pillai,Aditi Pillai,Telugu,Visakhapatnam,Andhra Pradesh,India,siddharth.pillai.22cs0371@univ.edu,+91 9061700457,Siddharth@0371
24AI0372,Meera Saxena,Female,B.Tech AI&DS,2nd Year,7.11,24,78,65,28,Nikhil Saxena,Keerthi Saxena,Tamil,Chennai,Tamil Nadu,India,meera.saxena.24ai0372@univ.edu,+91 9181980870,Meera@0372
24CS0373,Preethi Kulkarni,Female,B.Tech CSE,2nd Year,6.99,24,75,64,30,Srikanth Kulkarni,Aditi Kulkarni,Telugu,Vijayawada,Andhra Pradesh,India,preethi.kulkarni.24cs0373@univ.edu,+91 9016499677,Preethi@0373
23EE0374,Divya Gupta,Female,B.Tech EEE,3rd Year,6.77,23,73,64,31,Tanmay Gupta,Rashmi Gupta,Punjabi,Chandigarh,Punjab,India,divya.gupta.23ee0374@univ.edu,+91 9998272632,Divya@0374
23IT0375,Aarav Bose,Male,B.Tech IT,3rd Year,5.15,22,51,33,53,Vikram Bose,Sunita Bose,Hindi,Jaipur,Rajasthan,India,aarav.bose.23it0375@univ.edu,+91 9276696166,Aarav@0375
23AI0376,Archana Bose,Female,B.Tech AI&DS,3rd Year,9.16,24,93,96,7,Yash Bose,Shruti Bose,Hindi,Noida,Uttar Pradesh,India,archana.bose.23ai0376@univ.edu,+91 9925590448,Archana@0376
23CS0377,Hemanth Bose,Male,B.Tech CSE,3rd Year,9.71,24,92,94,6,Siddharth Bose,Aishwarya Bose,Bengali,Kolkata,West Bengal,India,hemanth.bose.23cs0377@univ.edu,+91 9575151857,Hemanth@0377
24EC0378,Gopi Kulkarni,Male,B.Tech ECE,2nd Year,8.75,24,84,89,14,Deepak Kulkarni,Divya Kulkarni,Marathi,Pune,Maharashtra,India,gopi.kulkarni.24ec0378@univ.edu,+91 9234683594,Gopi@0378
23IT0379,Samyuktha Mishra,Female,B.Tech IT,3rd Year,8.21,24,87,84,15,Abhishek Mishra,Shruti Mishra,Punjabi,Chandigarh,Punjab,India,samyuktha.mishra.23it0379@univ.edu,+91 9896510519,Samyuktha@0379
24IT0380,Samar Shetty,Male,B.Tech IT,2nd Year,9.72,24,96,93,4,Rohan Shetty,Ritika Shetty,Telugu,Warangal,Telangana,India,samar.shetty.24it0380@univ.edu,+91 9398569245,Samar@0380
23EC0381,Ritika Sinha,Female,B.Tech ECE,3rd Year,6.65,23,78,74,27,Mayank Sinha,Samyuktha Sinha,Kannada,Mysuru,Karnataka,India,ritika.sinha.23ec0381@univ.edu,+91 9513592269,Ritika@0381
23EC0382,Pooja Pandey,Female,B.Tech ECE,3rd Year,8.72,24,95,78,12,Naveen Pandey,Vaishnavi Pandey,Odia,Bhubaneswar,Odisha,India,pooja.pandey.23ec0382@univ.edu,+91 9012691606,Pooja@0382
23CS0383,Ritu Ghosh,Female,B.Tech CSE,3rd Year,6.78,24,73,73,29,Samar Ghosh,Anushka Ghosh,Marathi,Mumbai,Maharashtra,India,ritu.ghosh.23cs0383@univ.edu,+91 9368397022,Ritu@0383
23IT0384,Kunal Jain,Male,B.Tech IT,3rd Year,8.7,24,87,96,11,Vishal Jain,Preethi Jain,Hindi,Patna,Bihar,India,kunal.jain.23it0384@univ.edu,+91 9140809604,Kunal@0384
24EC0385,Aishwarya Nair,Female,B.Tech ECE,2nd Year,7.07,22,71,58,32,Harish Nair,Ritu Nair,Hindi,Delhi,Delhi NCR,India,aishwarya.nair.24ec0385@univ.edu,+91 9452604373,Aishwarya@0385
23EC0386,Nikhil Dubey,Male,B.Tech ECE,3rd Year,8.6,24,80,83,17,Gopi Dubey,Sunita Dubey,Malayalam,Kochi,Kerala,India,nikhil.dubey.23ec0386@univ.edu,+91 9064463569,Nikhil@0386
23CS0387,Gopi Malhotra,Male,B.Tech CSE,3rd Year,7.17,23,77,66,28,Deepak Malhotra,Anushka Malhotra,Punjabi,Chandigarh,Punjab,India,gopi.malhotra.23cs0387@univ.edu,+91 9021298026,Gopi@0387
24IT0388,Rakesh Naidu,Male,B.Tech IT,2nd Year,7.08,22,77,72,26,Ankit Naidu,Pallavi Naidu,Hindi,Indore,Madhya Pradesh,India,rakesh.naidu.24it0388@univ.edu,+91 9409171868,Rakesh@0388
23IT0389,Vaishnavi Singh,Female,B.Tech IT,3rd Year,7.96,24,81,88,18,Samar Singh,Archana Singh,Marathi,Nagpur,Maharashtra,India,vaishnavi.singh.23it0389@univ.edu,+91 9245047145,Vaishnavi@0389
23EE0390,Ankit Das,Male,B.Tech EEE,3rd Year,9.73,24,95,91,5,Prakash Das,Preethi Das,Tamil,Madurai,Tamil Nadu,India,ankit.das.23ee0390@univ.edu,+91 9179656450,Ankit@0390
23IT0391,Arjun Kumar,Male,B.Tech IT,3rd Year,6.61,24,70,73,31,Rohan Kumar,Neha Kumar,Punjabi,Chandigarh,Punjab,India,arjun.kumar.23it0391@univ.edu,+91 9057794625,Arjun@0391
24CS0392,Suraj Tripathi,Male,B.Tech CSE,2nd Year,5.09,20,54,37,51,Samar Tripathi,Ishita Tripathi,Tamil,Madurai,Tamil Nadu,India,suraj.tripathi.24cs0392@univ.edu,+91 9475839885,Suraj@0392
24IT0393,Rhea Tripathi,Female,B.Tech IT,2nd Year,9.75,24,93,95,5,Rakesh Tripathi,Lavanya Tripathi,Telugu,Visakhapatnam,Andhra Pradesh,India,rhea.tripathi.24it0393@univ.edu,+91 9292502766,Rhea@0393
23IT0394,Karthik Dubey,Male,B.Tech IT,3rd Year,8.42,24,96,89,10,Dev Dubey,Nandini Dubey,Bengali,Kolkata,West Bengal,India,karthik.dubey.23it0394@univ.edu,+91 9517169553,Karthik@0394
23EC0395,Rohan Shah,Male,B.Tech ECE,3rd Year,7.13,23,69,62,32,Gopi Shah,Ishita Shah,Marathi,Nagpur,Maharashtra,India,rohan.shah.23ec0395@univ.edu,+91 9307908620,Rohan@0395
23AI0396,Aarav Saxena,Male,B.Tech AI&DS,3rd Year,8.9,24,79,84,16,Harish Saxena,Keerthi Saxena,Telugu,Hyderabad,Telangana,India,aarav.saxena.23ai0396@univ.edu,+91 9442098017,Aarav@0396
24IT0397,Nandini Agarwal,Female,B.Tech IT,2nd Year,7.01,24,70,65,31,Akash Agarwal,Ritu Agarwal,Hindi,Patna,Bihar,India,nandini.agarwal.24it0397@univ.edu,+91 9820916739,Nandini@0397
23EC0398,Pavitra Das,Female,B.Tech ECE,3rd Year,6.63,24,73,72,30,Abhishek Das,Divya Das,Marathi,Nagpur,Maharashtra,India,pavitra.das.23ec0398@univ.edu,+91 9486155117,Pavitra@0398
23IT0399,Samar Saxena,Male,B.Tech IT,3rd Year,8.17,24,79,81,20,Varun Saxena,Priya Saxena,Telugu,Hyderabad,Telangana,India,samar.saxena.23it0399@univ.edu,+91 9302918178,Samar@0399
24IT0400,Prakash Reddy,Male,B.Tech IT,2nd Year,6.87,23,75,73,28,Aarav Reddy,Ritika Reddy,Kannada,Bengaluru,Karnataka,India,prakash.reddy.24it0400@univ.edu,+91 9497877404,Prakash@0400
24CS0401,Pooja Hegde,Female,B.Tech CSE,2nd Year,4.85,21,57,38,51,Srikanth Hegde,Aditi Hegde,Telugu,Visakhapatnam,Andhra Pradesh,India,pooja.hegde.24cs0401@univ.edu,+91 9889328868,Pooja@0401
24AI0402,Manish Chauhan,Male,B.Tech AI&DS,2nd Year,8.84,24,82,84,15,Aditya Chauhan,Swati Chauhan,Punjabi,Chandigarh,Punjab,India,manish.chauhan.24ai0402@univ.edu,+91 9507692567,Manish@0402
24IT0403,Tarun Bhat,Male,B.Tech IT,2nd Year,7.27,23,76,64,28,Tanmay Bhat,Ankita Bhat,Punjabi,Chandigarh,Punjab,India,tarun.bhat.24it0403@univ.edu,+91 9952966891,Tarun@0403
23IT0404,Pranav Iyer,Male,B.Tech IT,3rd Year,8.04,24,97,85,12,Aarav Iyer,Tanvi Iyer,Malayalam,Thiruvananthapuram,Kerala,India,pranav.iyer.23it0404@univ.edu,+91 9009588354,Pranav@0404
24EE0405,Rashmi Malhotra,Female,B.Tech EEE,2nd Year,7.32,24,70,68,29,Rohan Malhotra,Shruti Malhotra,Marathi,Mumbai,Maharashtra,India,rashmi.malhotra.24ee0405@univ.edu,+91 9064480705,Rashmi@0405
24CS0406,Varun Dubey,Male,B.Tech CSE,2nd Year,9.41,24,90,92,8,Siddharth Dubey,Lavanya Dubey,Gujarati,Surat,Gujarat,India,varun.dubey.24cs0406@univ.edu,+91 9787255513,Varun@0406
23IT0407,Akash Shetty,Male,B.Tech IT,3rd Year,9.19,24,96,84,8,Kunal Shetty,Komal Shetty,Telugu,Visakhapatnam,Andhra Pradesh,India,akash.shetty.23it0407@univ.edu,+91 9608491359,Akash@0407
23AI0408,Rakesh Bhat,Male,B.Tech AI&DS,3rd Year,5.35,22,46,38,53,Tanmay Bhat,Tanvi Bhat,Hindi,Lucknow,Uttar Pradesh,India,rakesh.bhat.23ai0408@univ.edu,+91 9394184264,Rakesh@0408
24IT0409,Mayank Chauhan,Male,B.Tech IT,2nd Year,7.29,23,70,75,28,Vishal Chauhan,Pavitra Chauhan,Hindi,Lucknow,Uttar Pradesh,India,mayank.chauhan.24it0409@univ.edu,+91 9203870775,Mayank@0409
23IT0410,Kunal Yadav,Male,B.Tech IT,3rd Year,5.75,19,58,31,49,Ajay Yadav,Lavanya Yadav,Malayalam,Thiruvananthapuram,Kerala,India,kunal.yadav.23it0410@univ.edu,+91 9191811951,Kunal@0410
24AI0411,Swati Nair,Female,B.Tech AI&DS,2nd Year,9.12,24,91,94,8,Aditya Nair,Archana Nair,Telugu,Warangal,Telangana,India,swati.nair.24ai0411@univ.edu,+91 9669983207,Swati@0411
24EC0412,Anushka Verma,Female,B.Tech ECE,2nd Year,9.11,24,85,80,14,Rahul Verma,Ananya Verma,Hindi,Lucknow,Uttar Pradesh,India,anushka.verma.24ec0412@univ.edu,+91 9502574675,Anushka@0412
23EE0413,Priya Pillai,Female,B.Tech EEE,3rd Year,7.38,22,69,67,30,Sai Pillai,Pavitra Pillai,Marathi,Mumbai,Maharashtra,India,priya.pillai.23ee0413@univ.edu,+91 9231820924,Priya@0413
23IT0414,Deepika Nair,Female,B.Tech IT,3rd Year,9.05,24,97,83,9,Abhishek Nair,Ankita Nair,Tamil,Chennai,Tamil Nadu,India,deepika.nair.23it0414@univ.edu,+91 9599602642,Deepika@0414
23EE0415,Simran Nair,Female,B.Tech EEE,3rd Year,9.38,24,84,95,10,Lokesh Nair,Nandini Nair,Odia,Bhubaneswar,Odisha,India,simran.nair.23ee0415@univ.edu,+91 9431168733,Simran@0415
23EE0416,Gautam Dubey,Male,B.Tech EEE,3rd Year,9.49,24,89,91,8,Sanjay Dubey,Sunita Dubey,Marathi,Mumbai,Maharashtra,India,gautam.dubey.23ee0416@univ.edu,+91 9820536715,Gautam@0416
24IT0417,Lavanya Naidu,Female,B.Tech IT,2nd Year,7.04,22,76,70,27,Tanmay Naidu,Anushka Naidu,Marathi,Pune,Maharashtra,India,lavanya.naidu.24it0417@univ.edu,+91 9779872949,Lavanya@0417
22CS0418,Ankit Naidu,Male,B.Tech CSE,4th Year,6.76,22,72,68,31,Tarun Naidu,Ananya Naidu,Kannada,Bengaluru,Karnataka,India,ankit.naidu.22cs0418@univ.edu,+91 9828416590,Ankit@0418
24EE0419,Samyuktha Yadav,Female,B.Tech EEE,2nd Year,6.82,22,71,76,29,Aditya Yadav,Vaishnavi Yadav,Telugu,Warangal,Telangana,India,samyuktha.yadav.24ee0419@univ.edu,+91 9250175561,Samyuktha@0419
23EE0420,Tarun Gupta,Male,B.Tech EEE,3rd Year,8.15,24,94,96,10,Pranav Gupta,Divya Gupta,Hindi,Noida,Uttar Pradesh,India,tarun.gupta.23ee0420@univ.edu,+91 9879947812,Tarun@0420
22CS0421,Soundarya Banerjee,Female,B.Tech CSE,4th Year,8.5,24,89,91,12,Akash Banerjee,Kavya Banerjee,Hindi,Noida,Uttar Pradesh,India,soundarya.banerjee.22cs0421@univ.edu,+91 9447236783,Soundarya@0421
24EE0422,Shreya Deshmukh,Female,B.Tech EEE,2nd Year,6.88,22,69,76,29,Akash Deshmukh,Priya Deshmukh,Bengali,Kolkata,West Bengal,India,shreya.deshmukh.24ee0422@univ.edu,+91 9350932787,Shreya@0422
22CS0423,Siddharth Singh,Male,B.Tech CSE,4th Year,8.81,24,97,85,9,Suraj Singh,Komal Singh,Punjabi,Chandigarh,Punjab,India,siddharth.singh.22cs0423@univ.edu,+91 9463787397,Siddharth@0423
23IT0424,Suraj Singh,Male,B.Tech IT,3rd Year,8.6,24,96,80,12,Yash Singh,Archana Singh,Telugu,Vijayawada,Andhra Pradesh,India,suraj.singh.23it0424@univ.edu,+91 9427915151,Suraj@0424
24AI0425,Karthik Kumar,Male,B.Tech AI&DS,2nd Year,7.7,22,78,74,23,Suraj Kumar,Archana Kumar,Gujarati,Surat,Gujarat,India,karthik.kumar.24ai0425@univ.edu,+91 9260183853,Karthik@0425
24EE0426,Harish Bhat,Male,B.Tech EEE,2nd Year,6.88,23,72,58,33,Ajay Bhat,Nandini Bhat,Telugu,Warangal,Telangana,India,harish.bhat.24ee0426@univ.edu,+91 9181736451,Harish@0426
24EE0427,Pavitra Shah,Female,B.Tech EEE,2nd Year,6.69,22,74,60,32,Aditya Shah,Aishwarya Shah,Gujarati,Ahmedabad,Gujarat,India,pavitra.shah.24ee0427@univ.edu,+91 9794119729,Pavitra@0427
24EC0428,Samar Singh,Male,B.Tech ECE,2nd Year,8.46,24,79,95,15,Hemanth Singh,Harini Singh,Malayalam,Thiruvananthapuram,Kerala,India,samar.singh.24ec0428@univ.edu,+91 9227499388,Samar@0428
23EE0429,Nikhil Bose,Male,B.Tech EEE,3rd Year,6.55,22,77,63,31,Varun Bose,Sneha Bose,Hindi,Lucknow,Uttar Pradesh,India,nikhil.bose.23ee0429@univ.edu,+91 9304957218,Nikhil@0429
23CS0430,Samar Das,Male,B.Tech CSE,3rd Year,7.3,22,73,69,28,Aarav Das,Divya Das,Bengali,Kolkata,West Bengal,India,samar.das.23cs0430@univ.edu,+91 9020485196,Samar@0430
24AI0431,Akash Deshmukh,Male,B.Tech AI&DS,2nd Year,8.2,24,84,92,15,Kunal Deshmukh,Soundarya Deshmukh,Malayalam,Thiruvananthapuram,Kerala,India,akash.deshmukh.24ai0431@univ.edu,+91 9602033662,Akash@0431
23IT0432,Sneha Sharma,Female,B.Tech IT,3rd Year,8.49,24,79,89,16,Kunal Sharma,Aditi Sharma,Malayalam,Thiruvananthapuram,Kerala,India,sneha.sharma.23it0432@univ.edu,+91 9381584364,Sneha@0432
24EC0433,Shruti Pandey,Female,B.Tech ECE,2nd Year,9.69,24,79,86,13,Gopi Pandey,Ritu Pandey,Bengali,Kolkata,West Bengal,India,shruti.pandey.24ec0433@univ.edu,+91 9242217581,Shruti@0433
22CS0434,Suraj Kumar,Male,B.Tech CSE,4th Year,8.63,24,86,96,11,Nikhil Kumar,Pavitra Kumar,Marathi,Pune,Maharashtra,India,suraj.kumar.22cs0434@univ.edu,+91 9164013159,Suraj@0434
23EC0435,Tarun Naidu,Male,B.Tech ECE,3rd Year,8.88,24,97,84,9,Karthik Naidu,Neha Naidu,Hindi,Delhi,Delhi NCR,India,tarun.naidu.23ec0435@univ.edu,+91 9926196453,Tarun@0435
24AI0436,Nikhil Kumar,Male,B.Tech AI&DS,2nd Year,7.14,22,77,61,29,Dev Kumar,Tanvi Kumar,Bengali,Kolkata,West Bengal,India,nikhil.kumar.24ai0436@univ.edu,+91 9341017812,Nikhil@0436
23EC0437,Ishita Patel,Female,B.Tech ECE,3rd Year,8.1,24,87,84,16,Tarun Patel,Komal Patel,Marathi,Nagpur,Maharashtra,India,ishita.patel.23ec0437@univ.edu,+91 9114644955,Ishita@0437
23EE0438,Arjun Roy,Male,B.Tech EEE,3rd Year,6.78,23,72,58,33,Dev Roy,Pavitra Roy,Hindi,Lucknow,Uttar Pradesh,India,arjun.roy.23ee0438@univ.edu,+91 9085336088,Arjun@0438
23EE0439,Megha Kumar,Female,B.Tech EEE,3rd Year,8.75,24,94,83,11,Vishal Kumar,Meera Kumar,Hindi,Patna,Bihar,India,megha.kumar.23ee0439@univ.edu,+91 9207511166,Megha@0439
23EC0440,Ajay Reddy,Male,B.Tech ECE,3rd Year,6.15,20,56,45,45,Abhishek Reddy,Neha Reddy,Tamil,Coimbatore,Tamil Nadu,India,ajay.reddy.23ec0440@univ.edu,+91 9930692464,Ajay@0440
24AI0441,Manish Jain,Male,B.Tech AI&DS,2nd Year,7.21,24,78,74,25,Akash Jain,Lavanya Jain,Hindi,Lucknow,Uttar Pradesh,India,manish.jain.24ai0441@univ.edu,+91 9940364803,Manish@0441
23CS0442,Pooja Tripathi,Female,B.Tech CSE,3rd Year,9.77,24,91,79,10,Aditya Tripathi,Shruti Tripathi,Gujarati,Ahmedabad,Gujarat,India,pooja.tripathi.23cs0442@univ.edu,+91 9598826833,Pooja@0442
23EC0443,Sai Joshi,Male,B.Tech ECE,3rd Year,8.39,24,92,79,14,Tarun Joshi,Keerthi Joshi,Marathi,Pune,Maharashtra,India,sai.joshi.23ec0443@univ.edu,+91 9740831347,Sai@0443
24AI0444,Varun Kapoor,Male,B.Tech AI&DS,2nd Year,7.63,22,78,75,23,Mayank Kapoor,Shreya Kapoor,Punjabi,Chandigarh,Punjab,India,varun.kapoor.24ai0444@univ.edu,+91 9422052175,Varun@0444
23IT0445,Prakash Patel,Male,B.Tech IT,3rd Year,5.81,19,52,52,46,Abhishek Patel,Vaishnavi Patel,Hindi,Noida,Uttar Pradesh,India,prakash.patel.23it0445@univ.edu,+91 9771348981,Prakash@0445
23AI0446,Kavya Iyer,Female,B.Tech AI&DS,3rd Year,9.02,24,95,83,10,Nikhil Iyer,Ritu Iyer,Telugu,Vijayawada,Andhra Pradesh,India,kavya.iyer.23ai0446@univ.edu,+91 9406603082,Kavya@0446
24EC0447,Pooja Chowdary,Female,B.Tech ECE,2nd Year,8.64,24,80,87,16,Varun Chowdary,Meera Chowdary,Kannada,Mysuru,Karnataka,India,pooja.chowdary.24ec0447@univ.edu,+91 9784005207,Pooja@0447
24IT0448,Komal Chatterjee,Female,B.Tech IT,2nd Year,7.82,24,87,93,15,Abhishek Chatterjee,Ananya Chatterjee,Kannada,Bengaluru,Karnataka,India,komal.chatterjee.24it0448@univ.edu,+91 9918490625,Komal@0448
24AI0449,Aarav Naidu,Male,B.Tech AI&DS,2nd Year,7.96,24,93,97,11,Dhruv Naidu,Megha Naidu,Tamil,Chennai,Tamil Nadu,India,aarav.naidu.24ai0449@univ.edu,+91 9007057729,Aarav@0449
24EE0450,Tanmay Das,Male,B.Tech EEE,2nd Year,4.57,22,53,31,55,Naveen Das,Ishita Das,Telugu,Visakhapatnam,Andhra Pradesh,India,tanmay.das.24ee0450@univ.edu,+91 9899811151,Tanmay@0450
24CS0451,Bhavana Gupta,Female,B.Tech CSE,2nd Year,9.12,24,98,97,5,Naveen Gupta,Tanvi Gupta,Marathi,Nagpur,Maharashtra,India,bhavana.gupta.24cs0451@univ.edu,+91 9614483748,Bhavana@0451
23EE0452,Meera Kapoor,Female,B.Tech EEE,3rd Year,7.48,24,75,71,26,Rohan Kapoor,Harini Kapoor,Telugu,Visakhapatnam,Andhra Pradesh,India,meera.kapoor.23ee0452@univ.edu,+91 9069713616,Meera@0452
23EC0453,Karthik Iyer,Male,B.Tech ECE,3rd Year,7.23,24,72,61,31,Ajay Iyer,Ankita Iyer,Hindi,Jaipur,Rajasthan,India,karthik.iyer.23ec0453@univ.edu,+91 9783540031,Karthik@0453
23AI0454,Ankita Gupta,Female,B.Tech AI&DS,3rd Year,7.69,22,78,69,25,Ishan Gupta,Lavanya Gupta,Marathi,Nagpur,Maharashtra,India,ankita.gupta.23ai0454@univ.edu,+91 9659588843,Ankita@0454
24AI0455,Ankita Saxena,Female,B.Tech AI&DS,2nd Year,8.04,24,79,92,17,Siddharth Saxena,Keerthi Saxena,Hindi,Lucknow,Uttar Pradesh,India,ankita.saxena.24ai0455@univ.edu,+91 9671583357,Ankita@0455
23AI0456,Neha Roy,Female,B.Tech AI&DS,3rd Year,7.82,24,85,84,18,Deepak Roy,Pallavi Roy,Telugu,Visakhapatnam,Andhra Pradesh,India,neha.roy.23ai0456@univ.edu,+91 9740900181,Neha@0456
23EC0457,Rahul Banerjee,Male,B.Tech ECE,3rd Year,8.59,24,89,96,10,Aarav Banerjee,Shreya Banerjee,Hindi,Indore,Madhya Pradesh,India,rahul.banerjee.23ec0457@univ.edu,+91 9661417815,Rahul@0457
23EC0458,Meera Joshi,Female,B.Tech ECE,3rd Year,8.76,24,83,98,12,Yash Joshi,Megha Joshi,Odia,Bhubaneswar,Odisha,India,meera.joshi.23ec0458@univ.edu,+91 9494584739,Meera@0458
23AI0459,Shalini Hegde,Female,B.Tech AI&DS,3rd Year,7.17,22,74,58,31,Sai Hegde,Ankita Hegde,Punjabi,Chandigarh,Punjab,India,shalini.hegde.23ai0459@univ.edu,+91 9619975993,Shalini@0459
23IT0460,Pallavi Rao,Female,B.Tech IT,3rd Year,8.94,24,84,90,13,Deepak Rao,Ritu Rao,Telugu,Hyderabad,Telangana,India,pallavi.rao.23it0460@univ.edu,+91 9201196574,Pallavi@0460
23CS0461,Harini Bhat,Female,B.Tech CSE,3rd Year,8.7,24,90,87,12,Rohan Bhat,Ritika Bhat,Marathi,Nagpur,Maharashtra,India,harini.bhat.23cs0461@univ.edu,+91 9232078427,Harini@0461
24EC0462,Naveen Iyer,Male,B.Tech ECE,2nd Year,9.4,24,79,94,12,Abhishek Iyer,Kavya Iyer,Hindi,Indore,Madhya Pradesh,India,naveen.iyer.24ec0462@univ.edu,+91 9165439752,Naveen@0462
23EC0463,Yash Tripathi,Male,B.Tech ECE,3rd Year,8.21,24,83,79,18,Vikram Tripathi,Ankita Tripathi,Kannada,Bengaluru,Karnataka,India,yash.tripathi.23ec0463@univ.edu,+91 9493243074,Yash@0463
23CS0464,Nikhil Iyer,Male,B.Tech CSE,3rd Year,6.62,22,69,67,32,Ishan Iyer,Kavya Iyer,Telugu,Visakhapatnam,Andhra Pradesh,India,nikhil.iyer.23cs0464@univ.edu,+91 9620150147,Nikhil@0464
24IT0465,Neha Bhat,Female,B.Tech IT,2nd Year,7.31,22,76,66,28,Srikanth Bhat,Shalini Bhat,Malayalam,Kochi,Kerala,India,neha.bhat.24it0465@univ.edu,+91 9169110063,Neha@0465
24EE0466,Aarav Roy,Male,B.Tech EEE,2nd Year,8.08,24,87,87,15,Shreyas Roy,Pallavi Roy,Tamil,Chennai,Tamil Nadu,India,aarav.roy.24ee0466@univ.edu,+91 9616416868,Aarav@0466
23EE0467,Rahul Banerjee,Male,B.Tech EEE,3rd Year,7.58,22,76,59,28,Prakash Banerjee,Priya Banerjee,Hindi,Delhi,Delhi NCR,India,rahul.banerjee.23ee0467@univ.edu,+91 9411886978,Rahul@0467
23IT0468,Harish Agarwal,Male,B.Tech IT,3rd Year,7.36,22,72,75,27,Rakesh Agarwal,Harini Agarwal,Hindi,Lucknow,Uttar Pradesh,India,harish.agarwal.23it0468@univ.edu,+91 9990831766,Harish@0468
24IT0469,Vaishnavi Sinha,Female,B.Tech IT,2nd Year,8.74,24,93,85,11,Lokesh Sinha,Deepika Sinha,Hindi,Patna,Bihar,India,vaishnavi.sinha.24it0469@univ.edu,+91 9154319982,Vaishnavi@0469
23EC0470,Pavitra Bose,Female,B.Tech ECE,3rd Year,7.93,24,79,81,20,Deepak Bose,Lavanya Bose,Kannada,Mysuru,Karnataka,India,pavitra.bose.23ec0470@univ.edu,+91 9377356707,Pavitra@0470
24EC0471,Gautam Chatterjee,Male,B.Tech ECE,2nd Year,8.45,24,82,98,13,Vikram Chatterjee,Aditi Chatterjee,Hindi,Jaipur,Rajasthan,India,gautam.chatterjee.24ec0471@univ.edu,+91 9076154050,Gautam@0471
23AI0472,Shalini Kapoor,Female,B.Tech AI&DS,3rd Year,8.57,24,94,88,10,Samar Kapoor,Shruti Kapoor,Tamil,Coimbatore,Tamil Nadu,India,shalini.kapoor.23ai0472@univ.edu,+91 9223594003,Shalini@0472
23AI0473,Rashmi Jain,Female,B.Tech AI&DS,3rd Year,9.28,24,81,96,11,Manish Jain,Meera Jain,Hindi,Delhi,Delhi NCR,India,rashmi.jain.23ai0473@univ.edu,+91 9898451531,Rashmi@0473
23AI0474,Dhruv Naidu,Male,B.Tech AI&DS,3rd Year,6.58,24,75,61,32,Vikram Naidu,Komal Naidu,Hindi,Delhi,Delhi NCR,India,dhruv.naidu.23ai0474@univ.edu,+91 9874097480,Dhruv@0474
24AI0475,Ritu Bhat,Female,B.Tech AI&DS,2nd Year,9.31,24,79,82,15,Pranav Bhat,Rhea Bhat,Telugu,Vijayawada,Andhra Pradesh,India,ritu.bhat.24ai0475@univ.edu,+91 9486377578,Ritu@0475
23EE0476,Akash Roy,Male,B.Tech EEE,3rd Year,7.6,24,73,71,26,Pranav Roy,Lavanya Roy,Tamil,Chennai,Tamil Nadu,India,akash.roy.23ee0476@univ.edu,+91 9982600383,Akash@0476
22CS0477,Rohan Ghosh,Male,B.Tech CSE,4th Year,8.54,24,80,95,14,Suraj Ghosh,Rhea Ghosh,Hindi,Jaipur,Rajasthan,India,rohan.ghosh.22cs0477@univ.edu,+91 9057045020,Rohan@0477
23CS0478,Tanmay Shetty,Male,B.Tech CSE,3rd Year,9.05,24,91,90,9,Manish Shetty,Nandini Shetty,Telugu,Hyderabad,Telangana,India,tanmay.shetty.23cs0478@univ.edu,+91 9435974242,Tanmay@0478
23IT0479,Shreyas Menon,Male,B.Tech IT,3rd Year,7.51,23,74,62,29,Abhishek Menon,Sunita Menon,Kannada,Bengaluru,Karnataka,India,shreyas.menon.23it0479@univ.edu,+91 9937092815,Shreyas@0479
22CS0480,Rhea Reddy,Female,B.Tech CSE,4th Year,7.97,24,83,98,14,Varun Reddy,Ritika Reddy,Telugu,Hyderabad,Telangana,India,rhea.reddy.22cs0480@univ.edu,+91 9865373223,Rhea@0480
24AI0481,Lokesh Naidu,Male,B.Tech AI&DS,2nd Year,8.57,24,93,85,12,Mayank Naidu,Nandini Naidu,Gujarati,Ahmedabad,Gujarat,India,lokesh.naidu.24ai0481@univ.edu,+91 9199491606,Lokesh@0481
24AI0482,Aarav Sinha,Male,B.Tech AI&DS,2nd Year,8.95,24,96,79,11,Mayank Sinha,Samyuktha Sinha,Hindi,Patna,Bihar,India,aarav.sinha.24ai0482@univ.edu,+91 9040657269,Aarav@0482
23EE0483,Preethi Iyer,Female,B.Tech EEE,3rd Year,9.77,24,95,86,6,Rohan Iyer,Ishita Iyer,Hindi,Patna,Bihar,India,preethi.iyer.23ee0483@univ.edu,+91 9499221581,Preethi@0483
24CS0484,Nikhil Roy,Male,B.Tech CSE,2nd Year,9.03,24,88,88,11,Rahul Roy,Shalini Roy,Gujarati,Surat,Gujarat,India,nikhil.roy.24cs0484@univ.edu,+91 9574487589,Nikhil@0484
23EE0485,Megha Kapoor,Female,B.Tech EEE,3rd Year,6.85,24,73,59,32,Deepak Kapoor,Simran Kapoor,Hindi,Noida,Uttar Pradesh,India,megha.kapoor.23ee0485@univ.edu,+91 9990918230,Megha@0485
24EC0486,Harini Sinha,Female,B.Tech ECE,2nd Year,7.29,24,69,67,30,Yash Sinha,Rashmi Sinha,Bengali,Kolkata,West Bengal,India,harini.sinha.24ec0486@univ.edu,+91 9670355280,Harini@0486
24IT0487,Kunal Gupta,Male,B.Tech IT,2nd Year,9.52,24,87,78,12,Gopi Gupta,Rhea Gupta,Tamil,Madurai,Tamil Nadu,India,kunal.gupta.24it0487@univ.edu,+91 9796103507,Kunal@0487
23IT0488,Naveen Ghosh,Male,B.Tech IT,3rd Year,8.77,24,86,94,11,Naveen Ghosh,Anushka Ghosh,Marathi,Mumbai,Maharashtra,India,naveen.ghosh.23it0488@univ.edu,+91 9925580949,Naveen@0488
24EE0489,Rohan Singh,Male,B.Tech EEE,2nd Year,7.37,22,76,63,28,Ajay Singh,Ritu Singh,Gujarati,Surat,Gujarat,India,rohan.singh.24ee0489@univ.edu,+91 9620362276,Rohan@0489
24EC0490,Pallavi Verma,Female,B.Tech ECE,2nd Year,7.07,22,73,75,27,Gautam Verma,Vaishnavi Verma,Telugu,Visakhapatnam,Andhra Pradesh,India,pallavi.verma.24ec0490@univ.edu,+91 9407807998,Pallavi@0490
24EC0491,Ritu Malhotra,Female,B.Tech ECE,2nd Year,6.96,24,76,68,28,Harish Malhotra,Ananya Malhotra,Hindi,Jaipur,Rajasthan,India,ritu.malhotra.24ec0491@univ.edu,+91 9733232853,Ritu@0491
23EC0492,Deepika Dubey,Female,B.Tech ECE,3rd Year,6.81,23,70,76,29,Srikanth Dubey,Bhavana Dubey,Hindi,Lucknow,Uttar Pradesh,India,deepika.dubey.23ec0492@univ.edu,+91 9495111580,Deepika@0492
23IT0493,Shruti Ghosh,Female,B.Tech IT,3rd Year,9.46,24,79,78,16,Naveen Ghosh,Lavanya Ghosh,Odia,Bhubaneswar,Odisha,India,shruti.ghosh.23it0493@univ.edu,+91 9441575005,Shruti@0493
24EC0494,Vikram Shah,Male,B.Tech ECE,2nd Year,7.24,24,69,59,32,Ankit Shah,Anushka Shah,Punjabi,Chandigarh,Punjab,India,vikram.shah.24ec0494@univ.edu,+91 9705024801,Vikram@0494
22CS0495,Neha Naidu,Female,B.Tech CSE,4th Year,7.46,22,78,63,27,Rohan Naidu,Soundarya Naidu,Telugu,Warangal,Telangana,India,neha.naidu.22cs0495@univ.edu,+91 9746952406,Neha@0495
22CS0496,Ankit Kapoor,Male,B.Tech CSE,4th Year,8.31,24,89,80,15,Srikanth Kapoor,Nandini Kapoor,Gujarati,Ahmedabad,Gujarat,India,ankit.kapoor.22cs0496@univ.edu,+91 9297735164,Ankit@0496
24EC0497,Ritu Chauhan,Female,B.Tech ECE,2nd Year,9.76,24,94,84,7,Gopi Chauhan,Meera Chauhan,Tamil,Madurai,Tamil Nadu,India,ritu.chauhan.24ec0497@univ.edu,+91 9655306663,Ritu@0497
23IT0498,Kunal Nair,Male,B.Tech IT,3rd Year,8.01,24,87,80,17,Samar Nair,Deepika Nair,Tamil,Chennai,Tamil Nadu,India,kunal.nair.23it0498@univ.edu,+91 9075604661,Kunal@0498
23CS0499,Anushka Shah,Female,B.Tech CSE,3rd Year,8.1,24,87,88,15,Aarav Shah,Pooja Shah,Kannada,Bengaluru,Karnataka,India,anushka.shah.23cs0499@univ.edu,+91 9971325694,Anushka@0499
23AI0500,Aarav Pandey,Male,B.Tech AI&DS,3rd Year,8.57,24,79,93,15,Suraj Pandey,Divya Pandey,Marathi,Nagpur,Maharashtra,India,aarav.pandey.23ai0500@univ.edu,+91 9130141431,Aarav@0500
23EC0501,Pallavi Hegde,Female,B.Tech ECE,3rd Year,7.96,24,89,92,14,Rohan Hegde,Preethi Hegde,Telugu,Visakhapatnam,Andhra Pradesh,India,pallavi.hegde.23ec0501@univ.edu,+91 9816530277,Pallavi@0501
24EE0502,Swati Mishra,Female,B.Tech EEE,2nd Year,9.06,24,82,89,13,Abhishek Mishra,Harini Mishra,Marathi,Pune,Maharashtra,India,swati.mishra.24ee0502@univ.edu,+91 9522379207,Swati@0502
24IT0503,Prakash Joshi,Male,B.Tech IT,2nd Year,6.58,24,75,75,28,Arjun Joshi,Rashmi Joshi,Tamil,Chennai,Tamil Nadu,India,prakash.joshi.24it0503@univ.edu,+91 9330423516,Prakash@0503
23CS0504,Prakash Patel,Male,B.Tech CSE,3rd Year,9.41,24,85,94,10,Deepak Patel,Pooja Patel,Telugu,Visakhapatnam,Andhra Pradesh,India,prakash.patel.23cs0504@univ.edu,+91 9492171427,Prakash@0504
24EE0505,Shalini Singh,Female,B.Tech EEE,2nd Year,8.74,24,79,97,14,Aditya Singh,Ishita Singh,Telugu,Vijayawada,Andhra Pradesh,India,shalini.singh.24ee0505@univ.edu,+91 9049179197,Shalini@0505
24IT0506,Karthik Reddy,Male,B.Tech IT,2nd Year,7.93,24,97,81,13,Vikram Reddy,Vaishnavi Reddy,Malayalam,Kochi,Kerala,India,karthik.reddy.24it0506@univ.edu,+91 9122599500,Karthik@0506
24CS0507,Samar Deshmukh,Male,B.Tech CSE,2nd Year,7.16,22,78,68,27,Deepak Deshmukh,Aditi Deshmukh,Marathi,Nagpur,Maharashtra,India,samar.deshmukh.24cs0507@univ.edu,+91 9820583443,Samar@0507
24CS0508,Naveen Hegde,Male,B.Tech CSE,2nd Year,7.16,22,74,72,27,Varun Hegde,Simran Hegde,Tamil,Madurai,Tamil Nadu,India,naveen.hegde.24cs0508@univ.edu,+91 9993936529,Naveen@0508
23EE0509,Rhea Nair,Female,B.Tech EEE,3rd Year,7.81,24,81,83,20,Gautam Nair,Sneha Nair,Hindi,Indore,Madhya Pradesh,India,rhea.nair.23ee0509@univ.edu,+91 9994431991,Rhea@0509
23AI0510,Dhruv Chatterjee,Male,B.Tech AI&DS,3rd Year,7.13,22,73,71,28,Karthik Chatterjee,Neha Chatterjee,Hindi,Patna,Bihar,India,dhruv.chatterjee.23ai0510@univ.edu,+91 9187420491,Dhruv@0510
23IT0511,Pooja Naidu,Female,B.Tech IT,3rd Year,7.17,22,69,64,31,Rohan Naidu,Harini Naidu,Hindi,Lucknow,Uttar Pradesh,India,pooja.naidu.23it0511@univ.edu,+91 9569296859,Pooja@0511
24EE0512,Pavitra Pillai,Female,B.Tech EEE,2nd Year,6.01,21,45,51,48,Pranav Pillai,Samyuktha Pillai,Gujarati,Ahmedabad,Gujarat,India,pavitra.pillai.24ee0512@univ.edu,+91 9534202492,Pavitra@0512
23EC0513,Aditya Verma,Male,B.Tech ECE,3rd Year,6.55,24,76,59,32,Harish Verma,Anushka Verma,Tamil,Chennai,Tamil Nadu,India,aditya.verma.23ec0513@univ.edu,+91 9188857880,Aditya@0513
24EE0514,Arjun Saxena,Male,B.Tech EEE,2nd Year,8.64,24,89,88,12,Manish Saxena,Komal Saxena,Telugu,Vijayawada,Andhra Pradesh,India,arjun.saxena.24ee0514@univ.edu,+91 9247028515,Arjun@0514
24CS0515,Lavanya Deshmukh,Female,B.Tech CSE,2nd Year,6.59,23,72,76,29,Ajay Deshmukh,Swati Deshmukh,Punjabi,Chandigarh,Punjab,India,lavanya.deshmukh.24cs0515@univ.edu,+91 9058346438,Lavanya@0515
23EE0516,Ishita Menon,Female,B.Tech EEE,3rd Year,7.26,22,72,66,29,Akash Menon,Preethi Menon,Kannada,Mysuru,Karnataka,India,ishita.menon.23ee0516@univ.edu,+91 9360660580,Ishita@0516
24EC0517,Dev Verma,Male,B.Tech ECE,2nd Year,8.24,24,89,87,14,Lokesh Verma,Vaishnavi Verma,Telugu,Warangal,Telangana,India,dev.verma.24ec0517@univ.edu,+91 9648149205,Dev@0517
24EE0518,Samar Chowdary,Male,B.Tech EEE,2nd Year,8.98,24,85,92,12,Ajay Chowdary,Ankita Chowdary,Telugu,Vijayawada,Andhra Pradesh,India,samar.chowdary.24ee0518@univ.edu,+91 9299757448,Samar@0518
23IT0519,Harish Kulkarni,Male,B.Tech IT,3rd Year,9.69,24,97,96,3,Dhruv Kulkarni,Aishwarya Kulkarni,Marathi,Nagpur,Maharashtra,India,harish.kulkarni.23it0519@univ.edu,+91 9964490521,Harish@0519
24AI0520,Aditya Sharma,Male,B.Tech AI&DS,2nd Year,8.7,24,82,85,16,Nikhil Sharma,Aditi Sharma,Marathi,Nagpur,Maharashtra,India,aditya.sharma.24ai0520@univ.edu,+91 9089218841,Aditya@0520
24IT0521,Ananya Mehta,Female,B.Tech IT,2nd Year,7.83,24,81,87,18,Ankit Mehta,Shruti Mehta,Marathi,Mumbai,Maharashtra,India,ananya.mehta.24it0521@univ.edu,+91 9173734464,Ananya@0521
23CS0522,Archana Ghosh,Female,B.Tech CSE,3rd Year,7.25,24,74,58,31,Karthik Ghosh,Aditi Ghosh,Gujarati,Ahmedabad,Gujarat,India,archana.ghosh.23cs0522@univ.edu,+91 9075912037,Archana@0522
23CS0523,Deepak Tripathi,Male,B.Tech CSE,3rd Year,9.38,24,85,80,13,Srikanth Tripathi,Pavitra Tripathi,Marathi,Nagpur,Maharashtra,India,deepak.tripathi.23cs0523@univ.edu,+91 9666208705,Deepak@0523
24EC0524,Priya Pandey,Female,B.Tech ECE,2nd Year,8.53,24,80,83,17,Akash Pandey,Preethi Pandey,Telugu,Warangal,Telangana,India,priya.pandey.24ec0524@univ.edu,+91 9695970088,Priya@0524
24IT0525,Divya Yadav,Female,B.Tech IT,2nd Year,5.9,22,57,54,43,Manish Yadav,Shalini Yadav,Malayalam,Thiruvananthapuram,Kerala,India,divya.yadav.24it0525@univ.edu,+91 9935370195,Divya@0525
23EC0526,Neha Deshmukh,Female,B.Tech ECE,3rd Year,6.95,23,70,72,30,Mayank Deshmukh,Nandini Deshmukh,Tamil,Madurai,Tamil Nadu,India,neha.deshmukh.23ec0526@univ.edu,+91 9538427940,Neha@0526
23EE0527,Hemanth Malhotra,Male,B.Tech EEE,3rd Year,8.18,24,81,92,16,Samar Malhotra,Preethi Malhotra,Gujarati,Ahmedabad,Gujarat,India,hemanth.malhotra.23ee0527@univ.edu,+91 9093747059,Hemanth@0527
24CS0528,Naveen Chatterjee,Male,B.Tech CSE,2nd Year,8.1,24,94,84,13,Srikanth Chatterjee,Shreya Chatterjee,Kannada,Mysuru,Karnataka,India,naveen.chatterjee.24cs0528@univ.edu,+91 9559084094,Naveen@0528
24AI0529,Sneha Chatterjee,Female,B.Tech AI&DS,2nd Year,8.38,24,79,80,19,Rakesh Chatterjee,Simran Chatterjee,Gujarati,Surat,Gujarat,India,sneha.chatterjee.24ai0529@univ.edu,+91 9023661636,Sneha@0529
23EC0530,Aishwarya Tripathi,Female,B.Tech ECE,3rd Year,9.48,24,95,92,6,Deepak Tripathi,Lavanya Tripathi,Hindi,Noida,Uttar Pradesh,India,aishwarya.tripathi.23ec0530@univ.edu,+91 9491781368,Aishwarya@0530
23IT0531,Karthik Banerjee,Male,B.Tech IT,3rd Year,8.1,24,80,87,18,Yash Banerjee,Preethi Banerjee,Tamil,Coimbatore,Tamil Nadu,India,karthik.banerjee.23it0531@univ.edu,+91 9489547387,Karthik@0531
23EE0532,Pavitra Chowdary,Female,B.Tech EEE,3rd Year,6.55,24,70,68,32,Naveen Chowdary,Ishita Chowdary,Kannada,Mysuru,Karnataka,India,pavitra.chowdary.23ee0532@univ.edu,+91 9135799902,Pavitra@0532
24IT0533,Vishal Mishra,Male,B.Tech IT,2nd Year,7.15,24,76,63,29,Sanjay Mishra,Pallavi Mishra,Odia,Bhubaneswar,Odisha,India,vishal.mishra.24it0533@univ.edu,+91 9323797338,Vishal@0533
24AI0534,Arjun Agarwal,Male,B.Tech AI&DS,2nd Year,5.54,20,65,46,43,Sanjay Agarwal,Ishita Agarwal,Gujarati,Ahmedabad,Gujarat,India,arjun.agarwal.24ai0534@univ.edu,+91 9694972902,Arjun@0534
24EE0535,Megha Chatterjee,Female,B.Tech EEE,2nd Year,9.6,24,94,82,8,Prakash Chatterjee,Bhavana Chatterjee,Hindi,Noida,Uttar Pradesh,India,megha.chatterjee.24ee0535@univ.edu,+91 9728005909,Megha@0535
24AI0536,Harini Patel,Female,B.Tech AI&DS,2nd Year,7.27,24,78,76,24,Rakesh Patel,Kavya Patel,Gujarati,Ahmedabad,Gujarat,India,harini.patel.24ai0536@univ.edu,+91 9238525147,Harini@0536
24CS0537,Samyuktha Joshi,Female,B.Tech CSE,2nd Year,8.19,24,91,88,13,Prakash Joshi,Kavya Joshi,Hindi,Delhi,Delhi NCR,India,samyuktha.joshi.24cs0537@univ.edu,+91 9647650867,Samyuktha@0537
24AI0538,Priya Pillai,Female,B.Tech AI&DS,2nd Year,6.84,23,69,69,31,Harish Pillai,Preethi Pillai,Hindi,Patna,Bihar,India,priya.pillai.24ai0538@univ.edu,+91 9478433629,Priya@0538
23AI0539,Kavya Menon,Female,B.Tech AI&DS,3rd Year,9.26,24,92,91,8,Ankit Menon,Tanvi Menon,Gujarati,Ahmedabad,Gujarat,India,kavya.menon.23ai0539@univ.edu,+91 9149859658,Kavya@0539
24IT0540,Soundarya Gupta,Female,B.Tech IT,2nd Year,9.67,24,81,96,10,Yash Gupta,Ankita Gupta,Malayalam,Kochi,Kerala,India,soundarya.gupta.24it0540@univ.edu,+91 9811871283,Soundarya@0540
23EC0541,Aarav Mehta,Male,B.Tech ECE,3rd Year,8.2,24,83,90,16,Tanmay Mehta,Vaishnavi Mehta,Kannada,Mysuru,Karnataka,India,aarav.mehta.23ec0541@univ.edu,+91 9310808710,Aarav@0541
23EE0542,Pooja Banerjee,Female,B.Tech EEE,3rd Year,6.68,24,69,67,32,Tanmay Banerjee,Vaishnavi Banerjee,Gujarati,Surat,Gujarat,India,pooja.banerjee.23ee0542@univ.edu,+91 9895761677,Pooja@0542
24AI0543,Shreya Chatterjee,Female,B.Tech AI&DS,2nd Year,5.44,22,50,32,53,Manish Chatterjee,Sneha Chatterjee,Gujarati,Surat,Gujarat,India,shreya.chatterjee.24ai0543@univ.edu,+91 9800544937,Shreya@0543
23AI0544,Yash Sinha,Male,B.Tech AI&DS,3rd Year,6.52,22,78,66,29,Yash Sinha,Shreya Sinha,Bengali,Kolkata,West Bengal,India,yash.sinha.23ai0544@univ.edu,+91 9624546761,Yash@0544
23IT0545,Sanjay Kapoor,Male,B.Tech IT,3rd Year,6.56,24,74,67,31,Sai Kapoor,Samyuktha Kapoor,Kannada,Mysuru,Karnataka,India,sanjay.kapoor.23it0545@univ.edu,+91 9686063606,Sanjay@0545
24IT0546,Payal Joshi,Female,B.Tech IT,2nd Year,7.49,23,74,67,27,Gautam Joshi,Shalini Joshi,Hindi,Lucknow,Uttar Pradesh,India,payal.joshi.24it0546@univ.edu,+91 9735989586,Payal@0546
23EE0547,Preethi Nair,Female,B.Tech EEE,3rd Year,9.36,24,90,91,8,Aarav Nair,Rhea Nair,Kannada,Bengaluru,Karnataka,India,preethi.nair.23ee0547@univ.edu,+91 9365408396,Preethi@0547
24IT0548,Tanvi Nair,Female,B.Tech IT,2nd Year,9.03,24,96,94,6,Siddharth Nair,Swati Nair,Hindi,Jaipur,Rajasthan,India,tanvi.nair.24it0548@univ.edu,+91 9908460479,Tanvi@0548
23AI0549,Tanmay Iyer,Male,B.Tech AI&DS,3rd Year,8.5,24,94,89,10,Hemanth Iyer,Rhea Iyer,Telugu,Vijayawada,Andhra Pradesh,India,tanmay.iyer.23ai0549@univ.edu,+91 9149265120,Tanmay@0549
24EC0550,Soundarya Tripathi,Female,B.Tech ECE,2nd Year,8.24,24,82,82,18,Tarun Tripathi,Sneha Tripathi,Hindi,Patna,Bihar,India,soundarya.tripathi.24ec0550@univ.edu,+91 9738785008,Soundarya@0550
24IT0551,Karthik Menon,Male,B.Tech IT,2nd Year,5.94,19,57,31,49,Hemanth Menon,Divya Menon,Marathi,Nagpur,Maharashtra,India,karthik.menon.24it0551@univ.edu,+91 9115768032,Karthik@0551
23CS0552,Mayank Ghosh,Male,B.Tech CSE,3rd Year,4.52,18,63,33,51,Gopi Ghosh,Pooja Ghosh,Telugu,Warangal,Telangana,India,mayank.ghosh.23cs0552@univ.edu,+91 9987947780,Mayank@0552
23IT0553,Rashmi Joshi,Female,B.Tech IT,3rd Year,9.7,24,87,89,9,Rohan Joshi,Ishita Joshi,Telugu,Hyderabad,Telangana,India,rashmi.joshi.23it0553@univ.edu,+91 9378175386,Rashmi@0553
24IT0554,Mayank Roy,Male,B.Tech IT,2nd Year,9.73,24,85,83,11,Dhruv Roy,Ananya Roy,Telugu,Warangal,Telangana,India,mayank.roy.24it0554@univ.edu,+91 9968150364,Mayank@0554
23IT0555,Ananya Nair,Female,B.Tech IT,3rd Year,8.16,24,82,89,16,Dhruv Nair,Meera Nair,Marathi,Mumbai,Maharashtra,India,ananya.nair.23it0555@univ.edu,+91 9407608561,Ananya@0555
24AI0556,Mayank Deshmukh,Male,B.Tech AI&DS,2nd Year,8.07,24,95,89,12,Sanjay Deshmukh,Shreya Deshmukh,Hindi,Indore,Madhya Pradesh,India,mayank.deshmukh.24ai0556@univ.edu,+91 9756699057,Mayank@0556
23EC0557,Aditya Gupta,Male,B.Tech ECE,3rd Year,9.17,24,88,92,10,Akash Gupta,Keerthi Gupta,Telugu,Warangal,Telangana,India,aditya.gupta.23ec0557@univ.edu,+91 9242529746,Aditya@0557
24IT0558,Keerthi Jain,Female,B.Tech IT,2nd Year,5.43,21,63,33,48,Vishal Jain,Meera Jain,Gujarati,Surat,Gujarat,India,keerthi.jain.24it0558@univ.edu,+91 9470361572,Keerthi@0558
23IT0559,Rohan Iyer,Male,B.Tech IT,3rd Year,7.93,24,84,84,18,Dhruv Iyer,Deepika Iyer,Marathi,Pune,Maharashtra,India,rohan.iyer.23it0559@univ.edu,+91 9363602964,Rohan@0559
23IT0560,Suraj Iyer,Male,B.Tech IT,3rd Year,8.99,24,97,98,5,Kunal Iyer,Samyuktha Iyer,Punjabi,Chandigarh,Punjab,India,suraj.iyer.23it0560@univ.edu,+91 9429749624,Suraj@0560
23AI0561,Ishan Agarwal,Male,B.Tech AI&DS,3rd Year,7.1,22,76,62,29,Lokesh Agarwal,Deepika Agarwal,Kannada,Bengaluru,Karnataka,India,ishan.agarwal.23ai0561@univ.edu,+91 9106948323,Ishan@0561
24CS0562,Divya Saxena,Female,B.Tech CSE,2nd Year,7.25,24,78,60,28,Ishan Saxena,Lavanya Saxena,Marathi,Pune,Maharashtra,India,divya.saxena.24cs0562@univ.edu,+91 9807034823,Divya@0562
23IT0563,Kunal Kapoor,Male,B.Tech IT,3rd Year,8.49,24,96,95,8,Kunal Kapoor,Ritika Kapoor,Odia,Bhubaneswar,Odisha,India,kunal.kapoor.23it0563@univ.edu,+91 9586928797,Kunal@0563
23CS0564,Aditya Jain,Male,B.Tech CSE,3rd Year,7.87,24,80,95,17,Sanjay Jain,Ritu Jain,Gujarati,Ahmedabad,Gujarat,India,aditya.jain.23cs0564@univ.edu,+91 9708037197,Aditya@0564
23AI0565,Harini Chowdary,Female,B.Tech AI&DS,3rd Year,8.94,24,82,93,13,Tarun Chowdary,Ritu Chowdary,Kannada,Bengaluru,Karnataka,India,harini.chowdary.23ai0565@univ.edu,+91 9708753985,Harini@0565
23AI0566,Shalini Sinha,Female,B.Tech AI&DS,3rd Year,5.44,22,50,42,50,Gautam Sinha,Payal Sinha,Hindi,Delhi,Delhi NCR,India,shalini.sinha.23ai0566@univ.edu,+91 9726373230,Shalini@0566
24CS0567,Ankit Bhat,Male,B.Tech CSE,2nd Year,9.42,24,90,96,7,Aditya Bhat,Rhea Bhat,Hindi,Noida,Uttar Pradesh,India,ankit.bhat.24cs0567@univ.edu,+91 9028883480,Ankit@0567
23CS0568,Bhavana Chauhan,Female,B.Tech CSE,3rd Year,6.8,24,72,67,31,Rakesh Chauhan,Simran Chauhan,Marathi,Mumbai,Maharashtra,India,bhavana.chauhan.23cs0568@univ.edu,+91 9091205492,Bhavana@0568
23CS0569,Divya Banerjee,Female,B.Tech CSE,3rd Year,7.29,24,76,71,26,Arjun Banerjee,Shalini Banerjee,Kannada,Mysuru,Karnataka,India,divya.banerjee.23cs0569@univ.edu,+91 9552719151,Divya@0569
24AI0570,Samyuktha Patel,Female,B.Tech AI&DS,2nd Year,6.62,22,78,73,27,Akash Patel,Archana Patel,Malayalam,Thiruvananthapuram,Kerala,India,samyuktha.patel.24ai0570@univ.edu,+91 9741809534,Samyuktha@0570
23EE0571,Bhavana Saxena,Female,B.Tech EEE,3rd Year,6.74,24,75,60,31,Samar Saxena,Harini Saxena,Kannada,Mysuru,Karnataka,India,bhavana.saxena.23ee0571@univ.edu,+91 9229866763,Bhavana@0571
23EE0572,Sai Banerjee,Male,B.Tech EEE,3rd Year,7.99,24,97,88,11,Samar Banerjee,Kavya Banerjee,Tamil,Coimbatore,Tamil Nadu,India,sai.banerjee.23ee0572@univ.edu,+91 9293523362,Sai@0572
24AI0573,Nikhil Malhotra,Male,B.Tech AI&DS,2nd Year,8.67,24,88,95,11,Rahul Malhotra,Harini Malhotra,Marathi,Mumbai,Maharashtra,India,nikhil.malhotra.24ai0573@univ.edu,+91 9336460186,Nikhil@0573
23EE0574,Suraj Bose,Male,B.Tech EEE,3rd Year,9.53,24,95,96,5,Tanmay Bose,Meera Bose,Odia,Bhubaneswar,Odisha,India,suraj.bose.23ee0574@univ.edu,+91 9536015820,Suraj@0574
23EE0575,Lokesh Das,Male,B.Tech EEE,3rd Year,6.68,24,76,62,31,Sai Das,Ankita Das,Hindi,Noida,Uttar Pradesh,India,lokesh.das.23ee0575@univ.edu,+91 9735842393,Lokesh@0575
24EC0576,Nandini Mehta,Female,B.Tech ECE,2nd Year,7.28,24,73,66,29,Pranav Mehta,Simran Mehta,Bengali,Kolkata,West Bengal,India,nandini.mehta.24ec0576@univ.edu,+91 9645568239,Nandini@0576
24IT0577,Manish Iyer,Male,B.Tech IT,2nd Year,9.78,24,96,91,5,Manish Iyer,Harini Iyer,Telugu,Hyderabad,Telangana,India,manish.iyer.24it0577@univ.edu,+91 9694627259,Manish@0577
24EC0578,Swati Chowdary,Female,B.Tech ECE,2nd Year,9.09,24,84,79,15,Gopi Chowdary,Samyuktha Chowdary,Telugu,Hyderabad,Telangana,India,swati.chowdary.24ec0578@univ.edu,+91 9775750551,Swati@0578
23CS0579,Arjun Verma,Male,B.Tech CSE,3rd Year,9.59,24,92,80,10,Tarun Verma,Divya Verma,Hindi,Lucknow,Uttar Pradesh,India,arjun.verma.23cs0579@univ.edu,+91 9426162812,Arjun@0579
22CS0580,Rhea Kulkarni,Female,B.Tech CSE,4th Year,9.7,24,97,94,4,Mayank Kulkarni,Shreya Kulkarni,Punjabi,Chandigarh,Punjab,India,rhea.kulkarni.22cs0580@univ.edu,+91 9270376840,Rhea@0580
24EE0581,Rohan Kulkarni,Male,B.Tech EEE,2nd Year,9.41,24,91,85,9,Sanjay Kulkarni,Bhavana Kulkarni,Hindi,Indore,Madhya Pradesh,India,rohan.kulkarni.24ee0581@univ.edu,+91 9454052132,Rohan@0581
23IT0582,Vikram Mishra,Male,B.Tech IT,3rd Year,8.78,24,80,89,15,Ajay Mishra,Anushka Mishra,Gujarati,Ahmedabad,Gujarat,India,vikram.mishra.23it0582@univ.edu,+91 9751208813,Vikram@0582
23AI0583,Lavanya Dubey,Female,B.Tech AI&DS,3rd Year,8.53,24,83,89,15,Manish Dubey,Samyuktha Dubey,Odia,Bhubaneswar,Odisha,India,lavanya.dubey.23ai0583@univ.edu,+91 9881934350,Lavanya@0583
22CS0584,Ishan Sharma,Male,B.Tech CSE,4th Year,9.08,24,88,89,11,Manish Sharma,Anushka Sharma,Odia,Bhubaneswar,Odisha,India,ishan.sharma.22cs0584@univ.edu,+91 9969757548,Ishan@0584
23IT0585,Shreya Dubey,Female,B.Tech IT,3rd Year,8.4,24,87,85,15,Aarav Dubey,Aditi Dubey,Marathi,Pune,Maharashtra,India,shreya.dubey.23it0585@univ.edu,+91 9319355409,Shreya@0585
23EC0586,Gautam Shah,Male,B.Tech ECE,3rd Year,8.74,24,94,91,9,Srikanth Shah,Kavya Shah,Telugu,Visakhapatnam,Andhra Pradesh,India,gautam.shah.23ec0586@univ.edu,+91 9994818810,Gautam@0586
23IT0587,Nandini Nair,Female,B.Tech IT,3rd Year,9.28,24,96,92,6,Rahul Nair,Pallavi Nair,Hindi,Jaipur,Rajasthan,India,nandini.nair.23it0587@univ.edu,+91 9746476162,Nandini@0587
24AI0588,Sai Mishra,Male,B.Tech AI&DS,2nd Year,8.95,24,89,81,13,Suraj Mishra,Swati Mishra,Telugu,Hyderabad,Telangana,India,sai.mishra.24ai0588@univ.edu,+91 9169460558,Sai@0588
23AI0589,Karthik Naidu,Male,B.Tech AI&DS,3rd Year,7.49,22,78,67,26,Yash Naidu,Rhea Naidu,Gujarati,Ahmedabad,Gujarat,India,karthik.naidu.23ai0589@univ.edu,+91 9090622682,Karthik@0589
24AI0590,Naveen Agarwal,Male,B.Tech AI&DS,2nd Year,9.61,24,86,92,9,Arjun Agarwal,Sunita Agarwal,Telugu,Hyderabad,Telangana,India,naveen.agarwal.24ai0590@univ.edu,+91 9212886716,Naveen@0590
23AI0591,Gautam Verma,Male,B.Tech AI&DS,3rd Year,4.82,18,53,48,50,Gopi Verma,Ishita Verma,Hindi,Lucknow,Uttar Pradesh,India,gautam.verma.23ai0591@univ.edu,+91 9015155764,Gautam@0591
24AI0592,Nandini Kapoor,Female,B.Tech AI&DS,2nd Year,8.38,24,87,93,13,Pranav Kapoor,Swati Kapoor,Tamil,Coimbatore,Tamil Nadu,India,nandini.kapoor.24ai0592@univ.edu,+91 9410248318,Nandini@0592
23IT0593,Pranav Naidu,Male,B.Tech IT,3rd Year,6.53,22,71,66,32,Abhishek Naidu,Simran Naidu,Punjabi,Chandigarh,Punjab,India,pranav.naidu.23it0593@univ.edu,+91 9663229105,Pranav@0593
23EE0594,Manish Pillai,Male,B.Tech EEE,3rd Year,7.67,24,74,70,26,Aarav Pillai,Megha Pillai,Telugu,Vijayawada,Andhra Pradesh,India,manish.pillai.23ee0594@univ.edu,+91 9227866978,Manish@0594
24EC0595,Nandini Naidu,Female,B.Tech ECE,2nd Year,5.39,22,49,41,51,Tanmay Naidu,Priya Naidu,Telugu,Warangal,Telangana,India,nandini.naidu.24ec0595@univ.edu,+91 9720256933,Nandini@0595
23CS0596,Soundarya Sharma,Female,B.Tech CSE,3rd Year,7.31,24,75,62,29,Samar Sharma,Ritu Sharma,Hindi,Jaipur,Rajasthan,India,soundarya.sharma.23cs0596@univ.edu,+91 9044157616,Soundarya@0596
23EE0597,Anushka Chowdary,Female,B.Tech EEE,3rd Year,5.51,20,64,34,47,Lokesh Chowdary,Rhea Chowdary,Malayalam,Thiruvananthapuram,Kerala,India,anushka.chowdary.23ee0597@univ.edu,+91 9125458204,Anushka@0597
23EC0598,Karthik Saxena,Male,B.Tech ECE,3rd Year,8.83,24,87,91,12,Ankit Saxena,Anushka Saxena,Marathi,Nagpur,Maharashtra,India,karthik.saxena.23ec0598@univ.edu,+91 9958499063,Karthik@0598
23EE0599,Kunal Singh,Male,B.Tech EEE,3rd Year,4.57,19,47,38,56,Abhishek Singh,Ishita Singh,Telugu,Visakhapatnam,Andhra Pradesh,India,kunal.singh.23ee0599@univ.edu,+91 9758021852,Kunal@0599
23CS0600,Hemanth Saxena,Male,B.Tech CSE,3rd Year,9.49,24,82,82,13,Tanmay Saxena,Ritika Saxena,Marathi,Mumbai,Maharashtra,India,hemanth.saxena.23cs0600@univ.edu,+91 9132772727,Hemanth@0600
24IT0601,Pranav Chatterjee,Male,B.Tech IT,2nd Year,8.22,24,97,78,13,Mayank Chatterjee,Samyuktha Chatterjee,Punjabi,Chandigarh,Punjab,India,pranav.chatterjee.24it0601@univ.edu,+91 9564804742,Pranav@0601
24CS0602,Meera Mehta,Female,B.Tech CSE,2nd Year,8.37,24,79,81,19,Kunal Mehta,Deepika Mehta,Hindi,Indore,Madhya Pradesh,India,meera.mehta.24cs0602@univ.edu,+91 9423236607,Meera@0602
24IT0603,Vikram Bhat,Male,B.Tech IT,2nd Year,8.99,24,87,78,14,Lokesh Bhat,Megha Bhat,Telugu,Vijayawada,Andhra Pradesh,India,vikram.bhat.24it0603@univ.edu,+91 9353719460,Vikram@0603
24EC0604,Pavitra Shah,Female,B.Tech ECE,2nd Year,7.39,24,69,75,28,Sai Shah,Keerthi Shah,Tamil,Chennai,Tamil Nadu,India,pavitra.shah.24ec0604@univ.edu,+91 9409515396,Pavitra@0604
23IT0605,Gopi Mishra,Male,B.Tech IT,3rd Year,6.84,22,75,62,31,Arjun Mishra,Neha Mishra,Telugu,Vijayawada,Andhra Pradesh,India,gopi.mishra.23it0605@univ.edu,+91 9320562039,Gopi@0605
24EE0606,Harish Banerjee,Male,B.Tech EEE,2nd Year,8.69,24,94,90,9,Vikram Banerjee,Preethi Banerjee,Marathi,Mumbai,Maharashtra,India,harish.banerjee.24ee0606@univ.edu,+91 9511573219,Harish@0606
23CS0607,Ishan Jain,Male,B.Tech CSE,3rd Year,7.99,24,92,94,12,Samar Jain,Meera Jain,Marathi,Mumbai,Maharashtra,India,ishan.jain.23cs0607@univ.edu,+91 9366945733,Ishan@0607
24AI0608,Aishwarya Singh,Female,B.Tech AI&DS,2nd Year,5.41,19,67,34,46,Lokesh Singh,Nandini Singh,Malayalam,Kochi,Kerala,India,aishwarya.singh.24ai0608@univ.edu,+91 9734776489,Aishwarya@0608
23AI0609,Shruti Tripathi,Female,B.Tech AI&DS,3rd Year,5.48,21,43,46,52,Sai Tripathi,Sunita Tripathi,Hindi,Noida,Uttar Pradesh,India,shruti.tripathi.23ai0609@univ.edu,+91 9443476209,Shruti@0609
23EC0610,Dev Bose,Male,B.Tech ECE,3rd Year,5.76,19,65,35,45,Rohan Bose,Payal Bose,Hindi,Noida,Uttar Pradesh,India,dev.bose.23ec0610@univ.edu,+91 9905067531,Dev@0610
23EC0611,Rohan Mehta,Male,B.Tech ECE,3rd Year,8.48,24,87,83,15,Lokesh Mehta,Komal Mehta,Hindi,Noida,Uttar Pradesh,India,rohan.mehta.23ec0611@univ.edu,+91 9226632940,Rohan@0611
23CS0612,Ishan Bose,Male,B.Tech CSE,3rd Year,6.71,23,69,73,31,Arjun Bose,Ananya Bose,Hindi,Delhi,Delhi NCR,India,ishan.bose.23cs0612@univ.edu,+91 9742821285,Ishan@0612
23EC0613,Ishan Saxena,Male,B.Tech ECE,3rd Year,4.53,18,46,33,57,Suraj Saxena,Harini Saxena,Hindi,Patna,Bihar,India,ishan.saxena.23ec0613@univ.edu,+91 9747359140,Ishan@0613
24AI0614,Sneha Menon,Female,B.Tech AI&DS,2nd Year,8.18,24,96,87,11,Manish Menon,Nandini Menon,Bengali,Kolkata,West Bengal,India,sneha.menon.24ai0614@univ.edu,+91 9826481789,Sneha@0614
24CS0615,Yash Jain,Male,B.Tech CSE,2nd Year,7.84,24,94,92,12,Varun Jain,Komal Jain,Kannada,Mysuru,Karnataka,India,yash.jain.24cs0615@univ.edu,+91 9628381921,Yash@0615
24AI0616,Ankit Sinha,Male,B.Tech AI&DS,2nd Year,9.76,24,92,93,6,Aarav Sinha,Deepika Sinha,Malayalam,Thiruvananthapuram,Kerala,India,ankit.sinha.24ai0616@univ.edu,+91 9791431808,Ankit@0616
23CS0617,Sunita Chatterjee,Female,B.Tech CSE,3rd Year,9.67,24,98,93,4,Kunal Chatterjee,Payal Chatterjee,Marathi,Pune,Maharashtra,India,sunita.chatterjee.23cs0617@univ.edu,+91 9249006937,Sunita@0617
23AI0618,Ankita Patel,Female,B.Tech AI&DS,3rd Year,9.58,24,92,81,9,Rahul Patel,Samyuktha Patel,Hindi,Delhi,Delhi NCR,India,ankita.patel.23ai0618@univ.edu,+91 9531275428,Ankita@0618
24AI0619,Pallavi Shah,Female,B.Tech AI&DS,2nd Year,8.26,24,93,85,13,Ankit Shah,Swati Shah,Kannada,Mysuru,Karnataka,India,pallavi.shah.24ai0619@univ.edu,+91 9630993734,Pallavi@0619
24AI0620,Bhavana Naidu,Female,B.Tech AI&DS,2nd Year,9.39,24,90,83,10,Akash Naidu,Simran Naidu,Malayalam,Kochi,Kerala,India,bhavana.naidu.24ai0620@univ.edu,+91 9667698175,Bhavana@0620
24IT0621,Rohan Malhotra,Male,B.Tech IT,2nd Year,9.69,24,92,93,6,Gautam Malhotra,Soundarya Malhotra,Tamil,Chennai,Tamil Nadu,India,rohan.malhotra.24it0621@univ.edu,+91 9326043743,Rohan@0621
23CS0622,Tanmay Verma,Male,B.Tech CSE,3rd Year,6.54,23,77,60,31,Rakesh Verma,Tanvi Verma,Tamil,Madurai,Tamil Nadu,India,tanmay.verma.23cs0622@univ.edu,+91 9462375205,Tanmay@0622
24EE0623,Siddharth Iyer,Male,B.Tech EEE,2nd Year,9.34,24,80,95,12,Gopi Iyer,Bhavana Iyer,Gujarati,Surat,Gujarat,India,siddharth.iyer.24ee0623@univ.edu,+91 9287216523,Siddharth@0623
22CS0624,Payal Naidu,Female,B.Tech CSE,4th Year,9.75,24,82,97,9,Prakash Naidu,Vaishnavi Naidu,Telugu,Visakhapatnam,Andhra Pradesh,India,payal.naidu.22cs0624@univ.edu,+91 9654612980,Payal@0624
22CS0625,Deepika Yadav,Female,B.Tech CSE,4th Year,8.11,24,90,87,14,Gautam Yadav,Shreya Yadav,Telugu,Warangal,Telangana,India,deepika.yadav.22cs0625@univ.edu,+91 9760384622,Deepika@0625
24CS0626,Mayank Saxena,Male,B.Tech CSE,2nd Year,9.5,24,82,92,11,Vishal Saxena,Bhavana Saxena,Bengali,Kolkata,West Bengal,India,mayank.saxena.24cs0626@univ.edu,+91 9446407987,Mayank@0626
23AI0627,Ananya Kulkarni,Female,B.Tech AI&DS,3rd Year,5.86,20,53,43,48,Mayank Kulkarni,Tanvi Kulkarni,Malayalam,Kochi,Kerala,India,ananya.kulkarni.23ai0627@univ.edu,+91 9675856484,Ananya@0627
24AI0628,Ishita Tripathi,Female,B.Tech AI&DS,2nd Year,9.7,24,93,94,5,Harish Tripathi,Simran Tripathi,Kannada,Bengaluru,Karnataka,India,ishita.tripathi.24ai0628@univ.edu,+91 9853203137,Ishita@0628
24IT0629,Sneha Shah,Female,B.Tech IT,2nd Year,5.26,19,52,54,47,Nikhil Shah,Divya Shah,Hindi,Patna,Bihar,India,sneha.shah.24it0629@univ.edu,+91 9466081562,Sneha@0629
24EE0630,Aditya Singh,Male,B.Tech EEE,2nd Year,9.55,24,96,88,6,Nikhil Singh,Keerthi Singh,Bengali,Kolkata,West Bengal,India,aditya.singh.24ee0630@univ.edu,+91 9976279198,Aditya@0630
24EE0631,Srikanth Tripathi,Male,B.Tech EEE,2nd Year,9.05,24,96,97,6,Suraj Tripathi,Komal Tripathi,Hindi,Patna,Bihar,India,srikanth.tripathi.24ee0631@univ.edu,+91 9700119488,Srikanth@0631
23IT0632,Rakesh Agarwal,Male,B.Tech IT,3rd Year,7.12,23,71,75,28,Aditya Agarwal,Shalini Agarwal,Telugu,Vijayawada,Andhra Pradesh,India,rakesh.agarwal.23it0632@univ.edu,+91 9229495689,Rakesh@0632
23EE0633,Tanmay Banerjee,Male,B.Tech EEE,3rd Year,5.53,19,67,38,44,Gautam Banerjee,Sneha Banerjee,Hindi,Indore,Madhya Pradesh,India,tanmay.banerjee.23ee0633@univ.edu,+91 9893599071,Tanmay@0633
22CS0634,Nandini Pandey,Female,B.Tech CSE,4th Year,8.05,24,90,98,11,Vishal Pandey,Anushka Pandey,Telugu,Visakhapatnam,Andhra Pradesh,India,nandini.pandey.22cs0634@univ.edu,+91 9133949085,Nandini@0634
23AI0635,Dev Reddy,Male,B.Tech AI&DS,3rd Year,9.49,24,96,85,7,Dhruv Reddy,Archana Reddy,Tamil,Coimbatore,Tamil Nadu,India,dev.reddy.23ai0635@univ.edu,+91 9376171636,Dev@0635
24AI0636,Dev Kumar,Male,B.Tech AI&DS,2nd Year,8.71,24,90,82,13,Sanjay Kumar,Ankita Kumar,Telugu,Warangal,Telangana,India,dev.kumar.24ai0636@univ.edu,+91 9764118082,Dev@0636
24CS0637,Ajay Gupta,Male,B.Tech CSE,2nd Year,6.94,23,70,74,29,Karthik Gupta,Megha Gupta,Marathi,Nagpur,Maharashtra,India,ajay.gupta.24cs0637@univ.edu,+91 9631617307,Ajay@0637
23EE0638,Aditi Bose,Female,B.Tech EEE,3rd Year,9.26,24,94,91,7,Harish Bose,Komal Bose,Bengali,Kolkata,West Bengal,India,aditi.bose.23ee0638@univ.edu,+91 9884561220,Aditi@0638
23AI0639,Mayank Kumar,Male,B.Tech AI&DS,3rd Year,5.37,19,48,31,54,Mayank Kumar,Ankita Kumar,Kannada,Bengaluru,Karnataka,India,mayank.kumar.23ai0639@univ.edu,+91 9600250339,Mayank@0639
24AI0640,Hemanth Naidu,Male,B.Tech AI&DS,2nd Year,6.68,23,77,69,29,Vishal Naidu,Archana Naidu,Telugu,Warangal,Telangana,India,hemanth.naidu.24ai0640@univ.edu,+91 9402073105,Hemanth@0640
24IT0641,Kunal Patel,Male,B.Tech IT,2nd Year,9.58,24,88,84,10,Ajay Patel,Priya Patel,Hindi,Noida,Uttar Pradesh,India,kunal.patel.24it0641@univ.edu,+91 9196577569,Kunal@0641
22CS0642,Ritika Reddy,Female,B.Tech CSE,4th Year,8.42,24,97,92,9,Rahul Reddy,Pooja Reddy,Marathi,Mumbai,Maharashtra,India,ritika.reddy.22cs0642@univ.edu,+91 9966676114,Ritika@0642
24EE0643,Akash Malhotra,Male,B.Tech EEE,2nd Year,9.13,24,93,82,10,Karthik Malhotra,Payal Malhotra,Hindi,Indore,Madhya Pradesh,India,akash.malhotra.24ee0643@univ.edu,+91 9930231454,Akash@0643
23EE0644,Kavya Roy,Female,B.Tech EEE,3rd Year,7.65,24,69,72,28,Siddharth Roy,Aditi Roy,Marathi,Pune,Maharashtra,India,kavya.roy.23ee0644@univ.edu,+91 9297829240,Kavya@0644
23EE0645,Tanvi Patel,Female,B.Tech EEE,3rd Year,5.53,18,61,54,43,Hemanth Patel,Sunita Patel,Hindi,Delhi,Delhi NCR,India,tanvi.patel.23ee0645@univ.edu,+91 9612295241,Tanvi@0645
24CS0646,Yash Pandey,Male,B.Tech CSE,2nd Year,9.37,24,87,85,11,Shreyas Pandey,Meera Pandey,Odia,Bhubaneswar,Odisha,India,yash.pandey.24cs0646@univ.edu,+91 9890873441,Yash@0646
22CS0647,Rashmi Shah,Female,B.Tech CSE,4th Year,9.52,24,94,78,10,Sanjay Shah,Aditi Shah,Hindi,Lucknow,Uttar Pradesh,India,rashmi.shah.22cs0647@univ.edu,+91 9365025573,Rashmi@0647
23EE0648,Ajay Patel,Male,B.Tech EEE,3rd Year,5.53,19,45,39,53,Gopi Patel,Kavya Patel,Marathi,Pune,Maharashtra,India,ajay.patel.23ee0648@univ.edu,+91 9196139268,Ajay@0648
23EC0649,Rohan Singh,Male,B.Tech ECE,3rd Year,8.16,24,89,79,16,Gautam Singh,Priya Singh,Odia,Bhubaneswar,Odisha,India,rohan.singh.23ec0649@univ.edu,+91 9320001194,Rohan@0649
23AI0650,Sanjay Singh,Male,B.Tech AI&DS,3rd Year,5.93,19,49,48,48,Akash Singh,Shreya Singh,Tamil,Madurai,Tamil Nadu,India,sanjay.singh.23ai0650@univ.edu,+91 9529332643,Sanjay@0650
23CS0651,Mayank Chauhan,Male,B.Tech CSE,3rd Year,8.77,24,81,91,14,Sanjay Chauhan,Vaishnavi Chauhan,Telugu,Visakhapatnam,Andhra Pradesh,India,mayank.chauhan.23cs0651@univ.edu,+91 9680259788,Mayank@0651
24EE0652,Arjun Das,Male,B.Tech EEE,2nd Year,7.04,22,75,74,27,Tanmay Das,Rhea Das,Tamil,Coimbatore,Tamil Nadu,India,arjun.das.24ee0652@univ.edu,+91 9840612700,Arjun@0652
24IT0653,Preethi Dubey,Female,B.Tech IT,2nd Year,9.43,24,79,97,11,Harish Dubey,Sunita Dubey,Hindi,Delhi,Delhi NCR,India,preethi.dubey.24it0653@univ.edu,+91 9310579235,Preethi@0653
23CS0654,Tanvi Reddy,Female,B.Tech CSE,3rd Year,9.8,24,91,98,5,Ishan Reddy,Anushka Reddy,Tamil,Madurai,Tamil Nadu,India,tanvi.reddy.23cs0654@univ.edu,+91 9228443009,Tanvi@0654
24CS0655,Payal Chatterjee,Female,B.Tech CSE,2nd Year,5.25,19,44,33,56,Shreyas Chatterjee,Archana Chatterjee,Punjabi,Chandigarh,Punjab,India,payal.chatterjee.24cs0655@univ.edu,+91 9778542046,Payal@0655
23IT0656,Samyuktha Jain,Female,B.Tech IT,3rd Year,8.35,24,93,88,12,Deepak Jain,Anushka Jain,Odia,Bhubaneswar,Odisha,India,samyuktha.jain.23it0656@univ.edu,+91 9366822211,Samyuktha@0656
22CS0657,Ishan Hegde,Male,B.Tech CSE,4th Year,9.15,24,79,91,14,Aarav Hegde,Soundarya Hegde,Kannada,Bengaluru,Karnataka,India,ishan.hegde.22cs0657@univ.edu,+91 9596775664,Ishan@0657
24EE0658,Ritika Agarwal,Female,B.Tech EEE,2nd Year,6.05,18,68,44,41,Rahul Agarwal,Shalini Agarwal,Bengali,Kolkata,West Bengal,India,ritika.agarwal.24ee0658@univ.edu,+91 9379025201,Ritika@0658
23EC0659,Ritu Naidu,Female,B.Tech ECE,3rd Year,8.69,24,85,85,14,Aarav Naidu,Shreya Naidu,Kannada,Mysuru,Karnataka,India,ritu.naidu.23ec0659@univ.edu,+91 9797945277,Ritu@0659
24IT0660,Srikanth Shetty,Male,B.Tech IT,2nd Year,7.66,23,76,59,28,Tarun Shetty,Aishwarya Shetty,Hindi,Lucknow,Uttar Pradesh,India,srikanth.shetty.24it0660@univ.edu,+91 9529180636,Srikanth@0660
24CS0661,Soundarya Menon,Female,B.Tech CSE,2nd Year,8.8,24,97,83,10,Suraj Menon,Shreya Menon,Bengali,Kolkata,West Bengal,India,soundarya.menon.24cs0661@univ.edu,+91 9592474835,Soundarya@0661
24EE0662,Dev Naidu,Male,B.Tech EEE,2nd Year,8.32,24,83,96,14,Dhruv Naidu,Rhea Naidu,Telugu,Vijayawada,Andhra Pradesh,India,dev.naidu.24ee0662@univ.edu,+91 9918563539,Dev@0662
24IT0663,Nikhil Das,Male,B.Tech IT,2nd Year,7.56,23,77,58,28,Shreyas Das,Pavitra Das,Hindi,Patna,Bihar,India,nikhil.das.24it0663@univ.edu,+91 9688232308,Nikhil@0663
23AI0664,Priya Bhat,Female,B.Tech AI&DS,3rd Year,8.83,24,90,79,13,Hemanth Bhat,Ankita Bhat,Tamil,Madurai,Tamil Nadu,India,priya.bhat.23ai0664@univ.edu,+91 9948975640,Priya@0664
23AI0665,Priya Das,Female,B.Tech AI&DS,3rd Year,7.56,24,70,58,31,Aarav Das,Aditi Das,Malayalam,Thiruvananthapuram,Kerala,India,priya.das.23ai0665@univ.edu,+91 9242266216,Priya@0665
24IT0666,Nandini Rao,Female,B.Tech IT,2nd Year,4.68,21,62,45,48,Deepak Rao,Harini Rao,Kannada,Mysuru,Karnataka,India,nandini.rao.24it0666@univ.edu,+91 9867646831,Nandini@0666
24IT0667,Deepak Bose,Male,B.Tech IT,2nd Year,8.84,24,89,85,12,Manish Bose,Bhavana Bose,Gujarati,Surat,Gujarat,India,deepak.bose.24it0667@univ.edu,+91 9078287411,Deepak@0667
22CS0668,Pavitra Shah,Female,B.Tech CSE,4th Year,6.24,20,43,42,50,Dhruv Shah,Shreya Shah,Gujarati,Ahmedabad,Gujarat,India,pavitra.shah.22cs0668@univ.edu,+91 9955720128,Pavitra@0668
23CS0669,Divya Kumar,Female,B.Tech CSE,3rd Year,8.0,24,81,79,20,Tarun Kumar,Pavitra Kumar,Telugu,Visakhapatnam,Andhra Pradesh,India,divya.kumar.23cs0669@univ.edu,+91 9600498762,Divya@0669
22CS0670,Akash Agarwal,Male,B.Tech CSE,4th Year,7.82,24,98,90,11,Ajay Agarwal,Aishwarya Agarwal,Hindi,Indore,Madhya Pradesh,India,akash.agarwal.22cs0670@univ.edu,+91 9498440715,Akash@0670
23CS0671,Pavitra Roy,Female,B.Tech CSE,3rd Year,8.18,24,97,81,12,Arjun Roy,Vaishnavi Roy,Bengali,Kolkata,West Bengal,India,pavitra.roy.23cs0671@univ.edu,+91 9013194760,Pavitra@0671
24IT0672,Divya Ghosh,Female,B.Tech IT,2nd Year,7.37,22,76,72,26,Mayank Ghosh,Anushka Ghosh,Bengali,Kolkata,West Bengal,India,divya.ghosh.24it0672@univ.edu,+91 9261082984,Divya@0672
23IT0673,Aditya Verma,Male,B.Tech IT,3rd Year,8.42,24,90,95,11,Harish Verma,Payal Verma,Hindi,Noida,Uttar Pradesh,India,aditya.verma.23it0673@univ.edu,+91 9832682132,Aditya@0673
23EE0674,Yash Banerjee,Male,B.Tech EEE,3rd Year,7.91,24,83,94,16,Vishal Banerjee,Ananya Banerjee,Malayalam,Kochi,Kerala,India,yash.banerjee.23ee0674@univ.edu,+91 9879591893,Yash@0674
24EC0675,Priya Jain,Female,B.Tech ECE,2nd Year,7.33,24,76,72,26,Abhishek Jain,Divya Jain,Tamil,Chennai,Tamil Nadu,India,priya.jain.24ec0675@univ.edu,+91 9743473702,Priya@0675
23EC0676,Dhruv Sinha,Male,B.Tech ECE,3rd Year,6.23,19,67,45,40,Deepak Sinha,Tanvi Sinha,Marathi,Nagpur,Maharashtra,India,dhruv.sinha.23ec0676@univ.edu,+91 9987792653,Dhruv@0676
24AI0677,Siddharth Deshmukh,Male,B.Tech AI&DS,2nd Year,8.21,24,91,83,14,Yash Deshmukh,Bhavana Deshmukh,Tamil,Coimbatore,Tamil Nadu,India,siddharth.deshmukh.24ai0677@univ.edu,+91 9887001282,Siddharth@0677
23CS0678,Preethi Reddy,Female,B.Tech CSE,3rd Year,6.73,23,76,76,27,Tanmay Reddy,Shreya Reddy,Telugu,Hyderabad,Telangana,India,preethi.reddy.23cs0678@univ.edu,+91 9047142443,Preethi@0678
24EC0679,Swati Joshi,Female,B.Tech ECE,2nd Year,6.8,22,77,64,29,Gopi Joshi,Meera Joshi,Tamil,Coimbatore,Tamil Nadu,India,swati.joshi.24ec0679@univ.edu,+91 9189061692,Swati@0679
23IT0680,Deepika Patel,Female,B.Tech IT,3rd Year,8.71,24,88,89,12,Hemanth Patel,Bhavana Patel,Bengali,Kolkata,West Bengal,India,deepika.patel.23it0680@univ.edu,+91 9869180872,Deepika@0680
23EE0681,Gautam Tripathi,Male,B.Tech EEE,3rd Year,7.45,24,71,64,30,Rahul Tripathi,Shreya Tripathi,Hindi,Patna,Bihar,India,gautam.tripathi.23ee0681@univ.edu,+91 9406084357,Gautam@0681
24AI0682,Lavanya Naidu,Female,B.Tech AI&DS,2nd Year,6.85,23,77,62,30,Samar Naidu,Rashmi Naidu,Telugu,Visakhapatnam,Andhra Pradesh,India,lavanya.naidu.24ai0682@univ.edu,+91 9265398542,Lavanya@0682
23EE0683,Srikanth Kumar,Male,B.Tech EEE,3rd Year,7.93,24,98,94,10,Rohan Kumar,Megha Kumar,Tamil,Chennai,Tamil Nadu,India,srikanth.kumar.23ee0683@univ.edu,+91 9416736210,Srikanth@0683
23AI0684,Payal Pillai,Female,B.Tech AI&DS,3rd Year,9.23,24,94,93,7,Sanjay Pillai,Preethi Pillai,Kannada,Mysuru,Karnataka,India,payal.pillai.23ai0684@univ.edu,+91 9508693948,Payal@0684
24CS0685,Suraj Ghosh,Male,B.Tech CSE,2nd Year,8.24,24,91,91,12,Abhishek Ghosh,Komal Ghosh,Tamil,Coimbatore,Tamil Nadu,India,suraj.ghosh.24cs0685@univ.edu,+91 9954243944,Suraj@0685
24EC0686,Gautam Pillai,Male,B.Tech ECE,2nd Year,8.26,24,90,79,15,Rohan Pillai,Keerthi Pillai,Kannada,Bengaluru,Karnataka,India,gautam.pillai.24ec0686@univ.edu,+91 9499561727,Gautam@0686
23AI0687,Deepak Jain,Male,B.Tech AI&DS,3rd Year,8.35,24,89,78,16,Ajay Jain,Preethi Jain,Marathi,Nagpur,Maharashtra,India,deepak.jain.23ai0687@univ.edu,+91 9192807232,Deepak@0687
24EC0688,Gopi Rao,Male,B.Tech ECE,2nd Year,9.37,24,81,85,14,Mayank Rao,Payal Rao,Malayalam,Kochi,Kerala,India,gopi.rao.24ec0688@univ.edu,+91 9105665981,Gopi@0688
24EE0689,Vishal Sharma,Male,B.Tech EEE,2nd Year,6.73,24,73,62,32,Abhishek Sharma,Bhavana Sharma,Malayalam,Thiruvananthapuram,Kerala,India,vishal.sharma.24ee0689@univ.edu,+91 9794376757,Vishal@0689
23EC0690,Gopi Reddy,Male,B.Tech ECE,3rd Year,8.74,24,79,94,14,Suraj Reddy,Aditi Reddy,Marathi,Mumbai,Maharashtra,India,gopi.reddy.23ec0690@univ.edu,+91 9817289898,Gopi@0690
24IT0691,Aditi Deshmukh,Female,B.Tech IT,2nd Year,9.32,24,96,92,6,Siddharth Deshmukh,Ankita Deshmukh,Gujarati,Surat,Gujarat,India,aditi.deshmukh.24it0691@univ.edu,+91 9365780431,Aditi@0691
23AI0692,Lavanya Joshi,Female,B.Tech AI&DS,3rd Year,8.55,24,79,96,14,Prakash Joshi,Komal Joshi,Tamil,Chennai,Tamil Nadu,India,lavanya.joshi.23ai0692@univ.edu,+91 9938182144,Lavanya@0692
23EC0693,Aarav Saxena,Male,B.Tech ECE,3rd Year,9.33,24,91,95,7,Ajay Saxena,Nandini Saxena,Tamil,Coimbatore,Tamil Nadu,India,aarav.saxena.23ec0693@univ.edu,+91 9321733001,Aarav@0693
24CS0694,Arjun Sinha,Male,B.Tech CSE,2nd Year,9.63,24,98,96,3,Deepak Sinha,Archana Sinha,Kannada,Bengaluru,Karnataka,India,arjun.sinha.24cs0694@univ.edu,+91 9930874844,Arjun@0694
24AI0695,Akash Menon,Male,B.Tech AI&DS,2nd Year,8.94,24,89,92,10,Akash Menon,Swati Menon,Hindi,Delhi,Delhi NCR,India,akash.menon.24ai0695@univ.edu,+91 9686124569,Akash@0695
22CS0696,Kavya Chowdary,Female,B.Tech CSE,4th Year,8.78,24,98,83,9,Naveen Chowdary,Pooja Chowdary,Hindi,Delhi,Delhi NCR,India,kavya.chowdary.22cs0696@univ.edu,+91 9213673270,Kavya@0696
24IT0697,Akash Chatterjee,Male,B.Tech IT,2nd Year,8.84,24,90,83,12,Nikhil Chatterjee,Divya Chatterjee,Malayalam,Kochi,Kerala,India,akash.chatterjee.24it0697@univ.edu,+91 9350868832,Akash@0697
24IT0698,Simran Agarwal,Female,B.Tech IT,2nd Year,8.58,24,81,84,17,Shreyas Agarwal,Simran Agarwal,Kannada,Bengaluru,Karnataka,India,simran.agarwal.24it0698@univ.edu,+91 9139513727,Simran@0698
24AI0699,Harini Jain,Female,B.Tech AI&DS,2nd Year,9.23,24,95,92,7,Dev Jain,Harini Jain,Hindi,Lucknow,Uttar Pradesh,India,harini.jain.24ai0699@univ.edu,+91 9295752497,Harini@0699
23CS0700,Varun Shah,Male,B.Tech CSE,3rd Year,7.56,23,78,72,24,Manish Shah,Ankita Shah,Hindi,Lucknow,Uttar Pradesh,India,varun.shah.23cs0700@univ.edu,+91 9618617836,Varun@0700
23AI0701,Rohan Chatterjee,Male,B.Tech AI&DS,3rd Year,8.63,24,84,83,15,Tarun Chatterjee,Aditi Chatterjee,Hindi,Patna,Bihar,India,rohan.chatterjee.23ai0701@univ.edu,+91 9966329654,Rohan@0701
24AI0702,Nandini Kapoor,Female,B.Tech AI&DS,2nd Year,6.79,23,69,63,33,Dev Kapoor,Deepika Kapoor,Hindi,Patna,Bihar,India,nandini.kapoor.24ai0702@univ.edu,+91 9947637108,Nandini@0702
23IT0703,Keerthi Rao,Female,B.Tech IT,3rd Year,9.31,24,81,94,12,Tanmay Rao,Shreya Rao,Marathi,Nagpur,Maharashtra,India,keerthi.rao.23it0703@univ.edu,+91 9823065067,Keerthi@0703
23IT0704,Simran Shah,Female,B.Tech IT,3rd Year,9.08,24,81,92,13,Mayank Shah,Pooja Shah,Tamil,Chennai,Tamil Nadu,India,simran.shah.23it0704@univ.edu,+91 9409262673,Simran@0704
24AI0705,Suraj Joshi,Male,B.Tech AI&DS,2nd Year,8.45,24,83,92,14,Gopi Joshi,Shreya Joshi,Telugu,Hyderabad,Telangana,India,suraj.joshi.24ai0705@univ.edu,+91 9520506264,Suraj@0705
23IT0706,Rohan Yadav,Male,B.Tech IT,3rd Year,9.48,24,84,97,9,Yash Yadav,Samyuktha Yadav,Kannada,Bengaluru,Karnataka,India,rohan.yadav.23it0706@univ.edu,+91 9107927292,Rohan@0706
24AI0707,Hemanth Dubey,Male,B.Tech AI&DS,2nd Year,6.71,24,74,59,32,Aarav Dubey,Samyuktha Dubey,Telugu,Vijayawada,Andhra Pradesh,India,hemanth.dubey.24ai0707@univ.edu,+91 9571551491,Hemanth@0707
23CS0708,Sai Tripathi,Male,B.Tech CSE,3rd Year,4.59,19,42,42,57,Tarun Tripathi,Komal Tripathi,Hindi,Patna,Bihar,India,sai.tripathi.23cs0708@univ.edu,+91 9997313476,Sai@0708
24CS0709,Manish Joshi,Male,B.Tech CSE,2nd Year,7.32,22,72,60,31,Arjun Joshi,Ananya Joshi,Marathi,Nagpur,Maharashtra,India,manish.joshi.24cs0709@univ.edu,+91 9947347447,Manish@0709
23CS0710,Gautam Chowdary,Male,B.Tech CSE,3rd Year,7.25,23,72,75,27,Vikram Chowdary,Lavanya Chowdary,Hindi,Jaipur,Rajasthan,India,gautam.chowdary.23cs0710@univ.edu,+91 9459432973,Gautam@0710
23EC0711,Pranav Nair,Male,B.Tech ECE,3rd Year,8.58,24,79,92,15,Aarav Nair,Aditi Nair,Kannada,Mysuru,Karnataka,India,pranav.nair.23ec0711@univ.edu,+91 9236326489,Pranav@0711
24EC0712,Srikanth Roy,Male,B.Tech ECE,2nd Year,7.1,24,78,61,29,Pranav Roy,Simran Roy,Telugu,Vijayawada,Andhra Pradesh,India,srikanth.roy.24ec0712@univ.edu,+91 9575720531,Srikanth@0712
24EC0713,Archana Chowdary,Female,B.Tech ECE,2nd Year,8.46,24,83,98,13,Sanjay Chowdary,Ritu Chowdary,Hindi,Lucknow,Uttar Pradesh,India,archana.chowdary.24ec0713@univ.edu,+91 9817886628,Archana@0713
23CS0714,Lavanya Malhotra,Female,B.Tech CSE,3rd Year,9.08,24,95,85,9,Ishan Malhotra,Rashmi Malhotra,Telugu,Hyderabad,Telangana,India,lavanya.malhotra.23cs0714@univ.edu,+91 9540543154,Lavanya@0714
22CS0715,Ananya Deshmukh,Female,B.Tech CSE,4th Year,7.41,22,75,60,29,Hemanth Deshmukh,Harini Deshmukh,Hindi,Indore,Madhya Pradesh,India,ananya.deshmukh.22cs0715@univ.edu,+91 9147699074,Ananya@0715
23IT0716,Ankit Joshi,Male,B.Tech IT,3rd Year,9.78,24,98,92,4,Aditya Joshi,Shruti Joshi,Tamil,Chennai,Tamil Nadu,India,ankit.joshi.23it0716@univ.edu,+91 9793769688,Ankit@0716
24EC0717,Rhea Das,Female,B.Tech ECE,2nd Year,9.49,24,86,88,10,Ajay Das,Keerthi Das,Hindi,Jaipur,Rajasthan,India,rhea.das.24ec0717@univ.edu,+91 9368001834,Rhea@0717
24IT0718,Shreyas Verma,Male,B.Tech IT,2nd Year,7.26,23,76,60,29,Akash Verma,Ankita Verma,Hindi,Lucknow,Uttar Pradesh,India,shreyas.verma.24it0718@univ.edu,+91 9075145733,Shreyas@0718
24IT0719,Priya Singh,Female,B.Tech IT,2nd Year,8.27,24,85,80,17,Naveen Singh,Rashmi Singh,Telugu,Vijayawada,Andhra Pradesh,India,priya.singh.24it0719@univ.edu,+91 9457671519,Priya@0719
24IT0720,Harini Chowdary,Female,B.Tech IT,2nd Year,7.19,23,73,64,30,Naveen Chowdary,Soundarya Chowdary,Marathi,Nagpur,Maharashtra,India,harini.chowdary.24it0720@univ.edu,+91 9926022356,Harini@0720
23AI0721,Kavya Pillai,Female,B.Tech AI&DS,3rd Year,9.27,24,98,82,8,Yash Pillai,Komal Pillai,Kannada,Mysuru,Karnataka,India,kavya.pillai.23ai0721@univ.edu,+91 9880042882,Kavya@0721
23AI0722,Megha Patel,Female,B.Tech AI&DS,3rd Year,9.25,24,96,86,8,Tarun Patel,Soundarya Patel,Telugu,Vijayawada,Andhra Pradesh,India,megha.patel.23ai0722@univ.edu,+91 9408505332,Megha@0722
23AI0723,Lokesh Chatterjee,Male,B.Tech AI&DS,3rd Year,8.11,24,85,84,17,Deepak Chatterjee,Rhea Chatterjee,Telugu,Vijayawada,Andhra Pradesh,India,lokesh.chatterjee.23ai0723@univ.edu,+91 9004488833,Lokesh@0723
23AI0724,Mayank Pillai,Male,B.Tech AI&DS,3rd Year,7.27,22,73,76,26,Suraj Pillai,Preethi Pillai,Marathi,Nagpur,Maharashtra,India,mayank.pillai.23ai0724@univ.edu,+91 9438932325,Mayank@0724
24EE0725,Shreya Chauhan,Female,B.Tech EEE,2nd Year,8.82,24,90,93,10,Harish Chauhan,Anushka Chauhan,Tamil,Chennai,Tamil Nadu,India,shreya.chauhan.24ee0725@univ.edu,+91 9681804304,Shreya@0725
24AI0726,Priya Chauhan,Female,B.Tech AI&DS,2nd Year,9.06,24,90,78,13,Yash Chauhan,Pooja Chauhan,Tamil,Coimbatore,Tamil Nadu,India,priya.chauhan.24ai0726@univ.edu,+91 9748904238,Priya@0726
23EE0727,Ishita Bose,Female,B.Tech EEE,3rd Year,7.64,22,78,63,26,Varun Bose,Anushka Bose,Odia,Bhubaneswar,Odisha,India,ishita.bose.23ee0727@univ.edu,+91 9125338571,Ishita@0727
24EE0728,Ritu Agarwal,Female,B.Tech EEE,2nd Year,6.8,24,75,67,29,Abhishek Agarwal,Nandini Agarwal,Hindi,Jaipur,Rajasthan,India,ritu.agarwal.24ee0728@univ.edu,+91 9572520551,Ritu@0728
23EC0729,Ritu Ghosh,Female,B.Tech ECE,3rd Year,9.43,24,90,86,9,Rohan Ghosh,Deepika Ghosh,Hindi,Indore,Madhya Pradesh,India,ritu.ghosh.23ec0729@univ.edu,+91 9803942799,Ritu@0729
24CS0730,Suraj Banerjee,Male,B.Tech CSE,2nd Year,5.29,20,64,43,45,Aarav Banerjee,Deepika Banerjee,Gujarati,Surat,Gujarat,India,suraj.banerjee.24cs0730@univ.edu,+91 9787098105,Suraj@0730
24IT0731,Naveen Pillai,Male,B.Tech IT,2nd Year,8.7,24,82,84,16,Kunal Pillai,Meera Pillai,Tamil,Chennai,Tamil Nadu,India,naveen.pillai.24it0731@univ.edu,+91 9199327335,Naveen@0731
23EC0732,Naveen Joshi,Male,B.Tech ECE,3rd Year,7.96,24,84,80,19,Samar Joshi,Deepika Joshi,Gujarati,Ahmedabad,Gujarat,India,naveen.joshi.23ec0732@univ.edu,+91 9405582930,Naveen@0732
22CS0733,Rahul Hegde,Male,B.Tech CSE,4th Year,7.82,24,82,86,18,Yash Hegde,Ritika Hegde,Tamil,Coimbatore,Tamil Nadu,India,rahul.hegde.22cs0733@univ.edu,+91 9807237702,Rahul@0733
24CS0734,Rashmi Sharma,Female,B.Tech CSE,2nd Year,9.66,24,87,93,8,Aarav Sharma,Ritu Sharma,Hindi,Jaipur,Rajasthan,India,rashmi.sharma.24cs0734@univ.edu,+91 9812727686,Rashmi@0734
23EC0735,Harish Hegde,Male,B.Tech ECE,3rd Year,9.02,24,91,89,10,Manish Hegde,Preethi Hegde,Malayalam,Thiruvananthapuram,Kerala,India,harish.hegde.23ec0735@univ.edu,+91 9937459758,Harish@0735
23AI0736,Vikram Reddy,Male,B.Tech AI&DS,3rd Year,8.36,24,95,85,11,Karthik Reddy,Sneha Reddy,Punjabi,Chandigarh,Punjab,India,vikram.reddy.23ai0736@univ.edu,+91 9395598590,Vikram@0736
24AI0737,Yash Pandey,Male,B.Tech AI&DS,2nd Year,9.74,24,80,88,12,Sanjay Pandey,Sneha Pandey,Telugu,Hyderabad,Telangana,India,yash.pandey.24ai0737@univ.edu,+91 9727921175,Yash@0737
24AI0738,Ishan Saxena,Male,B.Tech AI&DS,2nd Year,9.27,24,82,87,13,Harish Saxena,Megha Saxena,Marathi,Mumbai,Maharashtra,India,ishan.saxena.24ai0738@univ.edu,+91 9651947912,Ishan@0738
24EE0739,Varun Tripathi,Male,B.Tech EEE,2nd Year,7.68,22,77,72,24,Kunal Tripathi,Kavya Tripathi,Kannada,Bengaluru,Karnataka,India,varun.tripathi.24ee0739@univ.edu,+91 9962511379,Varun@0739
24EE0740,Hemanth Malhotra,Male,B.Tech EEE,2nd Year,8.01,24,81,78,20,Pranav Malhotra,Tanvi Malhotra,Tamil,Coimbatore,Tamil Nadu,India,hemanth.malhotra.24ee0740@univ.edu,+91 9172051317,Hemanth@0740
24EC0741,Lavanya Chauhan,Female,B.Tech ECE,2nd Year,9.13,24,82,95,11,Gopi Chauhan,Megha Chauhan,Punjabi,Chandigarh,Punjab,India,lavanya.chauhan.24ec0741@univ.edu,+91 9680267188,Lavanya@0741
24IT0742,Kavya Hegde,Female,B.Tech IT,2nd Year,9.11,24,91,95,8,Deepak Hegde,Ritu Hegde,Bengali,Kolkata,West Bengal,India,kavya.hegde.24it0742@univ.edu,+91 9919274413,Kavya@0742
24EC0743,Siddharth Deshmukh,Male,B.Tech ECE,2nd Year,5.63,18,65,36,45,Rohan Deshmukh,Shreya Deshmukh,Malayalam,Kochi,Kerala,India,siddharth.deshmukh.24ec0743@univ.edu,+91 9615081202,Siddharth@0743
24EE0744,Sanjay Chauhan,Male,B.Tech EEE,2nd Year,9.76,24,91,88,7,Sai Chauhan,Rashmi Chauhan,Malayalam,Kochi,Kerala,India,sanjay.chauhan.24ee0744@univ.edu,+91 9828156566,Sanjay@0744
24EE0745,Karthik Tripathi,Male,B.Tech EEE,2nd Year,8.43,24,93,87,12,Suraj Tripathi,Ananya Tripathi,Telugu,Warangal,Telangana,India,karthik.tripathi.24ee0745@univ.edu,+91 9898954542,Karthik@0745
23EE0746,Lokesh Singh,Male,B.Tech EEE,3rd Year,7.69,23,77,61,27,Aditya Singh,Soundarya Singh,Kannada,Bengaluru,Karnataka,India,lokesh.singh.23ee0746@univ.edu,+91 9910177938,Lokesh@0746
23AI0747,Megha Menon,Female,B.Tech AI&DS,3rd Year,8.11,24,89,84,15,Akash Menon,Priya Menon,Hindi,Patna,Bihar,India,megha.menon.23ai0747@univ.edu,+91 9910608173,Megha@0747
23IT0748,Aishwarya Verma,Female,B.Tech IT,3rd Year,9.78,24,84,95,8,Suraj Verma,Harini Verma,Punjabi,Chandigarh,Punjab,India,aishwarya.verma.23it0748@univ.edu,+91 9421213424,Aishwarya@0748
23AI0749,Yash Shetty,Male,B.Tech AI&DS,3rd Year,7.34,23,72,75,27,Nikhil Shetty,Keerthi Shetty,Telugu,Vijayawada,Andhra Pradesh,India,yash.shetty.23ai0749@univ.edu,+91 9104496093,Yash@0749
23EC0750,Dhruv Verma,Male,B.Tech ECE,3rd Year,6.85,22,76,62,30,Gautam Verma,Archana Verma,Bengali,Kolkata,West Bengal,India,dhruv.verma.23ec0750@univ.edu,+91 9234222252,Dhruv@0750
24EC0751,Swati Reddy,Female,B.Tech ECE,2nd Year,9.16,24,92,83,10,Varun Reddy,Ritu Reddy,Odia,Bhubaneswar,Odisha,India,swati.reddy.24ec0751@univ.edu,+91 9994269189,Swati@0751
24IT0752,Rakesh Malhotra,Male,B.Tech IT,2nd Year,9.05,24,83,90,13,Mayank Malhotra,Bhavana Malhotra,Telugu,Warangal,Telangana,India,rakesh.malhotra.24it0752@univ.edu,+91 9263067825,Rakesh@0752
23AI0753,Manish Agarwal,Male,B.Tech AI&DS,3rd Year,9.35,24,91,80,11,Ishan Agarwal,Meera Agarwal,Hindi,Patna,Bihar,India,manish.agarwal.23ai0753@univ.edu,+91 9835082100,Manish@0753
23AI0754,Akash Das,Male,B.Tech AI&DS,3rd Year,5.72,19,57,46,46,Hemanth Das,Shreya Das,Telugu,Hyderabad,Telangana,India,akash.das.23ai0754@univ.edu,+91 9024724799,Akash@0754
24EC0755,Archana Malhotra,Female,B.Tech ECE,2nd Year,8.4,24,92,82,13,Naveen Malhotra,Ritu Malhotra,Hindi,Noida,Uttar Pradesh,India,archana.malhotra.24ec0755@univ.edu,+91 9106774236,Archana@0755
24AI0756,Shreyas Mishra,Male,B.Tech AI&DS,2nd Year,8.78,24,95,94,8,Tanmay Mishra,Shalini Mishra,Marathi,Pune,Maharashtra,India,shreyas.mishra.24ai0756@univ.edu,+91 9898876461,Shreyas@0756
24CS0757,Shreya Menon,Female,B.Tech CSE,2nd Year,8.05,24,89,82,16,Naveen Menon,Ananya Menon,Hindi,Lucknow,Uttar Pradesh,India,shreya.menon.24cs0757@univ.edu,+91 9617488556,Shreya@0757
23EE0758,Gautam Gupta,Male,B.Tech EEE,3rd Year,8.4,24,95,95,9,Aditya Gupta,Kavya Gupta,Hindi,Indore,Madhya Pradesh,India,gautam.gupta.23ee0758@univ.edu,+91 9184257535,Gautam@0758
24EC0759,Aarav Kulkarni,Male,B.Tech ECE,2nd Year,8.78,24,97,88,8,Ankit Kulkarni,Shalini Kulkarni,Hindi,Jaipur,Rajasthan,India,aarav.kulkarni.24ec0759@univ.edu,+91 9561208623,Aarav@0759
24EE0760,Pallavi Naidu,Female,B.Tech EEE,2nd Year,6.67,22,72,64,32,Vikram Naidu,Pooja Naidu,Hindi,Patna,Bihar,India,pallavi.naidu.24ee0760@univ.edu,+91 9646547614,Pallavi@0760
24EC0761,Rashmi Shetty,Female,B.Tech ECE,2nd Year,5.0,19,50,50,50,Samar Shetty,Nandini Shetty,Punjabi,Chandigarh,Punjab,India,rashmi.shetty.24ec0761@univ.edu,+91 9429560480,Rashmi@0761
24IT0762,Gopi Jain,Male,B.Tech IT,2nd Year,9.11,24,97,94,6,Srikanth Jain,Swati Jain,Telugu,Vijayawada,Andhra Pradesh,India,gopi.jain.24it0762@univ.edu,+91 9649554418,Gopi@0762
23AI0763,Varun Bhat,Male,B.Tech AI&DS,3rd Year,5.51,22,45,51,50,Ishan Bhat,Shruti Bhat,Telugu,Hyderabad,Telangana,India,varun.bhat.23ai0763@univ.edu,+91 9436778058,Varun@0763
23EC0764,Rohan Pillai,Male,B.Tech ECE,3rd Year,6.36,21,54,37,47,Siddharth Pillai,Samyuktha Pillai,Kannada,Bengaluru,Karnataka,India,rohan.pillai.23ec0764@univ.edu,+91 9112745817,Rohan@0764
23EE0765,Shreya Mishra,Female,B.Tech EEE,3rd Year,9.53,24,97,95,4,Kunal Mishra,Deepika Mishra,Hindi,Noida,Uttar Pradesh,India,shreya.mishra.23ee0765@univ.edu,+91 9291041983,Shreya@0765
23EC0766,Priya Chowdary,Female,B.Tech ECE,3rd Year,8.75,24,91,82,12,Rakesh Chowdary,Shalini Chowdary,Kannada,Mysuru,Karnataka,India,priya.chowdary.23ec0766@univ.edu,+91 9278164668,Priya@0766
24IT0767,Mayank Singh,Male,B.Tech IT,2nd Year,5.71,19,65,41,44,Dev Singh,Samyuktha Singh,Marathi,Pune,Maharashtra,India,mayank.singh.24it0767@univ.edu,+91 9728228055,Mayank@0767
23AI0768,Vaishnavi Mishra,Female,B.Tech AI&DS,3rd Year,7.12,23,75,65,29,Mayank Mishra,Keerthi Mishra,Gujarati,Ahmedabad,Gujarat,India,vaishnavi.mishra.23ai0768@univ.edu,+91 9682508147,Vaishnavi@0768
24EC0769,Harini Mehta,Female,B.Tech ECE,2nd Year,8.13,24,81,79,19,Rohan Mehta,Divya Mehta,Bengali,Kolkata,West Bengal,India,harini.mehta.24ec0769@univ.edu,+91 9090822582,Harini@0769
23CS0770,Sunita Saxena,Female,B.Tech CSE,3rd Year,9.17,24,95,95,6,Mayank Saxena,Rhea Saxena,Odia,Bhubaneswar,Odisha,India,sunita.saxena.23cs0770@univ.edu,+91 9749345045,Sunita@0770
24IT0771,Aarav Roy,Male,B.Tech IT,2nd Year,9.79,24,86,94,8,Harish Roy,Shalini Roy,Hindi,Patna,Bihar,India,aarav.roy.24it0771@univ.edu,+91 9734523269,Aarav@0771
24IT0772,Soundarya Shah,Female,B.Tech IT,2nd Year,8.51,24,95,79,12,Rahul Shah,Preethi Shah,Kannada,Mysuru,Karnataka,India,soundarya.shah.24it0772@univ.edu,+91 9453894576,Soundarya@0772
23CS0773,Gautam Pillai,Male,B.Tech CSE,3rd Year,8.38,24,82,93,15,Manish Pillai,Shalini Pillai,Odia,Bhubaneswar,Odisha,India,gautam.pillai.23cs0773@univ.edu,+91 9315191584,Gautam@0773
24AI0774,Aarav Sinha,Male,B.Tech AI&DS,2nd Year,9.5,24,98,79,8,Mayank Sinha,Pooja Sinha,Malayalam,Kochi,Kerala,India,aarav.sinha.24ai0774@univ.edu,+91 9381977286,Aarav@0774
23EC0775,Lokesh Hegde,Male,B.Tech ECE,3rd Year,8.6,24,84,78,17,Aarav Hegde,Pallavi Hegde,Telugu,Warangal,Telangana,India,lokesh.hegde.23ec0775@univ.edu,+91 9108810611,Lokesh@0775
24EE0776,Abhishek Gupta,Male,B.Tech EEE,2nd Year,5.75,21,66,37,44,Hemanth Gupta,Ritika Gupta,Marathi,Nagpur,Maharashtra,India,abhishek.gupta.24ee0776@univ.edu,+91 9424513309,Abhishek@0776
23IT0777,Vishal Jain,Male,B.Tech IT,3rd Year,7.4,23,74,58,30,Prakash Jain,Komal Jain,Telugu,Warangal,Telangana,India,vishal.jain.23it0777@univ.edu,+91 9948732786,Vishal@0777
23IT0778,Swati Iyer,Female,B.Tech IT,3rd Year,9.6,24,89,83,10,Karthik Iyer,Aditi Iyer,Telugu,Visakhapatnam,Andhra Pradesh,India,swati.iyer.23it0778@univ.edu,+91 9715331979,Swati@0778
23CS0779,Yash Das,Male,B.Tech CSE,3rd Year,8.45,24,83,90,15,Tanmay Das,Ritika Das,Gujarati,Surat,Gujarat,India,yash.das.23cs0779@univ.edu,+91 9538866546,Yash@0779
24CS0780,Ritu Kumar,Female,B.Tech CSE,2nd Year,7.42,22,69,65,30,Karthik Kumar,Ishita Kumar,Telugu,Hyderabad,Telangana,India,ritu.kumar.24cs0780@univ.edu,+91 9728330158,Ritu@0780
23CS0781,Nandini Naidu,Female,B.Tech CSE,3rd Year,8.3,24,92,82,14,Ankit Naidu,Keerthi Naidu,Gujarati,Surat,Gujarat,India,nandini.naidu.23cs0781@univ.edu,+91 9783024695,Nandini@0781
23CS0782,Manish Das,Male,B.Tech CSE,3rd Year,7.34,24,70,74,28,Manish Das,Nandini Das,Hindi,Patna,Bihar,India,manish.das.23cs0782@univ.edu,+91 9194549403,Manish@0782
24IT0783,Dhruv Singh,Male,B.Tech IT,2nd Year,7.61,22,72,71,27,Suraj Singh,Pooja Singh,Kannada,Bengaluru,Karnataka,India,dhruv.singh.24it0783@univ.edu,+91 9661926785,Dhruv@0783
23AI0784,Sai Chauhan,Male,B.Tech AI&DS,3rd Year,6.57,24,76,71,29,Siddharth Chauhan,Aishwarya Chauhan,Hindi,Patna,Bihar,India,sai.chauhan.23ai0784@univ.edu,+91 9055464661,Sai@0784
23EC0785,Srikanth Pillai,Male,B.Tech ECE,3rd Year,6.72,22,69,58,34,Ajay Pillai,Shruti Pillai,Hindi,Patna,Bihar,India,srikanth.pillai.23ec0785@univ.edu,+91 9709132123,Srikanth@0785
23AI0786,Neha Chatterjee,Female,B.Tech AI&DS,3rd Year,6.94,22,76,67,29,Vikram Chatterjee,Nandini Chatterjee,Hindi,Lucknow,Uttar Pradesh,India,neha.chatterjee.23ai0786@univ.edu,+91 9104031858,Neha@0786
23EC0787,Sunita Kumar,Female,B.Tech ECE,3rd Year,8.28,24,90,86,14,Vishal Kumar,Rashmi Kumar,Punjabi,Chandigarh,Punjab,India,sunita.kumar.23ec0787@univ.edu,+91 9225521538,Sunita@0787
24IT0788,Kavya Nair,Female,B.Tech IT,2nd Year,7.61,24,76,60,28,Dhruv Nair,Swati Nair,Telugu,Visakhapatnam,Andhra Pradesh,India,kavya.nair.24it0788@univ.edu,+91 9664657323,Kavya@0788
24EE0789,Yash Joshi,Male,B.Tech EEE,2nd Year,9.58,24,87,95,8,Karthik Joshi,Swati Joshi,Telugu,Visakhapatnam,Andhra Pradesh,India,yash.joshi.24ee0789@univ.edu,+91 9372952982,Yash@0789
24AI0790,Komal Iyer,Female,B.Tech AI&DS,2nd Year,9.38,24,95,83,8,Ajay Iyer,Ankita Iyer,Gujarati,Surat,Gujarat,India,komal.iyer.24ai0790@univ.edu,+91 9643336344,Komal@0790
22CS0791,Karthik Chatterjee,Male,B.Tech CSE,4th Year,9.54,24,96,80,8,Abhishek Chatterjee,Aditi Chatterjee,Telugu,Visakhapatnam,Andhra Pradesh,India,karthik.chatterjee.22cs0791@univ.edu,+91 9177723833,Karthik@0791
23EE0792,Mayank Chauhan,Male,B.Tech EEE,3rd Year,6.69,24,69,64,33,Ishan Chauhan,Samyuktha Chauhan,Marathi,Pune,Maharashtra,India,mayank.chauhan.23ee0792@univ.edu,+91 9748099284,Mayank@0792
23EE0793,Mayank Kapoor,Male,B.Tech EEE,3rd Year,8.04,24,96,85,12,Siddharth Kapoor,Keerthi Kapoor,Malayalam,Kochi,Kerala,India,mayank.kapoor.23ee0793@univ.edu,+91 9048976013,Mayank@0793
23IT0794,Ankit Sharma,Male,B.Tech IT,3rd Year,9.78,24,86,84,10,Srikanth Sharma,Priya Sharma,Kannada,Bengaluru,Karnataka,India,ankit.sharma.23it0794@univ.edu,+91 9574016932,Ankit@0794
23EC0795,Rakesh Naidu,Male,B.Tech ECE,3rd Year,9.6,24,92,87,8,Tanmay Naidu,Anushka Naidu,Telugu,Vijayawada,Andhra Pradesh,India,rakesh.naidu.23ec0795@univ.edu,+91 9348574326,Rakesh@0795
23IT0796,Ananya Shetty,Female,B.Tech IT,3rd Year,8.01,24,97,90,11,Gopi Shetty,Sneha Shetty,Kannada,Mysuru,Karnataka,India,ananya.shetty.23it0796@univ.edu,+91 9702038944,Ananya@0796
23IT0797,Ishan Yadav,Male,B.Tech IT,3rd Year,6.69,24,75,65,30,Sanjay Yadav,Samyuktha Yadav,Tamil,Coimbatore,Tamil Nadu,India,ishan.yadav.23it0797@univ.edu,+91 9779843791,Ishan@0797
23CS0798,Varun Malhotra,Male,B.Tech CSE,3rd Year,8.18,24,84,93,15,Lokesh Malhotra,Meera Malhotra,Kannada,Mysuru,Karnataka,India,varun.malhotra.23cs0798@univ.edu,+91 9783273181,Varun@0798
24EC0799,Ankit Patel,Male,B.Tech ECE,2nd Year,6.59,23,71,65,32,Suraj Patel,Soundarya Patel,Kannada,Mysuru,Karnataka,India,ankit.patel.24ec0799@univ.edu,+91 9976172033,Ankit@0799
24EE0800,Aditi Nair,Female,B.Tech EEE,2nd Year,4.54,18,54,30,55,Aarav Nair,Soundarya Nair,Punjabi,Chandigarh,Punjab,India,aditi.nair.24ee0800@univ.edu,+91 9141926172,Aditi@0800
24IT0801,Rohan Das,Male,B.Tech IT,2nd Year,9.51,24,89,80,11,Vikram Das,Shalini Das,Telugu,Hyderabad,Telangana,India,rohan.das.24it0801@univ.edu,+91 9217241211,Rohan@0801
23IT0802,Dev Shah,Male,B.Tech IT,3rd Year,7.33,22,77,75,25,Yash Shah,Ishita Shah,Malayalam,Thiruvananthapuram,Kerala,India,dev.shah.23it0802@univ.edu,+91 9022771813,Dev@0802
24EC0803,Deepika Dubey,Female,B.Tech ECE,2nd Year,4.55,21,49,43,54,Ajay Dubey,Ishita Dubey,Hindi,Jaipur,Rajasthan,India,deepika.dubey.24ec0803@univ.edu,+91 9158244325,Deepika@0803
24AI0804,Ankit Deshmukh,Male,B.Tech AI&DS,2nd Year,6.93,22,73,68,30,Gautam Deshmukh,Shreya Deshmukh,Gujarati,Surat,Gujarat,India,ankit.deshmukh.24ai0804@univ.edu,+91 9387076952,Ankit@0804
24EE0805,Kavya Sharma,Female,B.Tech EEE,2nd Year,7.32,24,71,62,30,Harish Sharma,Ankita Sharma,Kannada,Mysuru,Karnataka,India,kavya.sharma.24ee0805@univ.edu,+91 9737833207,Kavya@0805
23CS0806,Ankit Shetty,Male,B.Tech CSE,3rd Year,9.38,24,81,82,14,Vishal Shetty,Anushka Shetty,Gujarati,Surat,Gujarat,India,ankit.shetty.23cs0806@univ.edu,+91 9835139248,Ankit@0806
23AI0807,Lavanya Singh,Female,B.Tech AI&DS,3rd Year,6.32,19,55,38,46,Yash Singh,Divya Singh,Punjabi,Chandigarh,Punjab,India,lavanya.singh.23ai0807@univ.edu,+91 9097116745,Lavanya@0807
23AI0808,Karthik Mishra,Male,B.Tech AI&DS,3rd Year,9.0,24,92,98,7,Kunal Mishra,Nandini Mishra,Malayalam,Thiruvananthapuram,Kerala,India,karthik.mishra.23ai0808@univ.edu,+91 9358055473,Karthik@0808
23AI0809,Manish Chauhan,Male,B.Tech AI&DS,3rd Year,8.57,24,86,96,12,Shreyas Chauhan,Ritika Chauhan,Hindi,Delhi,Delhi NCR,India,manish.chauhan.23ai0809@univ.edu,+91 9767640638,Manish@0809
24CS0810,Dev Deshmukh,Male,B.Tech CSE,2nd Year,8.52,24,79,93,15,Aarav Deshmukh,Neha Deshmukh,Marathi,Mumbai,Maharashtra,India,dev.deshmukh.24cs0810@univ.edu,+91 9143444042,Dev@0810
24EC0811,Priya Shetty,Female,B.Tech ECE,2nd Year,9.74,24,96,91,5,Lokesh Shetty,Ishita Shetty,Malayalam,Kochi,Kerala,India,priya.shetty.24ec0811@univ.edu,+91 9260379610,Priya@0811
24IT0812,Siddharth Verma,Male,B.Tech IT,2nd Year,8.54,24,92,81,13,Varun Verma,Ritu Verma,Hindi,Patna,Bihar,India,siddharth.verma.24it0812@univ.edu,+91 9711619517,Siddharth@0812
24IT0813,Megha Naidu,Female,B.Tech IT,2nd Year,4.52,19,44,43,56,Vishal Naidu,Ishita Naidu,Kannada,Bengaluru,Karnataka,India,megha.naidu.24it0813@univ.edu,+91 9821861006,Megha@0813
23EC0814,Karthik Tripathi,Male,B.Tech ECE,3rd Year,8.37,24,79,82,19,Deepak Tripathi,Komal Tripathi,Marathi,Nagpur,Maharashtra,India,karthik.tripathi.23ec0814@univ.edu,+91 9064425366,Karthik@0814
24IT0815,Pooja Naidu,Female,B.Tech IT,2nd Year,8.91,24,93,86,10,Suraj Naidu,Nandini Naidu,Telugu,Hyderabad,Telangana,India,pooja.naidu.24it0815@univ.edu,+91 9986930045,Pooja@0815
24AI0816,Harini Deshmukh,Female,B.Tech AI&DS,2nd Year,7.39,24,71,70,28,Rohan Deshmukh,Ankita Deshmukh,Tamil,Madurai,Tamil Nadu,India,harini.deshmukh.24ai0816@univ.edu,+91 9060126132,Harini@0816
24EE0817,Naveen Yadav,Male,B.Tech EEE,2nd Year,7.49,22,75,63,28,Lokesh Yadav,Megha Yadav,Hindi,Patna,Bihar,India,naveen.yadav.24ee0817@univ.edu,+91 9862578964,Naveen@0817
24EC0818,Harish Joshi,Male,B.Tech ECE,2nd Year,7.86,24,89,87,15,Rahul Joshi,Preethi Joshi,Telugu,Warangal,Telangana,India,harish.joshi.24ec0818@univ.edu,+91 9174762655,Harish@0818
24EE0819,Rahul Menon,Male,B.Tech EEE,2nd Year,8.28,24,80,80,19,Tarun Menon,Swati Menon,Hindi,Indore,Madhya Pradesh,India,rahul.menon.24ee0819@univ.edu,+91 9612164669,Rahul@0819
24CS0820,Archana Malhotra,Female,B.Tech CSE,2nd Year,5.93,22,53,42,48,Rohan Malhotra,Harini Malhotra,Malayalam,Thiruvananthapuram,Kerala,India,archana.malhotra.24cs0820@univ.edu,+91 9209254786,Archana@0820
24IT0821,Suraj Shetty,Male,B.Tech IT,2nd Year,5.97,22,67,30,45,Ajay Shetty,Payal Shetty,Malayalam,Thiruvananthapuram,Kerala,India,suraj.shetty.24it0821@univ.edu,+91 9854772900,Suraj@0821
24EC0822,Dhruv Sharma,Male,B.Tech ECE,2nd Year,9.71,24,81,85,12,Lokesh Sharma,Kavya Sharma,Kannada,Bengaluru,Karnataka,India,dhruv.sharma.24ec0822@univ.edu,+91 9949619495,Dhruv@0822
23EE0823,Varun Chowdary,Male,B.Tech EEE,3rd Year,7.53,22,78,71,25,Karthik Chowdary,Bhavana Chowdary,Gujarati,Ahmedabad,Gujarat,India,varun.chowdary.23ee0823@univ.edu,+91 9956360294,Varun@0823
24IT0824,Ritu Kulkarni,Female,B.Tech IT,2nd Year,4.77,22,42,39,57,Dev Kulkarni,Ritika Kulkarni,Kannada,Bengaluru,Karnataka,India,ritu.kulkarni.24it0824@univ.edu,+91 9931507186,Ritu@0824
23CS0825,Kavya Saxena,Female,B.Tech CSE,3rd Year,7.19,22,73,69,28,Gautam Saxena,Keerthi Saxena,Malayalam,Thiruvananthapuram,Kerala,India,kavya.saxena.23cs0825@univ.edu,+91 9076379467,Kavya@0825
23AI0826,Lokesh Bose,Male,B.Tech AI&DS,3rd Year,8.78,24,97,89,8,Prakash Bose,Rhea Bose,Hindi,Indore,Madhya Pradesh,India,lokesh.bose.23ai0826@univ.edu,+91 9922347724,Lokesh@0826
23IT0827,Ajay Roy,Male,B.Tech IT,3rd Year,7.97,24,90,91,13,Mayank Roy,Pavitra Roy,Marathi,Mumbai,Maharashtra,India,ajay.roy.23it0827@univ.edu,+91 9543251546,Ajay@0827
22CS0828,Aditya Roy,Male,B.Tech CSE,4th Year,6.85,24,70,63,32,Tanmay Roy,Ananya Roy,Tamil,Coimbatore,Tamil Nadu,India,aditya.roy.22cs0828@univ.edu,+91 9428724081,Aditya@0828
24AI0829,Aishwarya Chauhan,Female,B.Tech AI&DS,2nd Year,8.02,24,93,83,14,Lokesh Chauhan,Vaishnavi Chauhan,Marathi,Mumbai,Maharashtra,India,aishwarya.chauhan.24ai0829@univ.edu,+91 9785740776,Aishwarya@0829
23IT0830,Suraj Jain,Male,B.Tech IT,3rd Year,7.08,22,78,73,26,Rahul Jain,Lavanya Jain,Malayalam,Thiruvananthapuram,Kerala,India,suraj.jain.23it0830@univ.edu,+91 9298902947,Suraj@0830
24AI0831,Shreyas Singh,Male,B.Tech AI&DS,2nd Year,9.35,24,98,79,8,Pranav Singh,Lavanya Singh,Bengali,Kolkata,West Bengal,India,shreyas.singh.24ai0831@univ.edu,+91 9868156321,Shreyas@0831
24IT0832,Harish Malhotra,Male,B.Tech IT,2nd Year,6.6,23,71,60,34,Arjun Malhotra,Nandini Malhotra,Tamil,Chennai,Tamil Nadu,India,harish.malhotra.24it0832@univ.edu,+91 9434938971,Harish@0832
24EE0833,Prakash Mehta,Male,B.Tech EEE,2nd Year,9.59,24,81,91,11,Gopi Mehta,Meera Mehta,Odia,Bhubaneswar,Odisha,India,prakash.mehta.24ee0833@univ.edu,+91 9367240263,Prakash@0833
23IT0834,Harini Chowdary,Female,B.Tech IT,3rd Year,9.73,24,84,91,10,Yash Chowdary,Megha Chowdary,Marathi,Nagpur,Maharashtra,India,harini.chowdary.23it0834@univ.edu,+91 9380848036,Harini@0834
22CS0835,Archana Chauhan,Female,B.Tech CSE,4th Year,9.03,24,97,88,8,Abhishek Chauhan,Divya Chauhan,Hindi,Lucknow,Uttar Pradesh,India,archana.chauhan.22cs0835@univ.edu,+91 9713032149,Archana@0835
23IT0836,Lavanya Reddy,Female,B.Tech IT,3rd Year,5.27,18,63,46,45,Kunal Reddy,Lavanya Reddy,Kannada,Bengaluru,Karnataka,India,lavanya.reddy.23it0836@univ.edu,+91 9483784000,Lavanya@0836
24EE0837,Rhea Shah,Female,B.Tech EEE,2nd Year,9.35,24,96,97,5,Pranav Shah,Swati Shah,Telugu,Visakhapatnam,Andhra Pradesh,India,rhea.shah.24ee0837@univ.edu,+91 9405398280,Rhea@0837
24EE0838,Pranav Joshi,Male,B.Tech EEE,2nd Year,7.1,24,73,61,31,Vishal Joshi,Sneha Joshi,Marathi,Mumbai,Maharashtra,India,pranav.joshi.24ee0838@univ.edu,+91 9535937468,Pranav@0838
23AI0839,Vaishnavi Mehta,Female,B.Tech AI&DS,3rd Year,8.03,24,89,83,16,Shreyas Mehta,Nandini Mehta,Marathi,Mumbai,Maharashtra,India,vaishnavi.mehta.23ai0839@univ.edu,+91 9492658048,Vaishnavi@0839
24EE0840,Naveen Yadav,Male,B.Tech EEE,2nd Year,7.26,22,75,61,29,Harish Yadav,Ritu Yadav,Hindi,Delhi,Delhi NCR,India,naveen.yadav.24ee0840@univ.edu,+91 9865371229,Naveen@0840
23EE0841,Kavya Patel,Female,B.Tech EEE,3rd Year,9.07,24,82,94,12,Kunal Patel,Pavitra Patel,Telugu,Warangal,Telangana,India,kavya.patel.23ee0841@univ.edu,+91 9624094803,Kavya@0841
24IT0842,Keerthi Mehta,Female,B.Tech IT,2nd Year,7.53,23,72,61,30,Lokesh Mehta,Sunita Mehta,Hindi,Indore,Madhya Pradesh,India,keerthi.mehta.24it0842@univ.edu,+91 9852283874,Keerthi@0842
23CS0843,Simran Agarwal,Female,B.Tech CSE,3rd Year,6.87,24,73,71,29,Mayank Agarwal,Keerthi Agarwal,Tamil,Coimbatore,Tamil Nadu,India,simran.agarwal.23cs0843@univ.edu,+91 9259367110,Simran@0843
24CS0844,Ajay Sharma,Male,B.Tech CSE,2nd Year,8.43,24,98,83,11,Vishal Sharma,Ankita Sharma,Kannada,Bengaluru,Karnataka,India,ajay.sharma.24cs0844@univ.edu,+91 9614381587,Ajay@0844
24AI0845,Shruti Yadav,Female,B.Tech AI&DS,2nd Year,8.66,24,97,98,6,Suraj Yadav,Priya Yadav,Hindi,Lucknow,Uttar Pradesh,India,shruti.yadav.24ai0845@univ.edu,+91 9419201365,Shruti@0845
24EC0846,Meera Agarwal,Female,B.Tech ECE,2nd Year,8.81,24,83,98,11,Siddharth Agarwal,Deepika Agarwal,Marathi,Nagpur,Maharashtra,India,meera.agarwal.24ec0846@univ.edu,+91 9619477895,Meera@0846
23IT0847,Anushka Yadav,Female,B.Tech IT,3rd Year,5.69,19,42,48,51,Rohan Yadav,Kavya Yadav,Tamil,Chennai,Tamil Nadu,India,anushka.yadav.23it0847@univ.edu,+91 9029869705,Anushka@0847
23EE0848,Shalini Gupta,Female,B.Tech EEE,3rd Year,8.17,24,90,98,11,Karthik Gupta,Vaishnavi Gupta,Telugu,Hyderabad,Telangana,India,shalini.gupta.23ee0848@univ.edu,+91 9964122707,Shalini@0848
23IT0849,Abhishek Dubey,Male,B.Tech IT,3rd Year,7.25,22,71,76,27,Gopi Dubey,Priya Dubey,Hindi,Indore,Madhya Pradesh,India,abhishek.dubey.23it0849@univ.edu,+91 9119111815,Abhishek@0849
24CS0850,Ishan Iyer,Male,B.Tech CSE,2nd Year,6.1,21,57,36,47,Gopi Iyer,Meera Iyer,Malayalam,Kochi,Kerala,India,ishan.iyer.24cs0850@univ.edu,+91 9108095435,Ishan@0850
23CS0851,Arjun Mehta,Male,B.Tech CSE,3rd Year,9.58,24,91,98,6,Rahul Mehta,Neha Mehta,Bengali,Kolkata,West Bengal,India,arjun.mehta.23cs0851@univ.edu,+91 9975282275,Arjun@0851
24EC0852,Gautam Mishra,Male,B.Tech ECE,2nd Year,9.75,24,82,89,11,Dev Mishra,Soundarya Mishra,Kannada,Mysuru,Karnataka,India,gautam.mishra.24ec0852@univ.edu,+91 9519595468,Gautam@0852
24CS0853,Soundarya Dubey,Female,B.Tech CSE,2nd Year,7.14,24,69,74,29,Gopi Dubey,Shreya Dubey,Hindi,Jaipur,Rajasthan,India,soundarya.dubey.24cs0853@univ.edu,+91 9817075631,Soundarya@0853
24IT0854,Vishal Iyer,Male,B.Tech IT,2nd Year,6.29,20,64,38,43,Karthik Iyer,Aishwarya Iyer,Malayalam,Thiruvananthapuram,Kerala,India,vishal.iyer.24it0854@univ.edu,+91 9517087085,Vishal@0854
23EE0855,Rohan Shetty,Male,B.Tech EEE,3rd Year,9.64,24,91,86,8,Kunal Shetty,Nandini Shetty,Gujarati,Ahmedabad,Gujarat,India,rohan.shetty.23ee0855@univ.edu,+91 9185713869,Rohan@0855
22CS0856,Srikanth Agarwal,Male,B.Tech CSE,4th Year,7.64,23,72,73,26,Dhruv Agarwal,Harini Agarwal,Hindi,Indore,Madhya Pradesh,India,srikanth.agarwal.22cs0856@univ.edu,+91 9947960840,Srikanth@0856
24EC0857,Ishan Das,Male,B.Tech ECE,2nd Year,6.95,23,74,60,31,Akash Das,Nandini Das,Hindi,Lucknow,Uttar Pradesh,India,ishan.das.24ec0857@univ.edu,+91 9179582303,Ishan@0857
23EE0858,Payal Bose,Female,B.Tech EEE,3rd Year,6.64,23,69,68,32,Ishan Bose,Ankita Bose,Malayalam,Kochi,Kerala,India,payal.bose.23ee0858@univ.edu,+91 9849218518,Payal@0858
23IT0859,Manish Rao,Male,B.Tech IT,3rd Year,7.33,22,74,68,28,Varun Rao,Lavanya Rao,Marathi,Mumbai,Maharashtra,India,manish.rao.23it0859@univ.edu,+91 9499694347,Manish@0859
24EE0860,Lavanya Deshmukh,Female,B.Tech EEE,2nd Year,6.62,24,72,66,32,Ankit Deshmukh,Soundarya Deshmukh,Marathi,Pune,Maharashtra,India,lavanya.deshmukh.24ee0860@univ.edu,+91 9652732351,Lavanya@0860
23AI0861,Divya Sinha,Female,B.Tech AI&DS,3rd Year,7.1,23,76,66,28,Sanjay Sinha,Swati Sinha,Malayalam,Thiruvananthapuram,Kerala,India,divya.sinha.23ai0861@univ.edu,+91 9128053407,Divya@0861
23EC0862,Gautam Naidu,Male,B.Tech ECE,3rd Year,7.69,23,78,72,24,Dev Naidu,Sneha Naidu,Tamil,Coimbatore,Tamil Nadu,India,gautam.naidu.23ec0862@univ.edu,+91 9140722504,Gautam@0862
24EE0863,Aditi Sharma,Female,B.Tech EEE,2nd Year,9.25,24,92,86,9,Arjun Sharma,Divya Sharma,Malayalam,Thiruvananthapuram,Kerala,India,aditi.sharma.24ee0863@univ.edu,+91 9340579806,Aditi@0863
23EE0864,Aditi Gupta,Female,B.Tech EEE,3rd Year,7.09,23,76,61,30,Samar Gupta,Priya Gupta,Gujarati,Surat,Gujarat,India,aditi.gupta.23ee0864@univ.edu,+91 9663547759,Aditi@0864
24CS0865,Siddharth Verma,Male,B.Tech CSE,2nd Year,6.73,24,70,69,31,Sanjay Verma,Nandini Verma,Telugu,Warangal,Telangana,India,siddharth.verma.24cs0865@univ.edu,+91 9005305741,Siddharth@0865
24CS0866,Priya Bose,Female,B.Tech CSE,2nd Year,7.45,23,78,70,25,Tarun Bose,Divya Bose,Telugu,Visakhapatnam,Andhra Pradesh,India,priya.bose.24cs0866@univ.edu,+91 9750185649,Priya@0866
24AI0867,Karthik Ghosh,Male,B.Tech AI&DS,2nd Year,9.07,24,92,81,11,Sanjay Ghosh,Ishita Ghosh,Kannada,Bengaluru,Karnataka,India,karthik.ghosh.24ai0867@univ.edu,+91 9560239511,Karthik@0867
23AI0868,Dev Malhotra,Male,B.Tech AI&DS,3rd Year,5.06,20,66,32,48,Yash Malhotra,Aishwarya Malhotra,Malayalam,Thiruvananthapuram,Kerala,India,dev.malhotra.23ai0868@univ.edu,+91 9599701160,Dev@0868
24CS0869,Shruti Menon,Female,B.Tech CSE,2nd Year,5.39,19,48,42,51,Sai Menon,Neha Menon,Gujarati,Surat,Gujarat,India,shruti.menon.24cs0869@univ.edu,+91 9523605451,Shruti@0869
23EE0870,Pranav Ghosh,Male,B.Tech EEE,3rd Year,8.01,24,95,82,13,Tarun Ghosh,Vaishnavi Ghosh,Hindi,Indore,Madhya Pradesh,India,pranav.ghosh.23ee0870@univ.edu,+91 9234918423,Pranav@0870
24EE0871,Ritu Shah,Female,B.Tech EEE,2nd Year,4.81,22,55,39,51,Suraj Shah,Swati Shah,Hindi,Indore,Madhya Pradesh,India,ritu.shah.24ee0871@univ.edu,+91 9696195906,Ritu@0871
24CS0872,Lokesh Nair,Male,B.Tech CSE,2nd Year,7.29,23,76,72,26,Lokesh Nair,Meera Nair,Telugu,Hyderabad,Telangana,India,lokesh.nair.24cs0872@univ.edu,+91 9285162989,Lokesh@0872
23EC0873,Tanmay Gupta,Male,B.Tech ECE,3rd Year,8.47,24,95,92,9,Varun Gupta,Aditi Gupta,Tamil,Chennai,Tamil Nadu,India,tanmay.gupta.23ec0873@univ.edu,+91 9292690066,Tanmay@0873
24AI0874,Sai Chauhan,Male,B.Tech AI&DS,2nd Year,7.14,24,73,73,28,Abhishek Chauhan,Aditi Chauhan,Malayalam,Kochi,Kerala,India,sai.chauhan.24ai0874@univ.edu,+91 9465537242,Sai@0874
24CS0875,Sai Kulkarni,Male,B.Tech CSE,2nd Year,7.93,24,86,81,18,Sai Kulkarni,Pooja Kulkarni,Telugu,Warangal,Telangana,India,sai.kulkarni.24cs0875@univ.edu,+91 9295772367,Sai@0875
23AI0876,Samar Agarwal,Male,B.Tech AI&DS,3rd Year,9.37,24,84,89,11,Siddharth Agarwal,Samyuktha Agarwal,Telugu,Warangal,Telangana,India,samar.agarwal.23ai0876@univ.edu,+91 9683865325,Samar@0876
24CS0877,Ishan Chatterjee,Male,B.Tech CSE,2nd Year,9.51,24,88,85,10,Mayank Chatterjee,Pavitra Chatterjee,Kannada,Mysuru,Karnataka,India,ishan.chatterjee.24cs0877@univ.edu,+91 9182785838,Ishan@0877
23IT0878,Rahul Chowdary,Male,B.Tech IT,3rd Year,8.47,24,92,83,13,Varun Chowdary,Ananya Chowdary,Gujarati,Ahmedabad,Gujarat,India,rahul.chowdary.23it0878@univ.edu,+91 9283287655,Rahul@0878
23EE0879,Tanvi Reddy,Female,B.Tech EEE,3rd Year,8.75,24,86,79,15,Dhruv Reddy,Ananya Reddy,Gujarati,Surat,Gujarat,India,tanvi.reddy.23ee0879@univ.edu,+91 9879315574,Tanvi@0879
24EE0880,Ankit Deshmukh,Male,B.Tech EEE,2nd Year,5.9,21,67,44,42,Varun Deshmukh,Deepika Deshmukh,Hindi,Indore,Madhya Pradesh,India,ankit.deshmukh.24ee0880@univ.edu,+91 9789001603,Ankit@0880
23AI0881,Shreyas Bose,Male,B.Tech AI&DS,3rd Year,9.22,24,88,94,9,Lokesh Bose,Ananya Bose,Marathi,Mumbai,Maharashtra,India,shreyas.bose.23ai0881@univ.edu,+91 9831641272,Shreyas@0881
23CS0882,Soundarya Malhotra,Female,B.Tech CSE,3rd Year,7.53,23,75,62,28,Nikhil Malhotra,Sneha Malhotra,Odia,Bhubaneswar,Odisha,India,soundarya.malhotra.23cs0882@univ.edu,+91 9534543293,Soundarya@0882
24EC0883,Dev Jain,Male,B.Tech ECE,2nd Year,9.08,24,91,86,10,Rohan Jain,Swati Jain,Punjabi,Chandigarh,Punjab,India,dev.jain.24ec0883@univ.edu,+91 9941826234,Dev@0883
24EE0884,Shalini Shah,Female,B.Tech EEE,2nd Year,7.63,23,75,66,27,Rakesh Shah,Bhavana Shah,Tamil,Madurai,Tamil Nadu,India,shalini.shah.24ee0884@univ.edu,+91 9204625841,Shalini@0884
24EE0885,Nikhil Hegde,Male,B.Tech EEE,2nd Year,8.38,24,90,78,15,Lokesh Hegde,Archana Hegde,Marathi,Nagpur,Maharashtra,India,nikhil.hegde.24ee0885@univ.edu,+91 9535718802,Nikhil@0885
23IT0886,Ishita Kapoor,Female,B.Tech IT,3rd Year,6.58,22,73,67,31,Tanmay Kapoor,Tanvi Kapoor,Hindi,Lucknow,Uttar Pradesh,India,ishita.kapoor.23it0886@univ.edu,+91 9487326515,Ishita@0886
24CS0887,Ankit Ghosh,Male,B.Tech CSE,2nd Year,7.9,24,79,82,20,Tarun Ghosh,Ananya Ghosh,Gujarati,Surat,Gujarat,India,ankit.ghosh.24cs0887@univ.edu,+91 9376043961,Ankit@0887
24IT0888,Payal Yadav,Female,B.Tech IT,2nd Year,8.66,24,85,80,16,Srikanth Yadav,Ishita Yadav,Hindi,Patna,Bihar,India,payal.yadav.24it0888@univ.edu,+91 9312246300,Payal@0888
23IT0889,Yash Shetty,Male,B.Tech IT,3rd Year,8.99,24,88,83,13,Suraj Shetty,Deepika Shetty,Marathi,Nagpur,Maharashtra,India,yash.shetty.23it0889@univ.edu,+91 9605491190,Yash@0889
24IT0890,Sanjay Ghosh,Male,B.Tech IT,2nd Year,8.41,24,88,87,14,Karthik Ghosh,Simran Ghosh,Tamil,Madurai,Tamil Nadu,India,sanjay.ghosh.24it0890@univ.edu,+91 9608452006,Sanjay@0890
23IT0891,Vaishnavi Dubey,Female,B.Tech IT,3rd Year,8.81,24,89,89,11,Vikram Dubey,Rhea Dubey,Marathi,Nagpur,Maharashtra,India,vaishnavi.dubey.23it0891@univ.edu,+91 9502917984,Vaishnavi@0891
23AI0892,Lokesh Mehta,Male,B.Tech AI&DS,3rd Year,7.98,24,92,82,15,Tanmay Mehta,Sneha Mehta,Telugu,Hyderabad,Telangana,India,lokesh.mehta.23ai0892@univ.edu,+91 9660575149,Lokesh@0892
23EE0893,Shruti Ghosh,Female,B.Tech EEE,3rd Year,7.91,24,88,90,15,Samar Ghosh,Shalini Ghosh,Kannada,Bengaluru,Karnataka,India,shruti.ghosh.23ee0893@univ.edu,+91 9135222578,Shruti@0893
23EE0894,Aarav Kapoor,Male,B.Tech EEE,3rd Year,6.9,23,70,61,33,Rohan Kapoor,Priya Kapoor,Telugu,Visakhapatnam,Andhra Pradesh,India,aarav.kapoor.23ee0894@univ.edu,+91 9607140225,Aarav@0894
22CS0895,Deepak Verma,Male,B.Tech CSE,4th Year,8.09,24,95,93,10,Mayank Verma,Priya Verma,Hindi,Noida,Uttar Pradesh,India,deepak.verma.22cs0895@univ.edu,+91 9146461343,Deepak@0895
24EC0896,Varun Banerjee,Male,B.Tech ECE,2nd Year,4.79,22,42,33,58,Samar Banerjee,Swati Banerjee,Gujarati,Surat,Gujarat,India,varun.banerjee.24ec0896@univ.edu,+91 9104006538,Varun@0896
22CS0897,Vikram Malhotra,Male,B.Tech CSE,4th Year,8.61,24,88,83,14,Suraj Malhotra,Priya Malhotra,Gujarati,Ahmedabad,Gujarat,India,vikram.malhotra.22cs0897@univ.edu,+91 9880759236,Vikram@0897
23EE0898,Shreyas Bose,Male,B.Tech EEE,3rd Year,8.17,24,79,85,19,Samar Bose,Shreya Bose,Odia,Bhubaneswar,Odisha,India,shreyas.bose.23ee0898@univ.edu,+91 9183368785,Shreyas@0898
23AI0899,Shreyas Joshi,Male,B.Tech AI&DS,3rd Year,8.53,24,94,86,11,Ankit Joshi,Deepika Joshi,Malayalam,Kochi,Kerala,India,shreyas.joshi.23ai0899@univ.edu,+91 9420036225,Shreyas@0899
23AI0900,Vikram Kapoor,Male,B.Tech AI&DS,3rd Year,8.58,24,97,96,7,Arjun Kapoor,Keerthi Kapoor,Kannada,Bengaluru,Karnataka,India,vikram.kapoor.23ai0900@univ.edu,+91 9325087766,Vikram@0900
23CS0901,Samar Shah,Male,B.Tech CSE,3rd Year,6.93,22,71,74,29,Lokesh Shah,Vaishnavi Shah,Kannada,Bengaluru,Karnataka,India,samar.shah.23cs0901@univ.edu,+91 9374557738,Samar@0901
24EE0902,Ankita Chauhan,Female,B.Tech EEE,2nd Year,8.48,24,97,82,11,Varun Chauhan,Pallavi Chauhan,Kannada,Mysuru,Karnataka,India,ankita.chauhan.24ee0902@univ.edu,+91 9298865449,Ankita@0902
22CS0903,Harini Agarwal,Female,B.Tech CSE,4th Year,8.95,24,84,94,12,Akash Agarwal,Megha Agarwal,Gujarati,Surat,Gujarat,India,harini.agarwal.22cs0903@univ.edu,+91 9832577261,Harini@0903
23EC0904,Anushka Kumar,Female,B.Tech ECE,3rd Year,6.12,19,42,35,53,Samar Kumar,Aditi Kumar,Hindi,Noida,Uttar Pradesh,India,anushka.kumar.23ec0904@univ.edu,+91 9103659505,Anushka@0904
24EC0905,Ritika Malhotra,Female,B.Tech ECE,2nd Year,9.26,24,84,90,11,Manish Malhotra,Deepika Malhotra,Hindi,Indore,Madhya Pradesh,India,ritika.malhotra.24ec0905@univ.edu,+91 9811548967,Ritika@0905
23EE0906,Divya Verma,Female,B.Tech EEE,3rd Year,9.01,24,90,78,13,Aditya Verma,Divya Verma,Telugu,Warangal,Telangana,India,divya.verma.23ee0906@univ.edu,+91 9991655172,Divya@0906
24AI0907,Vikram Shah,Male,B.Tech AI&DS,2nd Year,7.09,22,73,67,29,Dev Shah,Sunita Shah,Bengali,Kolkata,West Bengal,India,vikram.shah.24ai0907@univ.edu,+91 9216029059,Vikram@0907
24IT0908,Nandini Tripathi,Female,B.Tech IT,2nd Year,7.57,23,71,69,28,Arjun Tripathi,Deepika Tripathi,Hindi,Noida,Uttar Pradesh,India,nandini.tripathi.24it0908@univ.edu,+91 9610202137,Nandini@0908
23IT0909,Rahul Hegde,Male,B.Tech IT,3rd Year,8.5,24,95,97,8,Pranav Hegde,Archana Hegde,Tamil,Chennai,Tamil Nadu,India,rahul.hegde.23it0909@univ.edu,+91 9966105387,Rahul@0909
23AI0910,Rhea Rao,Female,B.Tech AI&DS,3rd Year,9.36,24,83,87,12,Akash Rao,Divya Rao,Bengali,Kolkata,West Bengal,India,rhea.rao.23ai0910@univ.edu,+91 9108354512,Rhea@0910
23EE0911,Siddharth Verma,Male,B.Tech EEE,3rd Year,8.58,24,87,89,13,Siddharth Verma,Keerthi Verma,Telugu,Hyderabad,Telangana,India,siddharth.verma.23ee0911@univ.edu,+91 9072963783,Siddharth@0911
22CS0912,Tanvi Chatterjee,Female,B.Tech CSE,4th Year,8.42,24,95,97,8,Manish Chatterjee,Ankita Chatterjee,Hindi,Noida,Uttar Pradesh,India,tanvi.chatterjee.22cs0912@univ.edu,+91 9060825536,Tanvi@0912
23AI0913,Hemanth Ghosh,Male,B.Tech AI&DS,3rd Year,6.74,22,73,59,32,Arjun Ghosh,Pooja Ghosh,Bengali,Kolkata,West Bengal,India,hemanth.ghosh.23ai0913@univ.edu,+91 9219293841,Hemanth@0913
23IT0914,Deepak Verma,Male,B.Tech IT,3rd Year,8.49,24,80,80,18,Dev Verma,Pavitra Verma,Telugu,Vijayawada,Andhra Pradesh,India,deepak.verma.23it0914@univ.edu,+91 9446934486,Deepak@0914
23EE0915,Pavitra Gupta,Female,B.Tech EEE,3rd Year,5.46,20,57,50,46,Srikanth Gupta,Pooja Gupta,Kannada,Bengaluru,Karnataka,India,pavitra.gupta.23ee0915@univ.edu,+91 9463336308,Pavitra@0915
24CS0916,Siddharth Patel,Male,B.Tech CSE,2nd Year,9.16,24,91,78,12,Abhishek Patel,Shalini Patel,Hindi,Indore,Madhya Pradesh,India,siddharth.patel.24cs0916@univ.edu,+91 9593238019,Siddharth@0916
23IT0917,Akash Chauhan,Male,B.Tech IT,3rd Year,6.64,23,76,69,29,Harish Chauhan,Sunita Chauhan,Hindi,Patna,Bihar,India,akash.chauhan.23it0917@univ.edu,+91 9207925415,Akash@0917
24IT0918,Sai Kulkarni,Male,B.Tech IT,2nd Year,8.94,24,96,78,11,Aarav Kulkarni,Aishwarya Kulkarni,Hindi,Noida,Uttar Pradesh,India,sai.kulkarni.24it0918@univ.edu,+91 9937651285,Sai@0918
24CS0919,Priya Rao,Female,B.Tech CSE,2nd Year,5.64,20,53,37,50,Naveen Rao,Keerthi Rao,Gujarati,Ahmedabad,Gujarat,India,priya.rao.24cs0919@univ.edu,+91 9139281757,Priya@0919
24CS0920,Megha Iyer,Female,B.Tech CSE,2nd Year,9.6,24,90,85,9,Shreyas Iyer,Neha Iyer,Tamil,Madurai,Tamil Nadu,India,megha.iyer.24cs0920@univ.edu,+91 9476249422,Megha@0920
24EC0921,Preethi Yadav,Female,B.Tech ECE,2nd Year,8.01,24,95,89,12,Srikanth Yadav,Lavanya Yadav,Hindi,Jaipur,Rajasthan,India,preethi.yadav.24ec0921@univ.edu,+91 9966824388,Preethi@0921
24EC0922,Samar Saxena,Male,B.Tech ECE,2nd Year,6.75,24,77,69,28,Karthik Saxena,Ankita Saxena,Tamil,Chennai,Tamil Nadu,India,samar.saxena.24ec0922@univ.edu,+91 9876581035,Samar@0922
23AI0923,Pooja Kulkarni,Female,B.Tech AI&DS,3rd Year,8.36,24,87,90,13,Arjun Kulkarni,Ritika Kulkarni,Telugu,Warangal,Telangana,India,pooja.kulkarni.23ai0923@univ.edu,+91 9322565839,Pooja@0923
23EC0924,Kavya Verma,Female,B.Tech ECE,3rd Year,6.77,22,69,70,31,Arjun Verma,Ritu Verma,Gujarati,Surat,Gujarat,India,kavya.verma.23ec0924@univ.edu,+91 9708589816,Kavya@0924
22CS0925,Sai Banerjee,Male,B.Tech CSE,4th Year,9.65,24,89,86,9,Rakesh Banerjee,Sneha Banerjee,Hindi,Indore,Madhya Pradesh,India,sai.banerjee.22cs0925@univ.edu,+91 9869992528,Sai@0925
23EC0926,Neha Patel,Female,B.Tech ECE,3rd Year,9.52,24,88,95,8,Sai Patel,Deepika Patel,Marathi,Nagpur,Maharashtra,India,neha.patel.23ec0926@univ.edu,+91 9497682057,Neha@0926
24EC0927,Dev Tripathi,Male,B.Tech ECE,2nd Year,6.84,22,69,66,32,Lokesh Tripathi,Shruti Tripathi,Marathi,Pune,Maharashtra,India,dev.tripathi.24ec0927@univ.edu,+91 9268363101,Dev@0927
23EE0928,Keerthi Hegde,Female,B.Tech EEE,3rd Year,7.44,22,73,58,30,Samar Hegde,Samyuktha Hegde,Telugu,Visakhapatnam,Andhra Pradesh,India,keerthi.hegde.23ee0928@univ.edu,+91 9329526162,Keerthi@0928
23IT0929,Lavanya Bose,Female,B.Tech IT,3rd Year,6.34,22,43,45,49,Arjun Bose,Komal Bose,Gujarati,Ahmedabad,Gujarat,India,lavanya.bose.23it0929@univ.edu,+91 9233906600,Lavanya@0929
23EC0930,Dhruv Gupta,Male,B.Tech ECE,3rd Year,6.81,22,73,73,29,Prakash Gupta,Meera Gupta,Telugu,Vijayawada,Andhra Pradesh,India,dhruv.gupta.23ec0930@univ.edu,+91 9244189202,Dhruv@0930
24CS0931,Ishita Roy,Female,B.Tech CSE,2nd Year,8.96,24,93,79,12,Aditya Roy,Meera Roy,Telugu,Warangal,Telangana,India,ishita.roy.24cs0931@univ.edu,+91 9594217022,Ishita@0931
24EC0932,Priya Bose,Female,B.Tech ECE,2nd Year,8.27,24,98,81,12,Rakesh Bose,Shalini Bose,Odia,Bhubaneswar,Odisha,India,priya.bose.24ec0932@univ.edu,+91 9083192595,Priya@0932
24CS0933,Hemanth Pandey,Male,B.Tech CSE,2nd Year,6.59,23,75,71,29,Sanjay Pandey,Archana Pandey,Tamil,Chennai,Tamil Nadu,India,hemanth.pandey.24cs0933@univ.edu,+91 9153630427,Hemanth@0933
23EC0934,Ishan Pillai,Male,B.Tech ECE,3rd Year,9.04,24,88,83,12,Vishal Pillai,Megha Pillai,Bengali,Kolkata,West Bengal,India,ishan.pillai.23ec0934@univ.edu,+91 9395461170,Ishan@0934
24CS0935,Varun Ghosh,Male,B.Tech CSE,2nd Year,9.37,24,95,89,7,Pranav Ghosh,Lavanya Ghosh,Hindi,Lucknow,Uttar Pradesh,India,varun.ghosh.24cs0935@univ.edu,+91 9230713535,Varun@0935
23IT0936,Dhruv Sharma,Male,B.Tech IT,3rd Year,8.93,24,86,96,10,Rohan Sharma,Divya Sharma,Hindi,Indore,Madhya Pradesh,India,dhruv.sharma.23it0936@univ.edu,+91 9676805644,Dhruv@0936
22CS0937,Ajay Dubey,Male,B.Tech CSE,4th Year,8.68,24,95,86,10,Ishan Dubey,Megha Dubey,Telugu,Visakhapatnam,Andhra Pradesh,India,ajay.dubey.22cs0937@univ.edu,+91 9209404989,Ajay@0937
24EC0938,Keerthi Kulkarni,Female,B.Tech ECE,2nd Year,9.19,24,82,92,12,Vishal Kulkarni,Aishwarya Kulkarni,Hindi,Indore,Madhya Pradesh,India,keerthi.kulkarni.24ec0938@univ.edu,+91 9786836215,Keerthi@0938
23CS0939,Simran Pillai,Female,B.Tech CSE,3rd Year,9.01,24,94,92,8,Mayank Pillai,Divya Pillai,Hindi,Delhi,Delhi NCR,India,simran.pillai.23cs0939@univ.edu,+91 9844287643,Simran@0939
24EE0940,Dev Kumar,Male,B.Tech EEE,2nd Year,8.32,24,98,87,10,Ajay Kumar,Rashmi Kumar,Hindi,Indore,Madhya Pradesh,India,dev.kumar.24ee0940@univ.edu,+91 9366759935,Dev@0940
24AI0941,Rohan Mehta,Male,B.Tech AI&DS,2nd Year,7.83,24,93,81,15,Kunal Mehta,Swati Mehta,Hindi,Noida,Uttar Pradesh,India,rohan.mehta.24ai0941@univ.edu,+91 9449495817,Rohan@0941
24CS0942,Tanmay Malhotra,Male,B.Tech CSE,2nd Year,8.06,24,81,94,16,Harish Malhotra,Sneha Malhotra,Telugu,Visakhapatnam,Andhra Pradesh,India,tanmay.malhotra.24cs0942@univ.edu,+91 9986363938,Tanmay@0942
23IT0943,Harish Shetty,Male,B.Tech IT,3rd Year,8.47,24,82,88,16,Tanmay Shetty,Shruti Shetty,Hindi,Patna,Bihar,India,harish.shetty.23it0943@univ.edu,+91 9635094668,Harish@0943
22CS0944,Deepika Sharma,Female,B.Tech CSE,4th Year,8.38,24,92,93,11,Prakash Sharma,Simran Sharma,Marathi,Mumbai,Maharashtra,India,deepika.sharma.22cs0944@univ.edu,+91 9751741358,Deepika@0944
24EE0945,Naveen Ghosh,Male,B.Tech EEE,2nd Year,8.56,24,93,92,10,Aarav Ghosh,Rashmi Ghosh,Kannada,Bengaluru,Karnataka,India,naveen.ghosh.24ee0945@univ.edu,+91 9189754082,Naveen@0945
24CS0946,Dhruv Das,Male,B.Tech CSE,2nd Year,6.2,22,58,48,43,Kunal Das,Bhavana Das,Malayalam,Kochi,Kerala,India,dhruv.das.24cs0946@univ.edu,+91 9906308344,Dhruv@0946
23AI0947,Keerthi Bhat,Female,B.Tech AI&DS,3rd Year,6.18,19,65,53,39,Naveen Bhat,Ishita Bhat,Hindi,Indore,Madhya Pradesh,India,keerthi.bhat.23ai0947@univ.edu,+91 9462286280,Keerthi@0947
24EC0948,Dev Roy,Male,B.Tech ECE,2nd Year,5.42,19,50,37,52,Ankit Roy,Tanvi Roy,Marathi,Mumbai,Maharashtra,India,dev.roy.24ec0948@univ.edu,+91 9309751772,Dev@0948
24CS0949,Anushka Naidu,Female,B.Tech CSE,2nd Year,6.09,19,59,54,42,Srikanth Naidu,Ishita Naidu,Odia,Bhubaneswar,Odisha,India,anushka.naidu.24cs0949@univ.edu,+91 9029366972,Anushka@0949
24EE0950,Pooja Dubey,Female,B.Tech EEE,2nd Year,7.63,23,73,76,25,Kunal Dubey,Sneha Dubey,Telugu,Hyderabad,Telangana,India,pooja.dubey.24ee0950@univ.edu,+91 9786075025,Pooja@0950
24EC0951,Karthik Kapoor,Male,B.Tech ECE,2nd Year,8.33,24,94,82,13,Hemanth Kapoor,Komal Kapoor,Hindi,Patna,Bihar,India,karthik.kapoor.24ec0951@univ.edu,+91 9298986845,Karthik@0951
22CS0952,Shreya Shetty,Female,B.Tech CSE,4th Year,6.83,24,74,74,28,Rahul Shetty,Lavanya Shetty,Tamil,Coimbatore,Tamil Nadu,India,shreya.shetty.22cs0952@univ.edu,+91 9834346335,Shreya@0952
24AI0953,Sanjay Sharma,Male,B.Tech AI&DS,2nd Year,7.29,24,77,59,29,Nikhil Sharma,Lavanya Sharma,Hindi,Patna,Bihar,India,sanjay.sharma.24ai0953@univ.edu,+91 9673542196,Sanjay@0953
24AI0954,Karthik Ghosh,Male,B.Tech AI&DS,2nd Year,9.43,24,94,93,6,Abhishek Ghosh,Anushka Ghosh,Odia,Bhubaneswar,Odisha,India,karthik.ghosh.24ai0954@univ.edu,+91 9303439088,Karthik@0954
24IT0955,Rohan Tripathi,Male,B.Tech IT,2nd Year,9.22,24,85,79,14,Rahul Tripathi,Ritika Tripathi,Marathi,Nagpur,Maharashtra,India,rohan.tripathi.24it0955@univ.edu,+91 9448995177,Rohan@0955
24EE0956,Pavitra Chauhan,Female,B.Tech EEE,2nd Year,9.56,24,84,85,12,Rakesh Chauhan,Megha Chauhan,Bengali,Kolkata,West Bengal,India,pavitra.chauhan.24ee0956@univ.edu,+91 9939566054,Pavitra@0956
23AI0957,Kunal Saxena,Male,B.Tech AI&DS,3rd Year,6.33,20,45,54,46,Yash Saxena,Keerthi Saxena,Hindi,Delhi,Delhi NCR,India,kunal.saxena.23ai0957@univ.edu,+91 9450535651,Kunal@0957
24AI0958,Lavanya Kulkarni,Female,B.Tech AI&DS,2nd Year,9.19,24,90,82,11,Lokesh Kulkarni,Lavanya Kulkarni,Kannada,Mysuru,Karnataka,India,lavanya.kulkarni.24ai0958@univ.edu,+91 9830734482,Lavanya@0958
24AI0959,Ritika Naidu,Female,B.Tech AI&DS,2nd Year,7.92,24,92,88,13,Ankit Naidu,Samyuktha Naidu,Telugu,Hyderabad,Telangana,India,ritika.naidu.24ai0959@univ.edu,+91 9280896497,Ritika@0959
23AI0960,Simran Agarwal,Female,B.Tech AI&DS,3rd Year,6.91,23,72,59,32,Gopi Agarwal,Priya Agarwal,Marathi,Pune,Maharashtra,India,simran.agarwal.23ai0960@univ.edu,+91 9480645869,Simran@0960
24EE0961,Dev Chowdary,Male,B.Tech EEE,2nd Year,9.01,24,83,78,16,Hemanth Chowdary,Pavitra Chowdary,Hindi,Indore,Madhya Pradesh,India,dev.chowdary.24ee0961@univ.edu,+91 9775487184,Dev@0961
23EC0962,Akash Gupta,Male,B.Tech ECE,3rd Year,8.22,24,95,95,9,Tanmay Gupta,Divya Gupta,Hindi,Indore,Madhya Pradesh,India,akash.gupta.23ec0962@univ.edu,+91 9213073127,Akash@0962
23IT0963,Shalini Agarwal,Female,B.Tech IT,3rd Year,9.27,24,96,78,10,Vishal Agarwal,Bhavana Agarwal,Kannada,Mysuru,Karnataka,India,shalini.agarwal.23it0963@univ.edu,+91 9038735200,Shalini@0963
23EE0964,Ankita Nair,Female,B.Tech EEE,3rd Year,6.78,22,69,65,32,Aditya Nair,Tanvi Nair,Gujarati,Surat,Gujarat,India,ankita.nair.23ee0964@univ.edu,+91 9292549808,Ankita@0964
23IT0965,Ritu Agarwal,Female,B.Tech IT,3rd Year,7.84,24,92,95,12,Rahul Agarwal,Divya Agarwal,Telugu,Vijayawada,Andhra Pradesh,India,ritu.agarwal.23it0965@univ.edu,+91 9649476211,Ritu@0965
24AI0966,Deepika Ghosh,Female,B.Tech AI&DS,2nd Year,8.4,24,79,92,16,Tarun Ghosh,Lavanya Ghosh,Hindi,Lucknow,Uttar Pradesh,India,deepika.ghosh.24ai0966@univ.edu,+91 9217611709,Deepika@0966
23AI0967,Dev Malhotra,Male,B.Tech AI&DS,3rd Year,8.36,24,96,87,11,Rohan Malhotra,Aishwarya Malhotra,Marathi,Nagpur,Maharashtra,India,dev.malhotra.23ai0967@univ.edu,+91 9974598680,Dev@0967
24AI0968,Payal Kulkarni,Female,B.Tech AI&DS,2nd Year,8.7,24,82,96,13,Suraj Kulkarni,Preethi Kulkarni,Gujarati,Surat,Gujarat,India,payal.kulkarni.24ai0968@univ.edu,+91 9026727441,Payal@0968
23EC0969,Siddharth Shah,Male,B.Tech ECE,3rd Year,6.61,22,70,63,33,Vikram Shah,Harini Shah,Hindi,Noida,Uttar Pradesh,India,siddharth.shah.23ec0969@univ.edu,+91 9928601684,Siddharth@0969
24CS0970,Rashmi Kulkarni,Female,B.Tech CSE,2nd Year,9.32,24,97,79,9,Samar Kulkarni,Megha Kulkarni,Marathi,Pune,Maharashtra,India,rashmi.kulkarni.24cs0970@univ.edu,+91 9823998576,Rashmi@0970
24EC0971,Ajay Banerjee,Male,B.Tech ECE,2nd Year,8.34,24,79,84,18,Sanjay Banerjee,Archana Banerjee,Telugu,Visakhapatnam,Andhra Pradesh,India,ajay.banerjee.24ec0971@univ.edu,+91 9810715800,Ajay@0971
23AI0972,Ritika Dubey,Female,B.Tech AI&DS,3rd Year,8.83,24,94,80,11,Manish Dubey,Lavanya Dubey,Bengali,Kolkata,West Bengal,India,ritika.dubey.23ai0972@univ.edu,+91 9989163602,Ritika@0972
24IT0973,Rahul Chauhan,Male,B.Tech IT,2nd Year,7.54,22,76,61,28,Nikhil Chauhan,Shreya Chauhan,Kannada,Mysuru,Karnataka,India,rahul.chauhan.24it0973@univ.edu,+91 9950801429,Rahul@0973
24AI0974,Gautam Tripathi,Male,B.Tech AI&DS,2nd Year,6.64,24,73,67,31,Tanmay Tripathi,Simran Tripathi,Punjabi,Chandigarh,Punjab,India,gautam.tripathi.24ai0974@univ.edu,+91 9989957980,Gautam@0974
23EC0975,Samyuktha Tripathi,Female,B.Tech ECE,3rd Year,7.46,24,72,69,28,Gautam Tripathi,Ishita Tripathi,Hindi,Noida,Uttar Pradesh,India,samyuktha.tripathi.23ec0975@univ.edu,+91 9649096026,Samyuktha@0975
24EC0976,Lokesh Menon,Male,B.Tech ECE,2nd Year,4.84,18,55,45,50,Nikhil Menon,Megha Menon,Kannada,Mysuru,Karnataka,India,lokesh.menon.24ec0976@univ.edu,+91 9006015564,Lokesh@0976
22CS0977,Abhishek Joshi,Male,B.Tech CSE,4th Year,5.63,20,56,32,50,Deepak Joshi,Deepika Joshi,Gujarati,Ahmedabad,Gujarat,India,abhishek.joshi.22cs0977@univ.edu,+91 9683268661,Abhishek@0977
24CS0978,Aishwarya Shetty,Female,B.Tech CSE,2nd Year,8.53,24,88,90,12,Ankit Shetty,Nandini Shetty,Tamil,Madurai,Tamil Nadu,India,aishwarya.shetty.24cs0978@univ.edu,+91 9273535066,Aishwarya@0978
24EE0979,Swati Rao,Female,B.Tech EEE,2nd Year,6.62,24,78,74,27,Pranav Rao,Samyuktha Rao,Telugu,Warangal,Telangana,India,swati.rao.24ee0979@univ.edu,+91 9692381075,Swati@0979
23EE0980,Bhavana Sinha,Female,B.Tech EEE,3rd Year,7.44,22,69,64,30,Samar Sinha,Megha Sinha,Punjabi,Chandigarh,Punjab,India,bhavana.sinha.23ee0980@univ.edu,+91 9998093609,Bhavana@0980
23IT0981,Ishita Singh,Female,B.Tech IT,3rd Year,8.07,24,80,92,17,Sanjay Singh,Divya Singh,Telugu,Hyderabad,Telangana,India,ishita.singh.23it0981@univ.edu,+91 9456775928,Ishita@0981
24EE0982,Lavanya Banerjee,Female,B.Tech EEE,2nd Year,7.35,23,75,69,27,Tanmay Banerjee,Aditi Banerjee,Tamil,Coimbatore,Tamil Nadu,India,lavanya.banerjee.24ee0982@univ.edu,+91 9900492963,Lavanya@0982
24EE0983,Nikhil Gupta,Male,B.Tech EEE,2nd Year,8.68,24,96,86,10,Srikanth Gupta,Ishita Gupta,Kannada,Mysuru,Karnataka,India,nikhil.gupta.24ee0983@univ.edu,+91 9735907840,Nikhil@0983
24IT0984,Harish Shetty,Male,B.Tech IT,2nd Year,9.03,24,85,84,13,Lokesh Shetty,Pallavi Shetty,Marathi,Mumbai,Maharashtra,India,harish.shetty.24it0984@univ.edu,+91 9410660521,Harish@0984
23AI0985,Aarav Joshi,Male,B.Tech AI&DS,3rd Year,7.99,24,89,89,14,Abhishek Joshi,Ananya Joshi,Hindi,Jaipur,Rajasthan,India,aarav.joshi.23ai0985@univ.edu,+91 9983340385,Aarav@0985
24EC0986,Aarav Naidu,Male,B.Tech ECE,2nd Year,6.83,24,73,59,32,Srikanth Naidu,Megha Naidu,Bengali,Kolkata,West Bengal,India,aarav.naidu.24ec0986@univ.edu,+91 9884039248,Aarav@0986
23AI0987,Yash Naidu,Male,B.Tech AI&DS,3rd Year,8.54,24,80,97,14,Yash Naidu,Shalini Naidu,Kannada,Mysuru,Karnataka,India,yash.naidu.23ai0987@univ.edu,+91 9960209876,Yash@0987
23CS0988,Meera Kumar,Female,B.Tech CSE,3rd Year,8.43,24,80,95,15,Sai Kumar,Komal Kumar,Telugu,Warangal,Telangana,India,meera.kumar.23cs0988@univ.edu,+91 9297939907,Meera@0988
23CS0989,Swati Roy,Female,B.Tech CSE,3rd Year,9.24,24,97,89,7,Sanjay Roy,Tanvi Roy,Odia,Bhubaneswar,Odisha,India,swati.roy.23cs0989@univ.edu,+91 9554416338,Swati@0989
24CS0990,Suraj Mehta,Male,B.Tech CSE,2nd Year,8.15,24,81,79,19,Mayank Mehta,Ishita Mehta,Tamil,Chennai,Tamil Nadu,India,suraj.mehta.24cs0990@univ.edu,+91 9295843204,Suraj@0990
24IT0991,Payal Mehta,Female,B.Tech IT,2nd Year,7.06,24,74,60,31,Srikanth Mehta,Sunita Mehta,Malayalam,Kochi,Kerala,India,payal.mehta.24it0991@univ.edu,+91 9998872869,Payal@0991
24IT0992,Hemanth Gupta,Male,B.Tech IT,2nd Year,9.33,24,79,78,16,Sanjay Gupta,Rashmi Gupta,Kannada,Mysuru,Karnataka,India,hemanth.gupta.24it0992@univ.edu,+91 9233566606,Hemanth@0992
23IT0993,Vaishnavi Gupta,Female,B.Tech IT,3rd Year,7.35,23,75,63,29,Abhishek Gupta,Rhea Gupta,Odia,Bhubaneswar,Odisha,India,vaishnavi.gupta.23it0993@univ.edu,+91 9150781347,Vaishnavi@0993
23IT0994,Simran Deshmukh,Female,B.Tech IT,3rd Year,6.82,23,76,73,27,Naveen Deshmukh,Keerthi Deshmukh,Tamil,Chennai,Tamil Nadu,India,simran.deshmukh.23it0994@univ.edu,+91 9621370276,Simran@0994
24IT0995,Nikhil Shah,Male,B.Tech IT,2nd Year,9.79,24,85,91,9,Akash Shah,Ishita Shah,Hindi,Noida,Uttar Pradesh,India,nikhil.shah.24it0995@univ.edu,+91 9372504153,Nikhil@0995
23EC0996,Keerthi Menon,Female,B.Tech ECE,3rd Year,6.81,24,76,61,31,Mayank Menon,Neha Menon,Telugu,Vijayawada,Andhra Pradesh,India,keerthi.menon.23ec0996@univ.edu,+91 9706878792,Keerthi@0996
23AI0997,Megha Kumar,Female,B.Tech AI&DS,3rd Year,8.44,24,80,81,18,Dev Kumar,Ritu Kumar,Marathi,Mumbai,Maharashtra,India,megha.kumar.23ai0997@univ.edu,+91 9675890502,Megha@0997
23AI0998,Aarav Chowdary,Male,B.Tech AI&DS,3rd Year,6.87,24,74,72,28,Deepak Chowdary,Deepika Chowdary,Malayalam,Thiruvananthapuram,Kerala,India,aarav.chowdary.23ai0998@univ.edu,+91 9199888553,Aarav@0998
23AI0999,Komal Roy,Female,B.Tech AI&DS,3rd Year,9.25,24,87,97,9,Suraj Roy,Megha Roy,Punjabi,Chandigarh,Punjab,India,komal.roy.23ai0999@univ.edu,+91 9362794021,Komal@0999
24CS1000,Suraj Banerjee,Male,B.Tech CSE,2nd Year,9.71,24,87,90,9,Mayank Banerjee,Deepika Banerjee,Hindi,Indore,Madhya Pradesh,India,suraj.banerjee.24cs1000@univ.edu,+91 9636810563,Suraj@1000
